codigo_siafi;processo_compra_siad;numero_empenho;data_empenho;razao_social_credor;cnpj_cpf_credor;categoria_economica_codigo;categoria_economica_descricao;grupo_despesa_codigo;grupo_despesa_descricao;codigo_elemento;elemento_despesa;modalidade_aplicacao_codigo;modalidade_aplicacao_descricao;codigo_item;item_despesa;codigo_fonte;fonte_recurso;valor_empenhado;valor_inscrito_rpp;valor_inscrito_rpnp;valor_liquidado_rp;valor_cancelado_rpp;valor_cancelado_rpnp;valor_restabelecido_rpp;valor_restabelecido_rpnp;valor_pago_rpp;valor_pago_rpnp
9241504;1251855 000039/2022;467;2023-03-09;MQS SOLUCOES EM AUTOMACAO INDUSTRIAL LTDA;12.715.096/0001-53;4;DESPESAS DE CAPITAL;4;INVESTIMENTOS;51;OBRAS E INSTALACOES;90;APLICACOES DIRETAS;3;EXECUCAO DE OBRAS POR CONTRATO DE BENS PATRIMONIAVEIS;1;CONVENIOS COM A UNIAO E SUAS ENTIDADES - EMENDAS INDIVIDUAIS;156755,21;0,0;156755,21;156755,21;0,0;0,0;0;0,0;0,0;131674,38
9241504;1251855 000039/2022;768;2023-06-13;MQS SOLUCOES EM AUTOMACAO INDUSTRIAL LTDA;12.715.096/0001-53;4;DESPESAS DE CAPITAL;4;INVESTIMENTOS;51;OBRAS E INSTALACOES;90;APLICACOES DIRETAS;3;EXECUCAO DE OBRAS POR CONTRATO DE BENS PATRIMONIAVEIS;97;TRANSFERENCIAS ESPECIAIS DE RECURSOS DA UNIAO;11545,6;0,0;11545,6;11545,6;0,0;0,0;0;0,0;0,0;9698,3
9241504;1251855 000039/2022;769;2023-06-13;MQS SOLUCOES EM AUTOMACAO INDUSTRIAL LTDA;12.715.096/0001-53;4;DESPESAS DE CAPITAL;4;INVESTIMENTOS;51;OBRAS E INSTALACOES;90;APLICACOES DIRETAS;3;EXECUCAO DE OBRAS POR CONTRATO DE BENS PATRIMONIAVEIS;97;TRANSFERENCIAS ESPECIAIS DE RECURSOS DA UNIAO;96086,67;0,0;96086,67;96086,67;0,0;0,0;0;0,0;0,0;80712,81
9256228;1250071 000062/2020;201;2020-10-15;TAIT COMUNICACOES BRASIL LTDA;67.116.715/0001-85;4;DESPESAS DE CAPITAL;4;INVESTIMENTOS;52;EQUIPAMENTOS E MATERIAL PERMANENTE;90;APLICACOES DIRETAS;6;EQUIPAMENTOS DE COMUNICACAO E TELEFONIA;97;TRANSFERENCIAS ESPECIAIS DE RECURSOS DA UNIAO;5250,0;0,0;5250,0;5250,0;0,0;0,0;0;0,0;0,0;5250,0
9256228;1250072 000021/2020;132;2020-12-11;HPE AUTOMOTORES DO BRASIL LTDA;54.305.743/0011-70;4;DESPESAS DE CAPITAL;4;INVESTIMENTOS;52;EQUIPAMENTOS E MATERIAL PERMANENTE;90;APLICACOES DIRETAS;17;VEICULOS;97;TRANSFERENCIAS ESPECIAIS DE RECURSOS DA UNIAO;161000,0;0,0;161000,0;161000,0;0,0;0,0;0;0,0;0,0;161000,0
9256228;1250084 000104/2020;141;2020-10-06;COMPANHIA BRASILEIRA DE CARTUCHOS;57.494.031/0010-54;4;DESPESAS DE CAPITAL;4;INVESTIMENTOS;52;EQUIPAMENTOS E MATERIAL PERMANENTE;90;APLICACOES DIRETAS;3;ARMAMENTO E EQUIPAMENTO DE USO POLICIAL;97;TRANSFERENCIAS ESPECIAIS DE RECURSOS DA UNIAO;0,0;8968,23;0,0;0,0;0,0;0,0;0;0,0;8968,23;0,0
9256229;1501561 000047/2021;1;2021-12-10;FAGUNDEZ DISTRIBUICAO LTDA;07.953.689/0001-18;4;DESPESAS DE CAPITAL;4;INVESTIMENTOS;52;EQUIPAMENTOS E MATERIAL PERMANENTE;90;APLICACOES DIRETAS;7;EQUIPAMENTOS DE INFORMATICA;97;TRANSFERENCIAS ESPECIAIS DE RECURSOS DA UNIAO;14912,85;0,0;14912,85;14912,85;0,0;0,0;0;0,0;0,0;14912,85
9256229;1501561 000047/2021;2;2021-12-10;POSITIVO TECNOLOGIA S.A.;81.243.735/0009-03;4;DESPESAS DE CAPITAL;4;INVESTIMENTOS;52;EQUIPAMENTOS E MATERIAL PERMANENTE;90;APLICACOES DIRETAS;7;EQUIPAMENTOS DE INFORMATICA;97;TRANSFERENCIAS ESPECIAIS DE RECURSOS DA UNIAO;19835,0;0,0;19835,0;19835,0;0,0;0,0;0;0,0;0,0;19835,0
9259519;0000000 000000/0000;381;2020-12-30;PM SANTA RITA DO SAPUCAI;18.192.898/0001-02;4;DESPESAS DE CAPITAL;4;INVESTIMENTOS;42;AUXILIOS;40;TRANSFERENCIAS A MUNICIPIOS;1;AUXILIOS;97;TRANSFERENCIAS ESPECIAIS DE RECURSOS DA UNIAO;0,0;700000,0;0,0;0,0;0,0;0,0;0;0,0;700000,0;0,0
9259519;0000000 000000/0000;460;2021-12-30;PM DIVINOPOLIS;18.291.351/0001-64;4;DESPESAS DE CAPITAL;4;INVESTIMENTOS;42;AUXILIOS;40;TRANSFERENCIAS A MUNICIPIOS;1;AUXILIOS;97;TRANSFERENCIAS ESPECIAIS DE RECURSOS DA UNIAO;0,0;320000,0;0,0;0,0;0,0;0,0;0;0,0;320000,0;0,0
9259519;0000000 000000/0000;461;2021-12-30;PM DIVINOPOLIS;18.291.351/0001-64;4;DESPESAS DE CAPITAL;4;INVESTIMENTOS;42;AUXILIOS;40;TRANSFERENCIAS A MUNICIPIOS;1;AUXILIOS;97;TRANSFERENCIAS ESPECIAIS DE RECURSOS DA UNIAO;0,0;300000,0;0,0;0,0;0,0;0,0;0;0,0;300000,0;0,0
9259519;0000000 000000/0000;462;2021-12-30;PM DIVINOPOLIS;18.291.351/0001-64;4;DESPESAS DE CAPITAL;4;INVESTIMENTOS;42;AUXILIOS;40;TRANSFERENCIAS A MUNICIPIOS;1;AUXILIOS;97;TRANSFERENCIAS ESPECIAIS DE RECURSOS DA UNIAO;0,0;180000,0;0,0;0,0;0,0;0,0;0;0,0;180000,0;0,0
9259519;0000000 000000/0000;463;2021-12-30;PM DIVINOPOLIS;18.291.351/0001-64;4;DESPESAS DE CAPITAL;4;INVESTIMENTOS;42;AUXILIOS;40;TRANSFERENCIAS A MUNICIPIOS;1;AUXILIOS;97;TRANSFERENCIAS ESPECIAIS DE RECURSOS DA UNIAO;0,0;200000,0;0,0;0,0;0,0;0,0;0;0,0;200000,0;0,0
9270218;1259968 000022/2022;1655;2023-08-04;CONSTRUTORA ANDRADE & TEIXEIRA LTDA;04.535.778/0001-56;4;DESPESAS DE CAPITAL;4;INVESTIMENTOS;51;OBRAS E INSTALACOES;90;APLICACOES DIRETAS;3;EXECUCAO DE OBRAS POR CONTRATO DE BENS PATRIMONIAVEIS;1;CONVENIOS COM A UNIAO E SUAS ENTIDADES - EMENDAS INDIVIDUAIS;462793,49;0,0;528358,86;462793,49;0,0;65565,37;0;0,0;0,0;457239,98
9270218;1259968 000022/2022;2881;2022-12-29;CONSTRUTORA ANDRADE & TEIXEIRA LTDA;04.535.778/0001-56;4;DESPESAS DE CAPITAL;4;INVESTIMENTOS;51;OBRAS E INSTALACOES;90;APLICACOES DIRETAS;3;EXECUCAO DE OBRAS POR CONTRATO DE BENS PATRIMONIAVEIS;10;RECURSOS ORDINARIOS;37127,26;0,0;37127,26;37127,26;0,0;0,0;0;0,0;0,0;37127,26
9270218;1259968 000022/2022;2882;2022-12-29;CONSTRUTORA ANDRADE & TEIXEIRA LTDA;04.535.778/0001-56;4;DESPESAS DE CAPITAL;4;INVESTIMENTOS;51;OBRAS E INSTALACOES;90;APLICACOES DIRETAS;3;EXECUCAO DE OBRAS POR CONTRATO DE BENS PATRIMONIAVEIS;24;CONVENIOS, ACORDOS E AJUSTES PROVENIENTES DA UNIAO E SUAS ENTIDADES;345710,0;0,0;345710,0;345710,0;0,0;0,0;0;0,0;0,0;345294,19
9270218;1259968 000022/2022;2883;2022-12-29;CONSTRUTORA ANDRADE & TEIXEIRA LTDA;04.535.778/0001-56;4;DESPESAS DE CAPITAL;4;INVESTIMENTOS;51;OBRAS E INSTALACOES;90;APLICACOES DIRETAS;3;EXECUCAO DE OBRAS POR CONTRATO DE BENS PATRIMONIAVEIS;97;TRANSFERENCIAS ESPECIAIS DE RECURSOS DA UNIAO;703931,13;0,0;891786,62;703931,13;0,0;30923,28;0;0,0;0,0;696705,27
9270221;1259968 000023/2022;2244;2022-10-25;WATT CONSTRUTORA LTDA;37.513.162/0001-33;4;DESPESAS DE CAPITAL;4;INVESTIMENTOS;51;OBRAS E INSTALACOES;90;APLICACOES DIRETAS;3;EXECUCAO DE OBRAS POR CONTRATO DE BENS PATRIMONIAVEIS;24;CONVENIOS, ACORDOS E AJUSTES PROVENIENTES DA UNIAO E SUAS ENTIDADES;600000,0;0,0;778568,22;600000,0;0,0;0,0;0;0,0;0,0;567857,19
9270221;1259968 000023/2022;2245;2022-10-25;WATT CONSTRUTORA LTDA;37.513.162/0001-33;4;DESPESAS DE CAPITAL;4;INVESTIMENTOS;51;OBRAS E INSTALACOES;90;APLICACOES DIRETAS;3;EXECUCAO DE OBRAS POR CONTRATO DE BENS PATRIMONIAVEIS;10;RECURSOS ORDINARIOS;50444,47;0,0;50444,47;50444,47;0,0;0,0;0;0,0;0,0;47922,24
9270221;1259968 000023/2022;2248;2022-10-26;WATT CONSTRUTORA LTDA;37.513.162/0001-33;4;DESPESAS DE CAPITAL;4;INVESTIMENTOS;51;OBRAS E INSTALACOES;90;APLICACOES DIRETAS;3;EXECUCAO DE OBRAS POR CONTRATO DE BENS PATRIMONIAVEIS;97;TRANSFERENCIAS ESPECIAIS DE RECURSOS DA UNIAO;260836,22;0,0;434995,04;260836,22;0,0;28922,51;0;0,0;0,0;246398,64
9270222;1254266 000083/2023;330;2024-06-05;FELIPE ARAUJO DE CARVALHO;32.058.918/0001-88;4;DESPESAS DE CAPITAL;4;INVESTIMENTOS;51;OBRAS E INSTALACOES;90;APLICACOES DIRETAS;3;EXECUCAO DE OBRAS POR CONTRATO DE BENS PATRIMONIAVEIS;97;TRANSFERENCIAS ESPECIAIS DE RECURSOS DA UNIAO - RECURSOS RECEBIDOS ATE 2023;101221,29;0,0;110513,62;101221,29;0,0;9292,33;0;0,0;0,0;99196,86
9270222;1254266 000083/2023;336;2024-06-06;FELIPE ARAUJO DE CARVALHO;32.058.918/0001-88;4;DESPESAS DE CAPITAL;4;INVESTIMENTOS;51;OBRAS E INSTALACOES;90;APLICACOES DIRETAS;3;EXECUCAO DE OBRAS POR CONTRATO DE BENS PATRIMONIAVEIS;1;CONVENIOS COM A UNIAO E SUAS ENTIDADES - EMENDAS INDIVIDUAIS;71599,77;0,0;78172,76;71599,77;0,0;6572,99;0;0,0;0,0;70167,77
9290319;1301017 000061/2018;1;2021-12-30;EFICIENCIA CONSTRUTORA LTDA;04.764.300/0001-06;4;DESPESAS DE CAPITAL;4;INVESTIMENTOS;51;OBRAS E INSTALACOES;90;APLICACOES DIRETAS;3;EXECUCAO DE OBRAS POR CONTRATO DE BENS PATRIMONIAVEIS;97;TRANSFERENCIAS ESPECIAIS DE RECURSOS DA UNIAO;1994879,97;0,0;2647312,6;1994879,97;0,0;5120,03;0;0,0;0,0;1924786,85
9290581;1401269 000080/2021;580;2021-12-30;LS SERVICOS DE INFORMATICA E ELETRONICA LTDA;10.793.812/0001-95;4;DESPESAS DE CAPITAL;4;INVESTIMENTOS;52;EQUIPAMENTOS E MATERIAL PERMANENTE;90;APLICACOES DIRETAS;7;EQUIPAMENTOS DE INFORMATICA;97;TRANSFERENCIAS ESPECIAIS DE RECURSOS DA UNIAO;4345,84;0,0;4345,84;4345,84;0,0;0,0;0;0,0;0,0;4345,84
9290581;1401269 000080/2021;581;2021-12-30;MULTIREDE DISTRIBUIDORA LTDA;01.115.345/0001-53;4;DESPESAS DE CAPITAL;4;INVESTIMENTOS;52;EQUIPAMENTOS E MATERIAL PERMANENTE;90;APLICACOES DIRETAS;7;EQUIPAMENTOS DE INFORMATICA;97;TRANSFERENCIAS ESPECIAIS DE RECURSOS DA UNIAO;16800,0;0,0;16800,0;16800,0;0,0;0,0;0;0,0;0,0;16800,0
9290581;1401269 000080/2021;583;2021-12-30;INVICTUS TECNOLOGIA EIRELI;34.499.979/0001-06;4;DESPESAS DE CAPITAL;4;INVESTIMENTOS;52;EQUIPAMENTOS E MATERIAL PERMANENTE;90;APLICACOES DIRETAS;7;EQUIPAMENTOS DE INFORMATICA;97;TRANSFERENCIAS ESPECIAIS DE RECURSOS DA UNIAO;1736,58;0,0;1736,58;1736,58;0,0;0,0;0;0,0;0,0;1736,58
9290581;1401269 000160/2021;506;2021-12-29;DELL COMPUTADORES DO BRASIL LTDA;72.381.189/0010-01;4;DESPESAS DE CAPITAL;4;INVESTIMENTOS;52;EQUIPAMENTOS E MATERIAL PERMANENTE;90;APLICACOES DIRETAS;7;EQUIPAMENTOS DE INFORMATICA;97;TRANSFERENCIAS ESPECIAIS DE RECURSOS DA UNIAO;94836,0;0,0;94836,0;94836,0;0,0;0,0;0;0,0;0,0;94836,0
9290581;1401269 000161/2021;470;2021-12-27;MOTOROLA SOLUTIONS LTDA;10.652.730/0006-35;4;DESPESAS DE CAPITAL;4;INVESTIMENTOS;52;EQUIPAMENTOS E MATERIAL PERMANENTE;90;APLICACOES DIRETAS;6;EQUIPAMENTOS DE COMUNICACAO E TELEFONIA;97;TRANSFERENCIAS ESPECIAIS DE RECURSOS DA UNIAO;168000,0;0,0;336000,0;168000,0;0,0;0,0;0;0,0;0,0;168000,0
9290581;1401269 000168/2021;503;2021-12-29;MICROSENS S/A;78.126.950/0011-26;4;DESPESAS DE CAPITAL;4;INVESTIMENTOS;52;EQUIPAMENTOS E MATERIAL PERMANENTE;90;APLICACOES DIRETAS;7;EQUIPAMENTOS DE INFORMATICA;97;TRANSFERENCIAS ESPECIAIS DE RECURSOS DA UNIAO;3100,0;0,0;3100,0;3100,0;0,0;0,0;0;0,0;0,0;3100,0
9290581;1401269 000168/2021;522;2021-12-29;POSITIVO TECNOLOGIA S.A.;81.243.735/0019-77;4;DESPESAS DE CAPITAL;4;INVESTIMENTOS;52;EQUIPAMENTOS E MATERIAL PERMANENTE;90;APLICACOES DIRETAS;7;EQUIPAMENTOS DE INFORMATICA;97;TRANSFERENCIAS ESPECIAIS DE RECURSOS DA UNIAO;8435,14;0,0;8435,14;8435,14;0,0;0,0;0;0,0;0,0;8435,14
9290582;1401269 000150/2021;465;2021-12-27;3M DO BRASIL LTDA;45.985.371/0001-08;4;DESPESAS DE CAPITAL;4;INVESTIMENTOS;52;EQUIPAMENTOS E MATERIAL PERMANENTE;90;APLICACOES DIRETAS;26;EQUIPAMENTOS DE PROTECAO, SEGURANCA E SOCORRO;97;TRANSFERENCIAS ESPECIAIS DE RECURSOS DA UNIAO;94500,0;0,0;283500,0;94500,0;0,0;0,0;0;0,0;0,0;94500,0
9290582;1401269 000150/2021;466;2021-12-27;3M DO BRASIL LTDA;45.985.371/0001-08;4;DESPESAS DE CAPITAL;4;INVESTIMENTOS;52;EQUIPAMENTOS E MATERIAL PERMANENTE;90;APLICACOES DIRETAS;26;EQUIPAMENTOS DE PROTECAO, SEGURANCA E SOCORRO;97;TRANSFERENCIAS ESPECIAIS DE RECURSOS DA UNIAO;441000,0;0,0;1323000,0;441000,0;0,0;0,0;0;0,0;0,0;441000,0
9290582;1401269 000154/2021;434;2021-12-14;AFTER LIMITS COMERCIO DE EQUIPAMENTOS DE RESGATE LTDA;26.342.129/0001-71;4;DESPESAS DE CAPITAL;4;INVESTIMENTOS;52;EQUIPAMENTOS E MATERIAL PERMANENTE;90;APLICACOES DIRETAS;10;FERRAMENTAS, EQUIP. E INSTRUMENTOS P/ OFICINA, MEDICAO E INSPECAO;97;TRANSFERENCIAS ESPECIAIS DE RECURSOS DA UNIAO;673,3;0,0;673,3;673,3;0,0;0,0;0;0,0;0,0;673,3
9290582;1401269 000154/2021;435;2021-12-14;SERGIO PROVIM & CIA LTDA;03.607.889/0001-68;4;DESPESAS DE CAPITAL;4;INVESTIMENTOS;52;EQUIPAMENTOS E MATERIAL PERMANENTE;90;APLICACOES DIRETAS;4;MAQUINAS, APARELHOS, UTENSILIOS E EQUIPAMENTOS DE USO INDUSTRIAL;97;TRANSFERENCIAS ESPECIAIS DE RECURSOS DA UNIAO;23657,0;0,0;23657,0;23657,0;0,0;0,0;0;0,0;0,0;23657,0
9290582;1401269 000154/2021;436;2021-12-14;RESGATECNICA COMERCIO DE EQUIPAMENTOS DE RESGATE LTDA;15.453.449/0001-82;4;DESPESAS DE CAPITAL;4;INVESTIMENTOS;52;EQUIPAMENTOS E MATERIAL PERMANENTE;90;APLICACOES DIRETAS;26;EQUIPAMENTOS DE PROTECAO, SEGURANCA E SOCORRO;97;TRANSFERENCIAS ESPECIAIS DE RECURSOS DA UNIAO;140000,0;0,0;140000,0;140000,0;0,0;0,0;0;0,0;0,0;140000,0
9290582;1401269 000154/2021;437;2021-12-14;AFTER LIMITS COMERCIO DE EQUIPAMENTOS DE RESGATE LTDA;26.342.129/0001-71;4;DESPESAS DE CAPITAL;4;INVESTIMENTOS;52;EQUIPAMENTOS E MATERIAL PERMANENTE;90;APLICACOES DIRETAS;4;MAQUINAS, APARELHOS, UTENSILIOS E EQUIPAMENTOS DE USO INDUSTRIAL;97;TRANSFERENCIAS ESPECIAIS DE RECURSOS DA UNIAO;192000,0;0,0;192000,0;192000,0;0,0;0,0;0;0,0;0,0;192000,0
9290582;1402027 000022/2022;1059;2022-09-27;LOGGERAIS, INDUSTRIA, COMERCIO E DISTRIBUIDORA LTDA - ME;09.368.381/0001-30;4;DESPESAS DE CAPITAL;4;INVESTIMENTOS;52;EQUIPAMENTOS E MATERIAL PERMANENTE;90;APLICACOES DIRETAS;14;MOBILIARIO;97;TRANSFERENCIAS ESPECIAIS DE RECURSOS DA UNIAO;22236,0;0,0;22236,0;22236,0;0,0;0,0;0;0,0;0,0;22236,0
9290582;1402027 000027/2022;1411;2022-12-27;ABADE & CAPELLI INDUSTRIA E COMERCIO DE MOVEIS LTDA - ME;20.323.529/0001-53;4;DESPESAS DE CAPITAL;4;INVESTIMENTOS;52;EQUIPAMENTOS E MATERIAL PERMANENTE;90;APLICACOES DIRETAS;14;MOBILIARIO;97;TRANSFERENCIAS ESPECIAIS DE RECURSOS DA UNIAO;17503,92;0,0;17503,92;17503,92;0,0;0,0;0;0,0;0,0;17503,92
9290582;1402027 000027/2022;1415;2022-12-28;LOGGERAIS, INDUSTRIA, COMERCIO E DISTRIBUIDORA LTDA - ME;09.368.381/0001-30;4;DESPESAS DE CAPITAL;4;INVESTIMENTOS;52;EQUIPAMENTOS E MATERIAL PERMANENTE;90;APLICACOES DIRETAS;14;MOBILIARIO;97;TRANSFERENCIAS ESPECIAIS DE RECURSOS DA UNIAO;15550,0;0,0;15550,0;15550,0;0,0;0,0;0;0,0;0,0;15550,0
9290583;1401269 000128/2021;429;2021-12-10;VEMINAS CAMINHOES LTDA;00.754.526/0001-67;4;DESPESAS DE CAPITAL;4;INVESTIMENTOS;52;EQUIPAMENTOS E MATERIAL PERMANENTE;90;APLICACOES DIRETAS;17;VEICULOS;97;TRANSFERENCIAS ESPECIAIS DE RECURSOS DA UNIAO;914000,0;0,0;914000,0;914000,0;0,0;0,0;0;0,0;0,0;914000,0
9290583;1401269 000129/2021;428;2021-12-10;GENERAL MOTORS DO BRASIL LTDA;59.275.792/0001-50;4;DESPESAS DE CAPITAL;4;INVESTIMENTOS;52;EQUIPAMENTOS E MATERIAL PERMANENTE;90;APLICACOES DIRETAS;17;VEICULOS;97;TRANSFERENCIAS ESPECIAIS DE RECURSOS DA UNIAO;183600,0;0,0;367200,0;183600,0;0,0;0,0;0;0,0;0,0;183600,0
9290583;1401269 000142/2022;426;2022-12-30;RIO DOCE COMERCIO DE VEICULOS LTDA;13.426.763/0001-40;4;DESPESAS DE CAPITAL;4;INVESTIMENTOS;52;EQUIPAMENTOS E MATERIAL PERMANENTE;90;APLICACOES DIRETAS;17;VEICULOS;97;TRANSFERENCIAS ESPECIAIS DE RECURSOS DA UNIAO;64900,0;0,0;64900,0;64900,0;0,0;0,0;0;0,0;0,0;64900,0
9292026;1511189 000051/2022;355;2022-08-30;A & R COMERCIO E SERVICOS LTDA;13.050.599/0001-10;4;DESPESAS DE CAPITAL;4;INVESTIMENTOS;51;OBRAS E INSTALACOES;90;APLICACOES DIRETAS;7;EXECUCAO DE OBRAS POR CONTRATO DE BENS NAO PATRIMONIAVEIS;97;TRANSFERENCIAS ESPECIAIS DE RECURSOS DA UNIAO;417669,09;0,0;563354,37;417669,09;0,0;17069,18;0;0,0;0,0;390492,69
9292027;1511189 000016/2022;59;2022-06-03;ETERA CONSTRUCOES E ISOLAMENTOS LTDA;04.947.516/0001-07;4;DESPESAS DE CAPITAL;4;INVESTIMENTOS;51;OBRAS E INSTALACOES;90;APLICACOES DIRETAS;7;EXECUCAO DE OBRAS POR CONTRATO DE BENS NAO PATRIMONIAVEIS;97;TRANSFERENCIAS ESPECIAIS DE RECURSOS DA UNIAO;218272,36;0,0;218558,93;218272,36;0,0;286,57;0;0,0;0,0;203648,12
9292804;1511189 000079/2023;142;2023-08-01;DATEN TECNOLOGIA LTDA;04.602.789/0001-01;4;DESPESAS DE CAPITAL;4;INVESTIMENTOS;52;EQUIPAMENTOS E MATERIAL PERMANENTE;90;APLICACOES DIRETAS;7;EQUIPAMENTOS DE INFORMATICA;97;TRANSFERENCIAS ESPECIAIS DE RECURSOS DA UNIAO;0,0;4177,0;0,0;0,0;0,0;0,0;0;0,0;4126,88;0,0
9292804;1511189 000079/2023;158;2023-08-10;GRUPO MULTILASER S.A.;59.717.553/0006-17;4;DESPESAS DE CAPITAL;4;INVESTIMENTOS;52;EQUIPAMENTOS E MATERIAL PERMANENTE;90;APLICACOES DIRETAS;7;EQUIPAMENTOS DE INFORMATICA;97;TRANSFERENCIAS ESPECIAIS DE RECURSOS DA UNIAO;3300,0;3300,0;3300,0;3300,0;0,0;0,0;0;0,0;3260,4;0,0
9292804;1511189 000127/2023;193;2023-09-22;SANTIAGO & CINTRA IMPORTACAO E EXPORTACAO LTDA;51.536.795/0006-00;4;DESPESAS DE CAPITAL;4;INVESTIMENTOS;52;EQUIPAMENTOS E MATERIAL PERMANENTE;90;APLICACOES DIRETAS;1;AERONAVES E COMPONENTES ESTRUTURAIS;97;TRANSFERENCIAS ESPECIAIS DE RECURSOS DA UNIAO;0,0;29958,0;0,0;0,0;0,0;0,0;0;0,0;29598,5;0,0
9292804;1511189 000292/2021;381;2021-12-28;REPREMIG REPRESENTACAO E COMERCIO DE MINAS GERAIS LTDA;65.149.197/0002-51;4;DESPESAS DE CAPITAL;4;INVESTIMENTOS;52;EQUIPAMENTOS E MATERIAL PERMANENTE;90;APLICACOES DIRETAS;7;EQUIPAMENTOS DE INFORMATICA;97;TRANSFERENCIAS ESPECIAIS DE RECURSOS DA UNIAO;29200,0;0,0;29200,0;29200,0;0,0;0,0;0;0,0;0,0;29200,0
9292804;1511189 000297/2021;347;2021-12-20;POSITIVO TECNOLOGIA S.A.;81.243.735/0009-03;4;DESPESAS DE CAPITAL;4;INVESTIMENTOS;52;EQUIPAMENTOS E MATERIAL PERMANENTE;90;APLICACOES DIRETAS;7;EQUIPAMENTOS DE INFORMATICA;97;TRANSFERENCIAS ESPECIAIS DE RECURSOS DA UNIAO;39670,0;0,0;39670,0;39670,0;0,0;0,0;0;0,0;0,0;39670,0
9292804;1511189 000298/2022;663;2022-12-29;STRADA VEICULOS E PECAS LTDA;01.654.749/0001-15;4;DESPESAS DE CAPITAL;4;INVESTIMENTOS;52;EQUIPAMENTOS E MATERIAL PERMANENTE;90;APLICACOES DIRETAS;17;VEICULOS;97;TRANSFERENCIAS ESPECIAIS DE RECURSOS DA UNIAO;160000,0;0,0;160000,0;160000,0;0,0;0,0;0;0,0;0,0;160000,0
9292805;1511189 000079/2023;156;2023-08-10;GRUPO MULTILASER S.A.;59.717.553/0006-17;4;DESPESAS DE CAPITAL;4;INVESTIMENTOS;52;EQUIPAMENTOS E MATERIAL PERMANENTE;90;APLICACOES DIRETAS;7;EQUIPAMENTOS DE INFORMATICA;97;TRANSFERENCIAS ESPECIAIS DE RECURSOS DA UNIAO;16500,0;0,0;16500,0;16500,0;0,0;0,0;0;0,0;0,0;16302,0
9292805;1511189 000087/2023;166;2023-08-10;ISRAEL WEAPON INDUSTRIES (I.W.I) LTD;99.999.990/1104-40;4;DESPESAS DE CAPITAL;4;INVESTIMENTOS;52;EQUIPAMENTOS E MATERIAL PERMANENTE;90;APLICACOES DIRETAS;3;ARMAMENTO E EQUIPAMENTO DE USO POLICIAL;97;TRANSFERENCIAS ESPECIAIS DE RECURSOS DA UNIAO;22032,4;0,0;22032,4;22032,4;0,0;0,0;0;0,0;0,0;22032,4
9292805;1511189 000092/2023;187;2023-09-19;3D PROJETOS E ASSESSORIA EM INFORMATICA LTDA;07.766.048/0002-35;4;DESPESAS DE CAPITAL;4;INVESTIMENTOS;52;EQUIPAMENTOS E MATERIAL PERMANENTE;90;APLICACOES DIRETAS;12;MAQUINAS, APARELHOS, UTENSILIOS E EQUIPAMENTOS  USO ADMINISTRATIVO;97;TRANSFERENCIAS ESPECIAIS DE RECURSOS DA UNIAO;0,0;158,87;0,0;0,0;0,0;0,0;0;0,0;156,96;0,0
9292805;1511189 000155/2022;357;2022-09-01;STELLANTIS AUTOMOVEIS BRASIL LTDA.;16.701.716/0001-56;4;DESPESAS DE CAPITAL;4;INVESTIMENTOS;52;EQUIPAMENTOS E MATERIAL PERMANENTE;90;APLICACOES DIRETAS;17;VEICULOS;97;TRANSFERENCIAS ESPECIAIS DE RECURSOS DA UNIAO;135000,0;0,0;135000,0;135000,0;0,0;0,0;0;0,0;0,0;135000,0
9292805;1511189 000166/2022;129;2023-07-12;GLOCK AMERICA S.A.;99.999.990/1090-00;4;DESPESAS DE CAPITAL;4;INVESTIMENTOS;52;EQUIPAMENTOS E MATERIAL PERMANENTE;90;APLICACOES DIRETAS;3;ARMAMENTO E EQUIPAMENTO DE USO POLICIAL;97;TRANSFERENCIAS ESPECIAIS DE RECURSOS DA UNIAO;0,0;8466,0;0,0;0,0;0,0;0,0;0;0,0;8466,0;0,0
9292805;1511189 000287/2023;271;2023-12-27;REPREMIG REPRESENTACAO E COMERCIO DE MINAS GERAIS LTDA;65.149.197/0002-51;4;DESPESAS DE CAPITAL;4;INVESTIMENTOS;52;EQUIPAMENTOS E MATERIAL PERMANENTE;90;APLICACOES DIRETAS;7;EQUIPAMENTOS DE INFORMATICA;97;TRANSFERENCIAS ESPECIAIS DE RECURSOS DA UNIAO;6020,0;0,0;6020,0;6020,0;0,0;0,0;0;0,0;0,0;5947,76
9292879;1250072 000003/2021;213;2021-12-27;HANBAI COMERCIO DE MOTOS LTDA;15.082.489/0001-65;4;DESPESAS DE CAPITAL;4;INVESTIMENTOS;52;EQUIPAMENTOS E MATERIAL PERMANENTE;90;APLICACOES DIRETAS;17;VEICULOS;97;TRANSFERENCIAS ESPECIAIS DE RECURSOS DA UNIAO;357000,0;0,0;357000,0;357000,0;0,0;0,0;0;0,0;0,0;357000,0
9292882;1451044 000084/2021;959;2021-11-08;FABBRICA  ARMI PIETRO BERETTA - S.P.A.;99.999.990/1102-88;4;DESPESAS DE CAPITAL;4;INVESTIMENTOS;52;EQUIPAMENTOS E MATERIAL PERMANENTE;90;APLICACOES DIRETAS;3;ARMAMENTO E EQUIPAMENTO DE USO POLICIAL;97;TRANSFERENCIAS ESPECIAIS DE RECURSOS DA UNIAO;99784,02;0,0;99784,02;99784,02;0,0;0,0;0;0,0;0,0;99784,02
9292960;1401269 000130/2021;430;2021-12-10;VEMINAS CAMINHOES LTDA;00.754.526/0001-67;4;DESPESAS DE CAPITAL;4;INVESTIMENTOS;52;EQUIPAMENTOS E MATERIAL PERMANENTE;90;APLICACOES DIRETAS;17;VEICULOS;97;TRANSFERENCIAS ESPECIAIS DE RECURSOS DA UNIAO;899999,71;0,0;900000,0;899999,71;0,0;0,29;0;0,0;0,0;899999,71
9293680;1511189 000012/2021;389;2021-12-28;TAURUS ARMAS S.A.;92.781.335/0001-02;4;DESPESAS DE CAPITAL;4;INVESTIMENTOS;52;EQUIPAMENTOS E MATERIAL PERMANENTE;90;APLICACOES DIRETAS;3;ARMAMENTO E EQUIPAMENTO DE USO POLICIAL;97;TRANSFERENCIAS ESPECIAIS DE RECURSOS DA UNIAO;6120,0;0,0;6120,0;6120,0;0,0;0,0;0;0,0;0,0;6120,0
9293680;1511189 000034/2022;11;2022-04-19;MICROTECNICA INFORMATICA LTDA;01.590.728/0008-50;4;DESPESAS DE CAPITAL;4;INVESTIMENTOS;52;EQUIPAMENTOS E MATERIAL PERMANENTE;90;APLICACOES DIRETAS;7;EQUIPAMENTOS DE INFORMATICA;97;TRANSFERENCIAS ESPECIAIS DE RECURSOS DA UNIAO;0,0;1354,44;0,0;0,0;0,0;0,0;0;0,0;1354,44;0,0
9293680;1511189 000082/2022;117;2023-06-30;GLOCK AMERICA S.A.;99.999.990/1090-00;4;DESPESAS DE CAPITAL;4;INVESTIMENTOS;52;EQUIPAMENTOS E MATERIAL PERMANENTE;90;APLICACOES DIRETAS;3;ARMAMENTO E EQUIPAMENTO DE USO POLICIAL;97;TRANSFERENCIAS ESPECIAIS DE RECURSOS DA UNIAO;0,0;14815,5;0,0;0,0;0,0;0,0;0;0,0;14815,5;0,0
9293680;1511189 000120/2022;503;2022-11-10;DISTRIBUIDORA PERES & ARAUJO LTDA - ME;21.641.059/0001-39;4;DESPESAS DE CAPITAL;4;INVESTIMENTOS;52;EQUIPAMENTOS E MATERIAL PERMANENTE;90;APLICACOES DIRETAS;6;EQUIPAMENTOS DE COMUNICACAO E TELEFONIA;97;TRANSFERENCIAS ESPECIAIS DE RECURSOS DA UNIAO;0,0;1200,0;0,0;0,0;0,0;0,0;0;0,0;1200,0;0,0
9293680;1511189 000158/2022;280;2022-08-16;INTELBRAS S.A. INDUSTRIA DE TELECOMUNICACAO ELETRONICA BRASILEIRA;82.901.000/0001-27;4;DESPESAS DE CAPITAL;4;INVESTIMENTOS;52;EQUIPAMENTOS E MATERIAL PERMANENTE;90;APLICACOES DIRETAS;6;EQUIPAMENTOS DE COMUNICACAO E TELEFONIA;97;TRANSFERENCIAS ESPECIAIS DE RECURSOS DA UNIAO;2050,0;0,0;2050,0;2050,0;0,0;0,0;0;0,0;0,0;2050,0
9293680;1511189 000158/2022;496;2022-11-08;METODO SYSTEM COMERCIO E SERVICOS LTDA;07.346.478/0001-17;4;DESPESAS DE CAPITAL;4;INVESTIMENTOS;52;EQUIPAMENTOS E MATERIAL PERMANENTE;90;APLICACOES DIRETAS;6;EQUIPAMENTOS DE COMUNICACAO E TELEFONIA;97;TRANSFERENCIAS ESPECIAIS DE RECURSOS DA UNIAO;7872,0;0,0;7872,0;7872,0;0,0;0,0;0;0,0;0,0;7872,0
9293680;1511189 000161/2021;388;2021-12-28;TAURUS ARMAS S.A.;92.781.335/0001-02;4;DESPESAS DE CAPITAL;4;INVESTIMENTOS;52;EQUIPAMENTOS E MATERIAL PERMANENTE;90;APLICACOES DIRETAS;3;ARMAMENTO E EQUIPAMENTO DE USO POLICIAL;97;TRANSFERENCIAS ESPECIAIS DE RECURSOS DA UNIAO;9838,4;0,0;9838,4;9838,4;0,0;0,0;0;0,0;0,0;9838,4
9293680;1511189 000266/2021;341;2021-12-20;DATEN TECNOLOGIA LTDA;04.602.789/0001-01;4;DESPESAS DE CAPITAL;4;INVESTIMENTOS;52;EQUIPAMENTOS E MATERIAL PERMANENTE;90;APLICACOES DIRETAS;7;EQUIPAMENTOS DE INFORMATICA;97;TRANSFERENCIAS ESPECIAIS DE RECURSOS DA UNIAO;4596,0;0,0;4596,0;4596,0;0,0;0,0;0;0,0;0,0;4596,0
9293680;1511189 000292/2021;382;2021-12-28;REPREMIG REPRESENTACAO E COMERCIO DE MINAS GERAIS LTDA;65.149.197/0002-51;4;DESPESAS DE CAPITAL;4;INVESTIMENTOS;52;EQUIPAMENTOS E MATERIAL PERMANENTE;90;APLICACOES DIRETAS;7;EQUIPAMENTOS DE INFORMATICA;97;TRANSFERENCIAS ESPECIAIS DE RECURSOS DA UNIAO;2920,0;0,0;2920,0;2920,0;0,0;0,0;0;0,0;0,0;2920,0
9293680;1511189 000297/2021;344;2021-12-20;POSITIVO TECNOLOGIA S.A.;81.243.735/0009-03;4;DESPESAS DE CAPITAL;4;INVESTIMENTOS;52;EQUIPAMENTOS E MATERIAL PERMANENTE;90;APLICACOES DIRETAS;7;EQUIPAMENTOS DE INFORMATICA;97;TRANSFERENCIAS ESPECIAIS DE RECURSOS DA UNIAO;35703,0;0,0;35703,0;35703,0;0,0;0,0;0;0,0;0,0;35703,0
9293681;1511189 000049/2022;482;2022-10-26;ECS COMERCIO DE VEICULOS E EQUIPAMENTOS LTDA;08.206.867/0001-00;4;DESPESAS DE CAPITAL;4;INVESTIMENTOS;52;EQUIPAMENTOS E MATERIAL PERMANENTE;90;APLICACOES DIRETAS;17;VEICULOS;97;TRANSFERENCIAS ESPECIAIS DE RECURSOS DA UNIAO;515108,0;0,0;515108,0;515108,0;0,0;0,0;0;0,0;0,0;515108,0
9293681;1511189 000079/2023;159;2023-08-10;GRUPO MULTILASER S.A.;59.717.553/0006-17;4;DESPESAS DE CAPITAL;4;INVESTIMENTOS;52;EQUIPAMENTOS E MATERIAL PERMANENTE;90;APLICACOES DIRETAS;7;EQUIPAMENTOS DE INFORMATICA;97;TRANSFERENCIAS ESPECIAIS DE RECURSOS DA UNIAO;29700,0;0,0;29700,0;29700,0;0,0;0,0;0;0,0;0,0;29343,6
9293681;1511189 000087/2023;165;2023-08-10;ISRAEL WEAPON INDUSTRIES (I.W.I) LTD;99.999.990/1104-40;4;DESPESAS DE CAPITAL;4;INVESTIMENTOS;52;EQUIPAMENTOS E MATERIAL PERMANENTE;90;APLICACOES DIRETAS;3;ARMAMENTO E EQUIPAMENTO DE USO POLICIAL;97;TRANSFERENCIAS ESPECIAIS DE RECURSOS DA UNIAO;66097,2;0,0;66097,2;66097,2;0,0;0,0;0;0,0;0,0;66097,2
9293681;1511189 000109/2021;387;2021-12-28;FORT SAFE COMERCIO DE COFRES E MOVEIS LTDA;08.208.924/0001-90;4;DESPESAS DE CAPITAL;4;INVESTIMENTOS;52;EQUIPAMENTOS E MATERIAL PERMANENTE;90;APLICACOES DIRETAS;3;ARMAMENTO E EQUIPAMENTO DE USO POLICIAL;97;TRANSFERENCIAS ESPECIAIS DE RECURSOS DA UNIAO;5066,0;0,0;5066,0;5066,0;0,0;0,0;0;0,0;0,0;5066,0
9293681;1511189 000127/2023;192;2023-09-22;DISTRIBUIDORA PERES & ARAUJO LTDA - ME;21.641.059/0001-39;4;DESPESAS DE CAPITAL;4;INVESTIMENTOS;52;EQUIPAMENTOS E MATERIAL PERMANENTE;90;APLICACOES DIRETAS;1;AERONAVES E COMPONENTES ESTRUTURAIS;97;TRANSFERENCIAS ESPECIAIS DE RECURSOS DA UNIAO;0,0;12700,0;0,0;0,0;0,0;0,0;0;0,0;12547,6;0,0
9293681;1511189 000161/2021;374;2021-12-28;TAURUS ARMAS S.A.;92.781.335/0001-02;4;DESPESAS DE CAPITAL;4;INVESTIMENTOS;52;EQUIPAMENTOS E MATERIAL PERMANENTE;90;APLICACOES DIRETAS;3;ARMAMENTO E EQUIPAMENTO DE USO POLICIAL;97;TRANSFERENCIAS ESPECIAIS DE RECURSOS DA UNIAO;59030,4;0,0;59030,4;59030,4;0,0;0,0;0;0,0;0,0;59030,4
9293681;1511189 000168/2021;376;2021-12-28;TECNO 2000 INDUSTRIA E COMERCIO LTDA;21.306.287/0001-52;4;DESPESAS DE CAPITAL;4;INVESTIMENTOS;52;EQUIPAMENTOS E MATERIAL PERMANENTE;90;APLICACOES DIRETAS;14;MOBILIARIO;97;TRANSFERENCIAS ESPECIAIS DE RECURSOS DA UNIAO;425,0;0,0;425,0;425,0;0,0;0,0;0;0,0;0,0;425,0
9293681;1511189 000216/2021;369;2021-12-27;COMPANHIA BRASILEIRA DE CARTUCHOS;57.494.031/0010-54;4;DESPESAS DE CAPITAL;4;INVESTIMENTOS;52;EQUIPAMENTOS E MATERIAL PERMANENTE;90;APLICACOES DIRETAS;3;ARMAMENTO E EQUIPAMENTO DE USO POLICIAL;97;TRANSFERENCIAS ESPECIAIS DE RECURSOS DA UNIAO;14889,64;0,0;14889,64;14889,64;0,0;0,0;0;0,0;0,0;14889,64
9293681;1511189 000267/2021;342;2021-12-20;FAGUNDEZ DISTRIBUICAO LTDA;07.953.689/0001-18;4;DESPESAS DE CAPITAL;4;INVESTIMENTOS;52;EQUIPAMENTOS E MATERIAL PERMANENTE;90;APLICACOES DIRETAS;7;EQUIPAMENTOS DE INFORMATICA;97;TRANSFERENCIAS ESPECIAIS DE RECURSOS DA UNIAO;1988,38;0,0;1988,38;1988,38;0,0;0,0;0;0,0;0,0;1988,38
9293681;1511189 000292/2021;383;2021-12-28;REPREMIG REPRESENTACAO E COMERCIO DE MINAS GERAIS LTDA;65.149.197/0002-51;4;DESPESAS DE CAPITAL;4;INVESTIMENTOS;52;EQUIPAMENTOS E MATERIAL PERMANENTE;90;APLICACOES DIRETAS;7;EQUIPAMENTOS DE INFORMATICA;97;TRANSFERENCIAS ESPECIAIS DE RECURSOS DA UNIAO;2920,0;0,0;2920,0;2920,0;0,0;0,0;0;0,0;0,0;2920,0
9293681;1511189 000297/2021;345;2021-12-20;POSITIVO TECNOLOGIA S.A.;81.243.735/0009-03;4;DESPESAS DE CAPITAL;4;INVESTIMENTOS;52;EQUIPAMENTOS E MATERIAL PERMANENTE;90;APLICACOES DIRETAS;7;EQUIPAMENTOS DE INFORMATICA;97;TRANSFERENCIAS ESPECIAIS DE RECURSOS DA UNIAO;11901,0;0,0;11901,0;11901,0;0,0;0,0;0;0,0;0,0;11901,0
9293681;1511189 000297/2021;346;2021-12-20;POSITIVO TECNOLOGIA S.A.;81.243.735/0009-03;4;DESPESAS DE CAPITAL;4;INVESTIMENTOS;52;EQUIPAMENTOS E MATERIAL PERMANENTE;90;APLICACOES DIRETAS;7;EQUIPAMENTOS DE INFORMATICA;97;TRANSFERENCIAS ESPECIAIS DE RECURSOS DA UNIAO;3967,0;0,0;3967,0;3967,0;0,0;0,0;0;0,0;0,0;3967,0
9293681;1511189 000298/2022;662;2022-12-29;STRADA VEICULOS E PECAS LTDA;01.654.749/0001-15;4;DESPESAS DE CAPITAL;4;INVESTIMENTOS;52;EQUIPAMENTOS E MATERIAL PERMANENTE;90;APLICACOES DIRETAS;17;VEICULOS;97;TRANSFERENCIAS ESPECIAIS DE RECURSOS DA UNIAO;80000,0;0,0;80000,0;80000,0;0,0;0,0;0;0,0;0,0;80000,0
9294166;0000000 000000/0000;4320;2021-11-22;HOSPITAL DR OTAVIO GONCALVES DE CACHOEIRA DO PAJEU;18.932.277/0001-18;3;DESPESAS CORRENTES;3;OUTRAS DESPESAS CORRENTES;41;CONTRIBUICOES;50;TRANSFERENCIAS A INSTITUICOES PRIVADAS SEM FINS LUCRATIVOS;1;CONTRIBUICOES;92;TRANSFERENCIAS DE RECURSOS DA UNIAO VINCULADOS A SAUDE - BLOCO DE CUSTEIO;0,0;0,0;960165,0;0,0;0,0;0,0;0;0,0;0,0;0,0
9294166;0000000 000000/0000;4325;2021-11-22;HOSPITAL E MATERNIDADE MARIA ELOY;17.734.625/0001-80;3;DESPESAS CORRENTES;3;OUTRAS DESPESAS CORRENTES;41;CONTRIBUICOES;50;TRANSFERENCIAS A INSTITUICOES PRIVADAS SEM FINS LUCRATIVOS;1;CONTRIBUICOES;92;TRANSFERENCIAS DE RECURSOS DA UNIAO VINCULADOS A SAUDE - BLOCO DE CUSTEIO;0,0;177642,0;0,0;0,0;0,0;0,0;0;0,0;88821,0;0,0
9294170;0000000 000000/0000;4334;2021-11-22;ASSOCIACAO RIOVERDENSE DE ASSISTENCIA E PROMOCAO HUMANA;01.152.436/0001-69;3;DESPESAS CORRENTES;3;OUTRAS DESPESAS CORRENTES;41;CONTRIBUICOES;50;TRANSFERENCIAS A INSTITUICOES PRIVADAS SEM FINS LUCRATIVOS;1;CONTRIBUICOES;92;TRANSFERENCIAS DE RECURSOS DA UNIAO VINCULADOS A SAUDE - BLOCO DE CUSTEIO;0,0;300000,0;0,0;0,0;0,0;0,0;0;0,0;150000,0;0,0
9299436;1451044 000289/2022;790;2022-12-28;CARBEL JAPAO VEICULOS LTDA;23.396.997/0001-46;4;DESPESAS DE CAPITAL;4;INVESTIMENTOS;52;EQUIPAMENTOS E MATERIAL PERMANENTE;90;APLICACOES DIRETAS;17;VEICULOS;97;TRANSFERENCIAS ESPECIAIS DE RECURSOS DA UNIAO;199975,8;0,0;199975,8;199975,8;0,0;0,0;0;0,0;0,0;199975,8
9299436;1451044 000306/2021;1016;2021-12-06;SOMAR ELETROFERRAGENS LTDA;18.132.510/0001-88;4;DESPESAS DE CAPITAL;4;INVESTIMENTOS;52;EQUIPAMENTOS E MATERIAL PERMANENTE;90;APLICACOES DIRETAS;12;MAQUINAS, APARELHOS, UTENSILIOS E EQUIPAMENTOS  USO ADMINISTRATIVO;97;TRANSFERENCIAS ESPECIAIS DE RECURSOS DA UNIAO;0,0;50189,12;135,0;0,0;0,0;0,0;0;0,0;50189,12;0,0
9299436;1451044 000306/2021;1017;2021-12-06;VENTISOL DA AMAZONIA INDUSTRIA DE APARELHOS ELETRICOS LTDA;17.417.928/0001-79;4;DESPESAS DE CAPITAL;4;INVESTIMENTOS;52;EQUIPAMENTOS E MATERIAL PERMANENTE;90;APLICACOES DIRETAS;12;MAQUINAS, APARELHOS, UTENSILIOS E EQUIPAMENTOS  USO ADMINISTRATIVO;97;TRANSFERENCIAS ESPECIAIS DE RECURSOS DA UNIAO;9420,25;0,0;9420,25;9420,25;0,0;0,0;0;0,0;0,0;9420,25
9301225;1250071 000087/2021;159;2022-06-09;COMPANHIA DE TECNOLOGIA DA INFORMACAO DO ESTADO DE MINAS GERAIS-PRODEM;16.636.540/0001-04;4;DESPESAS DE CAPITAL;4;INVESTIMENTOS;40;SERVICOS DE TECNOLOGIA DA INFORMACAO E COMUNICACAO -  PESSOA JURIDICA;90;APLICACOES DIRETAS;7;AQUISICAO DE SOFTWARE DESENVOLVIDO PELA PRODEMGE;97;TRANSFERENCIAS ESPECIAIS DE RECURSOS DA UNIAO;95243,75;0,0;95243,75;95243,75;0,0;0,0;0;0,0;0,0;92862,66
9301225;1250071 000087/2021;369;2021-11-29;COMPANHIA DE TECNOLOGIA DA INFORMACAO DO ESTADO DE MINAS GERAIS-PRODEM;16.636.540/0001-04;4;DESPESAS DE CAPITAL;4;INVESTIMENTOS;40;SERVICOS DE TECNOLOGIA DA INFORMACAO E COMUNICACAO -  PESSOA JURIDICA;90;APLICACOES DIRETAS;7;AQUISICAO DE SOFTWARE DESENVOLVIDO PELA PRODEMGE;97;TRANSFERENCIAS ESPECIAIS DE RECURSOS DA UNIAO;0,0;0,0;320561,43;0,0;0,0;320561,43;0;0,0;0,0;0,0
9301225;1250071 000153/2021;478;2021-12-30;MOTOROLA SOLUTIONS LTDA;10.652.730/0006-35;4;DESPESAS DE CAPITAL;4;INVESTIMENTOS;52;EQUIPAMENTOS E MATERIAL PERMANENTE;90;APLICACOES DIRETAS;6;EQUIPAMENTOS DE COMUNICACAO E TELEFONIA;97;TRANSFERENCIAS ESPECIAIS DE RECURSOS DA UNIAO;144000,0;0,0;144000,0;144000,0;0,0;0,0;0;0,0;0,0;144000,0
9301225;1250071 000155/2021;471;2021-12-30;MICROTECNICA INFORMATICA LTDA;01.590.728/0008-50;4;DESPESAS DE CAPITAL;4;INVESTIMENTOS;52;EQUIPAMENTOS E MATERIAL PERMANENTE;90;APLICACOES DIRETAS;7;EQUIPAMENTOS DE INFORMATICA;97;TRANSFERENCIAS ESPECIAIS DE RECURSOS DA UNIAO;6135,0;0,0;6135,0;6135,0;0,0;0,0;0;0,0;0,0;6135,0
9301225;1250071 000155/2021;472;2021-12-30;REPREMIG REPRESENTACAO E COMERCIO DE MINAS GERAIS LTDA;65.149.197/0002-51;4;DESPESAS DE CAPITAL;4;INVESTIMENTOS;52;EQUIPAMENTOS E MATERIAL PERMANENTE;90;APLICACOES DIRETAS;7;EQUIPAMENTOS DE INFORMATICA;97;TRANSFERENCIAS ESPECIAIS DE RECURSOS DA UNIAO;133285,0;0,0;133285,0;133285,0;0,0;0,0;0;0,0;0,0;133285,0
9301225;1250084 000277/2021;323;2021-12-20;INBRA-TECNOLOGIA E DEFESA INDUSTRIA E COMERCIO LTDA.;26.836.227/0001-65;4;DESPESAS DE CAPITAL;4;INVESTIMENTOS;52;EQUIPAMENTOS E MATERIAL PERMANENTE;90;APLICACOES DIRETAS;3;ARMAMENTO E EQUIPAMENTO DE USO POLICIAL;97;TRANSFERENCIAS ESPECIAIS DE RECURSOS DA UNIAO;97500,0;0,0;97500,0;97500,0;0,0;0,0;0;0,0;0,0;97500,0
9301225;1250084 000285/2021;324;2021-12-20;ISRAEL WEAPON INDUSTRIES (I.W.I) LTD;99.999.990/1104-40;4;DESPESAS DE CAPITAL;4;INVESTIMENTOS;52;EQUIPAMENTOS E MATERIAL PERMANENTE;90;APLICACOES DIRETAS;3;ARMAMENTO E EQUIPAMENTO DE USO POLICIAL;97;TRANSFERENCIAS ESPECIAIS DE RECURSOS DA UNIAO;86530,28;10320,56;86530,28;86530,28;0,0;0,0;0;0,0;0,0;81370,0
9301225;1250133 000016/2022;482;2022-11-10;LIDER NOTEBOOKS COMERCIO E SERVICOS LTDA;12.477.490/0002-81;4;DESPESAS DE CAPITAL;4;INVESTIMENTOS;52;EQUIPAMENTOS E MATERIAL PERMANENTE;90;APLICACOES DIRETAS;7;EQUIPAMENTOS DE INFORMATICA;97;TRANSFERENCIAS ESPECIAIS DE RECURSOS DA UNIAO;8584,5;0,0;8584,5;8584,5;0,0;0,0;0;0,0;0,0;8584,5
9301225;1250165 000003/2022;45;2022-05-02;PARAMAR ENGENHARIA LTDA;28.198.204/0001-06;3;DESPESAS CORRENTES;3;OUTRAS DESPESAS CORRENTES;39;OUTROS SERVICOS DE TERCEIROS - PESSOA JURIDICA;90;APLICACOES DIRETAS;22;REPAROS DE BENS IMOVEIS;97;TRANSFERENCIAS ESPECIAIS DE RECURSOS DA UNIAO;20359,04;0,0;23148,08;20359,04;0,0;2789,04;0;0,0;0,0;19338,21
9301225;1255302 000318/2023;1641;2023-12-29;ATUANTE COMERCIAL LTDA -ME;03.479.428/0001-57;4;DESPESAS DE CAPITAL;4;INVESTIMENTOS;52;EQUIPAMENTOS E MATERIAL PERMANENTE;90;APLICACOES DIRETAS;14;MOBILIARIO;97;TRANSFERENCIAS ESPECIAIS DE RECURSOS DA UNIAO;1982,0;0,0;1982,0;1982,0;0,0;0,0;0;0,0;0,0;1958,22
9301225;1255302 000357/2025;1742;2025-11-11;MIAMIMED PRODUTOS ODONTOLOGICOS LTDA;38.259.748/0001-86;4;DESPESAS DE CAPITAL;4;INVESTIMENTOS;52;EQUIPAMENTOS E MATERIAL PERMANENTE;90;APLICACOES DIRETAS;14;MOBILIARIO;97;TRANSFERENCIAS ESPECIAIS DE RECURSOS DA UNIAO - RECURSOS RECEBIDOS ATE 2023;7350,0;0,0;7350,0;7350,0;0,0;0,0;0;0,0;0,0;7261,8
9301225;1255302 000377/2022;1671;2022-12-29;DENTAL FREE MATERIAIS E SOLUCOES ODONTOLOGICAS LTDA;32.677.058/0001-60;4;DESPESAS DE CAPITAL;4;INVESTIMENTOS;52;EQUIPAMENTOS E MATERIAL PERMANENTE;90;APLICACOES DIRETAS;9;EQUIPAMENTOS HOSPITALARES, ODONTOLOGICOS E DE LABORATORIO;97;TRANSFERENCIAS ESPECIAIS DE RECURSOS DA UNIAO;690,0;0,0;690,0;690,0;0,0;0,0;0;0,0;0,0;690,0
9301225;1255302 000377/2022;1672;2022-12-29;K.C.R. INDUSTRIA E COMERCIO DE EQUIPAMENTOS LTDA;09.251.627/0001-90;4;DESPESAS DE CAPITAL;4;INVESTIMENTOS;52;EQUIPAMENTOS E MATERIAL PERMANENTE;90;APLICACOES DIRETAS;9;EQUIPAMENTOS HOSPITALARES, ODONTOLOGICOS E DE LABORATORIO;97;TRANSFERENCIAS ESPECIAIS DE RECURSOS DA UNIAO;960,0;0,0;960,0;960,0;0,0;0,0;0;0,0;0,0;960,0
9301225;1255302 000377/2022;1673;2022-12-29;LIDER DISTRIBUIDORA DE MOVEIS E EQUIPAMENTOS PARA SAUDE LTDA;38.007.528/0001-65;4;DESPESAS DE CAPITAL;4;INVESTIMENTOS;52;EQUIPAMENTOS E MATERIAL PERMANENTE;90;APLICACOES DIRETAS;14;MOBILIARIO;97;TRANSFERENCIAS ESPECIAIS DE RECURSOS DA UNIAO;1468,0;0,0;1468,0;1468,0;0,0;0,0;0;0,0;0,0;1468,0
9301225;1255302 000700/2025;2094;2025-12-30;MHEDICA SERVICE COMERCIO E MANUTENCAO LTDA;08.245.855/0001-94;4;DESPESAS DE CAPITAL;4;INVESTIMENTOS;52;EQUIPAMENTOS E MATERIAL PERMANENTE;90;APLICACOES DIRETAS;9;EQUIPAMENTOS HOSPITALARES, ODONTOLOGICOS E DE LABORATORIO;97;TRANSFERENCIAS ESPECIAIS DE RECURSOS DA UNIAO - RECURSOS RECEBIDOS ATE 2023;290000,0;0,0;290000,0;290000,0;0,0;0,0;0;0,0;0,0;286520,0
9301225;1255302 000722/2025;2071;2025-12-29;BEAGA HOSPITALAR LTDA;10.478.755/0001-50;4;DESPESAS DE CAPITAL;4;INVESTIMENTOS;52;EQUIPAMENTOS E MATERIAL PERMANENTE;90;APLICACOES DIRETAS;12;MAQUINAS, APARELHOS, UTENSILIOS E EQUIPAMENTOS  USO ADMINISTRATIVO;97;TRANSFERENCIAS ESPECIAIS DE RECURSOS DA UNIAO - RECURSOS RECEBIDOS ATE 2023;1806,0;0,0;1806,0;1806,0;0,0;0,0;0;0,0;0,0;1806,0
9301225;1255302 000722/2025;2072;2025-12-29;CIRURGICA SAO FELIPE PRODUTOS PARA SAUDE LTDA;07.626.776/0001-60;4;DESPESAS DE CAPITAL;4;INVESTIMENTOS;52;EQUIPAMENTOS E MATERIAL PERMANENTE;90;APLICACOES DIRETAS;9;EQUIPAMENTOS HOSPITALARES, ODONTOLOGICOS E DE LABORATORIO;97;TRANSFERENCIAS ESPECIAIS DE RECURSOS DA UNIAO - RECURSOS RECEBIDOS ATE 2023;31600,0;0,0;31600,0;31600,0;0,0;0,0;0;0,0;0,0;31220,8
9301225;1255302 000722/2025;2073;2025-12-29;VISAMED COMERCIO DE MATERIAL HOSPITALAR LTDA;08.380.296/0001-25;4;DESPESAS DE CAPITAL;4;INVESTIMENTOS;52;EQUIPAMENTOS E MATERIAL PERMANENTE;90;APLICACOES DIRETAS;9;EQUIPAMENTOS HOSPITALARES, ODONTOLOGICOS E DE LABORATORIO;97;TRANSFERENCIAS ESPECIAIS DE RECURSOS DA UNIAO - RECURSOS RECEBIDOS ATE 2023;4700,0;0,0;4700,0;4700,0;0,0;0,0;0;0,0;0,0;4700,0
9301225;1255302 000722/2025;2074;2025-12-29;HPF SURGICAL LTDA;68.532.076/0002-82;4;DESPESAS DE CAPITAL;4;INVESTIMENTOS;52;EQUIPAMENTOS E MATERIAL PERMANENTE;90;APLICACOES DIRETAS;11;INSTRUMENTOS DE LABORATORIO, MEDICOS E ODONTOLOGICOS;97;TRANSFERENCIAS ESPECIAIS DE RECURSOS DA UNIAO - RECURSOS RECEBIDOS ATE 2023;158715,05;0,0;158715,05;158715,05;0,0;0,0;0;0,0;0,0;156810,47
9301342;1511189 000097/2022;543;2022-11-22;EQUIPATEC COMERCIO DE PRODUTOS PARA LABORATORIO LTDA;31.982.492/0001-91;4;DESPESAS DE CAPITAL;4;INVESTIMENTOS;52;EQUIPAMENTOS E MATERIAL PERMANENTE;90;APLICACOES DIRETAS;9;EQUIPAMENTOS HOSPITALARES, ODONTOLOGICOS E DE LABORATORIO;24;CONVENIOS, ACORDOS E AJUSTES PROVENIENTES DA UNIAO E SUAS ENTIDADES;404604,0;0,0;404604,0;404604,0;0,0;0,0;0;0,0;0,0;404604,0
9301342;1511189 000161/2023;247;2023-12-07;LEANDRO LUIZ LEAL SILVA -EPP;08.194.579/0001-82;4;DESPESAS DE CAPITAL;4;INVESTIMENTOS;52;EQUIPAMENTOS E MATERIAL PERMANENTE;90;APLICACOES DIRETAS;8;EQUIPAMENTOS DE SOM, VIDEO, FOTOGRAFICO E CINEMATOGRAFICO;1;CONVENIOS COM A UNIAO E SUAS ENTIDADES - EMENDAS INDIVIDUAIS;79302,06;0,0;79302,06;79302,06;0,0;0,0;0;0,0;0,0;78224,22
9301342;1511189 000161/2023;248;2023-12-07;LEANDRO LUIZ LEAL SILVA -EPP;08.194.579/0001-82;4;DESPESAS DE CAPITAL;4;INVESTIMENTOS;52;EQUIPAMENTOS E MATERIAL PERMANENTE;90;APLICACOES DIRETAS;8;EQUIPAMENTOS DE SOM, VIDEO, FOTOGRAFICO E CINEMATOGRAFICO;10;RECURSOS ORDINARIOS - RECURSOS NAO VINCULADOS DE IMPOSTOS;10517,92;0,0;10517,92;10517,92;0,0;0,0;0;0,0;0,0;10517,92
9301342;1511189 000161/2023;249;2023-12-07;HEDER COSTA DA SILVA & CIA LTDA -ME;07.301.838/0001-64;4;DESPESAS DE CAPITAL;4;INVESTIMENTOS;52;EQUIPAMENTOS E MATERIAL PERMANENTE;90;APLICACOES DIRETAS;8;EQUIPAMENTOS DE SOM, VIDEO, FOTOGRAFICO E CINEMATOGRAFICO;1;CONVENIOS COM A UNIAO E SUAS ENTIDADES - EMENDAS INDIVIDUAIS;2689,92;0,0;2689,92;2689,92;0,0;0,0;0;0,0;0,0;2689,92
9301342;1511189 000161/2023;250;2023-12-07;MAQNETE COMERCIO E SERVICOS LTDA -ME;18.152.404/0001-66;4;DESPESAS DE CAPITAL;4;INVESTIMENTOS;52;EQUIPAMENTOS E MATERIAL PERMANENTE;90;APLICACOES DIRETAS;8;EQUIPAMENTOS DE SOM, VIDEO, FOTOGRAFICO E CINEMATOGRAFICO;1;CONVENIOS COM A UNIAO E SUAS ENTIDADES - EMENDAS INDIVIDUAIS;7100,0;0,0;7100,0;7100,0;0,0;0,0;0;0,0;0,0;7014,8
9301342;1511189 000199/2024;91;2024-12-27;ZEUS STORE MODA LTDA;39.625.342/0001-32;4;DESPESAS DE CAPITAL;4;INVESTIMENTOS;52;EQUIPAMENTOS E MATERIAL PERMANENTE;90;APLICACOES DIRETAS;8;EQUIPAMENTOS DE SOM, VIDEO, FOTOGRAFICO E CINEMATOGRAFICO;1;CONVENIOS COM A UNIAO E SUAS ENTIDADES - EMENDAS INDIVIDUAIS;52385,6;0,0;52385,6;52385,6;0,0;0,0;0;0,0;0,0;52385,6
9301342;1511189 000199/2024;92;2024-12-27;ZEUS STORE MODA LTDA;39.625.342/0001-32;4;DESPESAS DE CAPITAL;4;INVESTIMENTOS;52;EQUIPAMENTOS E MATERIAL PERMANENTE;90;APLICACOES DIRETAS;8;EQUIPAMENTOS DE SOM, VIDEO, FOTOGRAFICO E CINEMATOGRAFICO;10;RECURSOS ORDINARIOS - RECURSOS NAO VINCULADOS DE IMPOSTOS;5614,4;0,0;5614,4;5614,4;0,0;0,0;0;0,0;0,0;5614,4
9301344;1451977 000050/2023;76;2024-11-19;RIO DOCE COMERCIO DE VEICULOS LTDA;13.426.763/0001-40;4;DESPESAS DE CAPITAL;4;INVESTIMENTOS;52;EQUIPAMENTOS E MATERIAL PERMANENTE;90;APLICACOES DIRETAS;17;VEICULOS;1;CONVENIOS COM A UNIAO E SUAS ENTIDADES - EMENDAS INDIVIDUAIS;95000,0;0,0;95000,0;95000,0;0,0;0,0;0;0,0;0,0;93860,0
9301344;1451977 000050/2023;86;2024-12-16;RIO DOCE COMERCIO DE VEICULOS LTDA;13.426.763/0001-40;4;DESPESAS DE CAPITAL;4;INVESTIMENTOS;52;EQUIPAMENTOS E MATERIAL PERMANENTE;90;APLICACOES DIRETAS;17;VEICULOS;10;RECURSOS ORDINARIOS - RECURSOS NAO VINCULADOS DE IMPOSTOS;1956,94;0,0;5871,06;1956,94;0,0;0,0;0;0,0;0,0;1933,46
9301344;1451977 000050/2023;87;2024-12-16;RIO DOCE COMERCIO DE VEICULOS LTDA;13.426.763/0001-40;4;DESPESAS DE CAPITAL;4;INVESTIMENTOS;52;EQUIPAMENTOS E MATERIAL PERMANENTE;90;APLICACOES DIRETAS;17;VEICULOS;1;CONVENIOS COM A UNIAO E SUAS ENTIDADES - EMENDAS INDIVIDUAIS;186080,28;0,0;186080,46;186080,28;0,0;0,18;0;0,0;0,0;183847,32
9301346;1250072 000017/2021;214;2021-12-28;RENAULT DO BRASIL S.A.;00.913.443/0001-73;4;DESPESAS DE CAPITAL;4;INVESTIMENTOS;52;EQUIPAMENTOS E MATERIAL PERMANENTE;90;APLICACOES DIRETAS;17;VEICULOS;97;TRANSFERENCIAS ESPECIAIS DE RECURSOS DA UNIAO;114500,0;0,0;114500,0;114500,0;0,0;0,0;0;0,0;0,0;114500,0
9301362;1250072 000017/2021;216;2021-12-29;RENAULT DO BRASIL S.A.;00.913.443/0001-73;4;DESPESAS DE CAPITAL;4;INVESTIMENTOS;52;EQUIPAMENTOS E MATERIAL PERMANENTE;90;APLICACOES DIRETAS;17;VEICULOS;97;TRANSFERENCIAS ESPECIAIS DE RECURSOS DA UNIAO;229000,0;0,0;229000,0;229000,0;0,0;0,0;0;0,0;0,0;229000,0
9301363;1250071 000044/2022;252;2022-08-10;POSITIVO TECNOLOGIA S.A.;81.243.735/0019-77;4;DESPESAS DE CAPITAL;4;INVESTIMENTOS;52;EQUIPAMENTOS E MATERIAL PERMANENTE;90;APLICACOES DIRETAS;7;EQUIPAMENTOS DE INFORMATICA;97;TRANSFERENCIAS ESPECIAIS DE RECURSOS DA UNIAO;50610,84;0,0;50610,84;50610,84;0,0;0,0;0;0,0;0,0;50610,84
9301363;1250072 000003/2021;208;2021-12-23;HANBAI COMERCIO DE MOTOS LTDA;15.082.489/0001-65;4;DESPESAS DE CAPITAL;4;INVESTIMENTOS;52;EQUIPAMENTOS E MATERIAL PERMANENTE;90;APLICACOES DIRETAS;17;VEICULOS;97;TRANSFERENCIAS ESPECIAIS DE RECURSOS DA UNIAO;285600,0;0,0;285600,0;285600,0;0,0;0,0;0;0,0;0,0;285600,0
9301363;1250072 000017/2021;207;2021-12-23;RENAULT DO BRASIL S.A.;00.913.443/0001-73;4;DESPESAS DE CAPITAL;4;INVESTIMENTOS;52;EQUIPAMENTOS E MATERIAL PERMANENTE;90;APLICACOES DIRETAS;17;VEICULOS;97;TRANSFERENCIAS ESPECIAIS DE RECURSOS DA UNIAO;687000,0;0,0;687000,0;687000,0;0,0;0,0;0;0,0;0,0;687000,0
9301363;1250084 000149/2024;427;2024-12-23;GLOCK AMERICA S.A.;99.999.990/1090-00;4;DESPESAS DE CAPITAL;4;INVESTIMENTOS;52;EQUIPAMENTOS E MATERIAL PERMANENTE;90;APLICACOES DIRETAS;3;ARMAMENTO E EQUIPAMENTO DE USO POLICIAL;97;TRANSFERENCIAS ESPECIAIS DE RECURSOS DA UNIAO - RECURSOS RECEBIDOS ATE 2023;32743,56;0,0;35566,28;32743,56;0,0;2822,72;0;0,0;0,0;32280,62
9301363;1253828 000038/2022;1696;2022-09-02;MTV.NET INFORMATICA E ELETRONICA LTDA;08.164.723/0001-38;4;DESPESAS DE CAPITAL;4;INVESTIMENTOS;52;EQUIPAMENTOS E MATERIAL PERMANENTE;90;APLICACOES DIRETAS;25;APARELHOS E UTENSILIOS DOMESTICOS;97;TRANSFERENCIAS ESPECIAIS DE RECURSOS DA UNIAO;2750,0;0,0;2750,0;2750,0;0,0;0,0;0;0,0;0,0;2750,0
9313015;1250084 000149/2024;439;2024-12-23;GLOCK AMERICA S.A.;99.999.990/1090-00;4;DESPESAS DE CAPITAL;4;INVESTIMENTOS;52;EQUIPAMENTOS E MATERIAL PERMANENTE;90;APLICACOES DIRETAS;3;ARMAMENTO E EQUIPAMENTO DE USO POLICIAL;97;TRANSFERENCIAS ESPECIAIS DE RECURSOS DA UNIAO - RECURSOS RECEBIDOS ATE 2023;38882,97;0,0;42235,1;38882,97;0,0;3352,13;0;0,0;0,0;38333,24
9313016;1250072 000025/2022;98;2022-08-29;HPE AUTOMOTORES DO BRASIL LTDA;54.305.743/0011-70;4;DESPESAS DE CAPITAL;4;INVESTIMENTOS;52;EQUIPAMENTOS E MATERIAL PERMANENTE;90;APLICACOES DIRETAS;17;VEICULOS;97;TRANSFERENCIAS ESPECIAIS DE RECURSOS DA UNIAO;209981,0;0,0;209981,0;209981,0;0,0;0,0;0;0,0;0,0;209981,0
9313017;1250072 000025/2022;100;2022-08-29;HPE AUTOMOTORES DO BRASIL LTDA;54.305.743/0011-70;4;DESPESAS DE CAPITAL;4;INVESTIMENTOS;52;EQUIPAMENTOS E MATERIAL PERMANENTE;90;APLICACOES DIRETAS;17;VEICULOS;97;TRANSFERENCIAS ESPECIAIS DE RECURSOS DA UNIAO;199980,5;0,0;199980,5;199980,5;0,0;0,0;0;0,0;0,0;199980,5
9313017;1259967 000086/2022;1835;2022-12-26;JANUARIO ENGENHARIA LTDA;33.942.669/0001-51;4;DESPESAS DE CAPITAL;4;INVESTIMENTOS;51;OBRAS E INSTALACOES;90;APLICACOES DIRETAS;3;EXECUCAO DE OBRAS POR CONTRATO DE BENS PATRIMONIAVEIS;97;TRANSFERENCIAS ESPECIAIS DE RECURSOS DA UNIAO;183322,94;0,0;186859,96;183322,94;0,0;3537,02;0;0,0;0,0;183322,94
9314583;1250072 000025/2022;99;2022-08-29;HPE AUTOMOTORES DO BRASIL LTDA;54.305.743/0011-70;4;DESPESAS DE CAPITAL;4;INVESTIMENTOS;52;EQUIPAMENTOS E MATERIAL PERMANENTE;90;APLICACOES DIRETAS;17;VEICULOS;97;TRANSFERENCIAS ESPECIAIS DE RECURSOS DA UNIAO;199980,5;0,0;199980,5;199980,5;0,0;0,0;0;0,0;0,0;199980,5
9314583;1250072 000035/2021;43;2022-06-13;HPE AUTOMOTORES DO BRASIL LTDA;54.305.743/0011-70;4;DESPESAS DE CAPITAL;4;INVESTIMENTOS;52;EQUIPAMENTOS E MATERIAL PERMANENTE;90;APLICACOES DIRETAS;17;VEICULOS;97;TRANSFERENCIAS ESPECIAIS DE RECURSOS DA UNIAO;283000,0;0,0;283000,0;283000,0;0,0;0,0;0;0,0;0,0;283000,0
9314583;1250084 000040/2022;62;2022-06-08;GLOCK AMERICA S.A.;99.999.990/1090-00;4;DESPESAS DE CAPITAL;4;INVESTIMENTOS;52;EQUIPAMENTOS E MATERIAL PERMANENTE;90;APLICACOES DIRETAS;3;ARMAMENTO E EQUIPAMENTO DE USO POLICIAL;97;TRANSFERENCIAS ESPECIAIS DE RECURSOS DA UNIAO;0,0;7992,0;0,0;0,0;0,0;0,0;0;0,0;0,0;0,0
9314583;1250084 000149/2024;428;2024-12-23;GLOCK AMERICA S.A.;99.999.990/1090-00;4;DESPESAS DE CAPITAL;4;INVESTIMENTOS;52;EQUIPAMENTOS E MATERIAL PERMANENTE;90;APLICACOES DIRETAS;3;ARMAMENTO E EQUIPAMENTO DE USO POLICIAL;97;TRANSFERENCIAS ESPECIAIS DE RECURSOS DA UNIAO - RECURSOS RECEBIDOS ATE 2023;24557,67;0,0;26674,71;24557,67;0,0;2117,04;0;0,0;0,0;24210,47
9314583;1259662 000041/2022;475;2022-12-30;AILZA PEREIRA DOS SANTOS 86997432620;36.079.995/0001-75;4;DESPESAS DE CAPITAL;4;INVESTIMENTOS;52;EQUIPAMENTOS E MATERIAL PERMANENTE;90;APLICACOES DIRETAS;8;EQUIPAMENTOS DE SOM, VIDEO, FOTOGRAFICO E CINEMATOGRAFICO;97;TRANSFERENCIAS ESPECIAIS DE RECURSOS DA UNIAO;13420,0;0,0;13420,0;13420,0;0,0;0,0;0;0,0;0,0;13420,0
9315157;1401269 000015/2022;112;2022-07-13;3M DO BRASIL LTDA;45.985.371/0001-08;4;DESPESAS DE CAPITAL;4;INVESTIMENTOS;52;EQUIPAMENTOS E MATERIAL PERMANENTE;90;APLICACOES DIRETAS;3;ARMAMENTO E EQUIPAMENTO DE USO POLICIAL;24;CONVENIOS, ACORDOS E AJUSTES PROVENIENTES DA UNIAO E SUAS ENTIDADES;94500,0;0,0;189000,0;94500,0;0,0;0,0;0;0,0;0,0;94500,0
9315157;1401269 000015/2022;113;2022-07-13;3M DO BRASIL LTDA;45.985.371/0001-08;4;DESPESAS DE CAPITAL;4;INVESTIMENTOS;52;EQUIPAMENTOS E MATERIAL PERMANENTE;90;APLICACOES DIRETAS;3;ARMAMENTO E EQUIPAMENTO DE USO POLICIAL;10;RECURSOS ORDINARIOS;31500,0;0,0;63000,0;31500,0;0,0;0,0;0;0,0;0,0;31500,0
9315157;1401269 000015/2022;114;2022-07-13;3M DO BRASIL LTDA;45.985.371/0001-08;4;DESPESAS DE CAPITAL;4;INVESTIMENTOS;52;EQUIPAMENTOS E MATERIAL PERMANENTE;90;APLICACOES DIRETAS;3;ARMAMENTO E EQUIPAMENTO DE USO POLICIAL;24;CONVENIOS, ACORDOS E AJUSTES PROVENIENTES DA UNIAO E SUAS ENTIDADES;22550,67;0,0;45101,34;22550,67;0,0;0,0;0;0,0;0,0;22550,67
9315157;1401269 000015/2022;115;2022-07-13;3M DO BRASIL LTDA;45.985.371/0001-08;4;DESPESAS DE CAPITAL;4;INVESTIMENTOS;52;EQUIPAMENTOS E MATERIAL PERMANENTE;90;APLICACOES DIRETAS;3;ARMAMENTO E EQUIPAMENTO DE USO POLICIAL;10;RECURSOS ORDINARIOS;8949,0;0,0;17898,0;8949,0;0,0;0,0;0;0,0;0,0;8949,0
9315157;1401269 000021/2022;150;2022-08-18;RESGATECNICA COMERCIO DE EQUIPAMENTOS DE RESGATE LTDA;15.453.449/0001-82;4;DESPESAS DE CAPITAL;4;INVESTIMENTOS;52;EQUIPAMENTOS E MATERIAL PERMANENTE;90;APLICACOES DIRETAS;3;ARMAMENTO E EQUIPAMENTO DE USO POLICIAL;24;CONVENIOS, ACORDOS E AJUSTES PROVENIENTES DA UNIAO E SUAS ENTIDADES;0,0;0,0;117998,97;0,0;0,0;117998,97;0;0,0;0,0;0,0
9315170;1401269 000015/2022;73;2022-05-03;3M DO BRASIL LTDA;45.985.371/0001-08;4;DESPESAS DE CAPITAL;4;INVESTIMENTOS;52;EQUIPAMENTOS E MATERIAL PERMANENTE;90;APLICACOES DIRETAS;3;ARMAMENTO E EQUIPAMENTO DE USO POLICIAL;24;CONVENIOS, ACORDOS E AJUSTES PROVENIENTES DA UNIAO E SUAS ENTIDADES;3199466,0;0,0;3199466,01;3199466,0;0,0;0,0;0;0,0;0,0;0,0
9315170;1401269 000015/2022;74;2022-05-03;3M DO BRASIL LTDA;45.985.371/0001-08;4;DESPESAS DE CAPITAL;4;INVESTIMENTOS;52;EQUIPAMENTOS E MATERIAL PERMANENTE;90;APLICACOES DIRETAS;3;ARMAMENTO E EQUIPAMENTO DE USO POLICIAL;10;RECURSOS ORDINARIOS;265532,0;0,0;265532,81;265532,0;0,0;0,0;0;0,0;0,0;0,0
9315170;1401269 000021/2022;146;2022-08-18;RESGATECNICA COMERCIO DE EQUIPAMENTOS DE RESGATE LTDA;15.453.449/0001-82;4;DESPESAS DE CAPITAL;4;INVESTIMENTOS;52;EQUIPAMENTOS E MATERIAL PERMANENTE;90;APLICACOES DIRETAS;3;ARMAMENTO E EQUIPAMENTO DE USO POLICIAL;24;CONVENIOS, ACORDOS E AJUSTES PROVENIENTES DA UNIAO E SUAS ENTIDADES;0,0;0,0;238994,97;0,0;0,0;238994,97;0;0,0;0,0;0,0
9315267;1250072 000016/2022;109;2022-09-08;BH MOTORES PECAS E SERVICOS LTDA;17.896.715/0001-77;4;DESPESAS DE CAPITAL;4;INVESTIMENTOS;52;EQUIPAMENTOS E MATERIAL PERMANENTE;90;APLICACOES DIRETAS;17;VEICULOS;97;TRANSFERENCIAS ESPECIAIS DE RECURSOS DA UNIAO;0,0;0,0;0,03;0,0;0,0;0,03;0;0,0;0,0;0,0
9315341;1250084 000028/2024;189;2024-09-30;AXON ENTERPRISE INC;99.999.990/1126-55;4;DESPESAS DE CAPITAL;4;INVESTIMENTOS;52;EQUIPAMENTOS E MATERIAL PERMANENTE;90;APLICACOES DIRETAS;3;ARMAMENTO E EQUIPAMENTO DE USO POLICIAL;97;TRANSFERENCIAS ESPECIAIS DE RECURSOS DA UNIAO - RECURSOS RECEBIDOS ATE 2023;0,0;901,24;0,0;0,0;0,0;0,0;0;0,0;0,0;0,0
9315350;1250072 000026/2025;100;2025-08-26;HPE AUTOMOTORES DO BRASIL LTDA;54.305.743/0011-70;4;DESPESAS DE CAPITAL;4;INVESTIMENTOS;52;EQUIPAMENTOS E MATERIAL PERMANENTE;90;APLICACOES DIRETAS;17;VEICULOS;1;CONVENIOS COM A UNIAO E SUAS ENTIDADES - EMENDAS INDIVIDUAIS;1088000,0;0,0;1088000,0;1088000,0;0,0;0,0;0;0,0;0,0;1074944,0
9317307;1250072 000025/2022;97;2022-08-29;HPE AUTOMOTORES DO BRASIL LTDA;54.305.743/0011-70;4;DESPESAS DE CAPITAL;4;INVESTIMENTOS;52;EQUIPAMENTOS E MATERIAL PERMANENTE;90;APLICACOES DIRETAS;17;VEICULOS;97;TRANSFERENCIAS ESPECIAIS DE RECURSOS DA UNIAO;183991,5;0,0;183991,5;183991,5;0,0;0,0;0;0,0;0,0;183991,5
9317308;1250084 000149/2024;457;2024-12-26;GLOCK AMERICA S.A.;99.999.990/1090-00;4;DESPESAS DE CAPITAL;4;INVESTIMENTOS;52;EQUIPAMENTOS E MATERIAL PERMANENTE;90;APLICACOES DIRETAS;3;ARMAMENTO E EQUIPAMENTO DE USO POLICIAL;97;TRANSFERENCIAS ESPECIAIS DE RECURSOS DA UNIAO - RECURSOS RECEBIDOS ATE 2023;90044,77;0,0;97807,25;90044,77;0,0;7762,48;0;0,0;0,0;88771,75
9317482;1511189 000011/2022;96;2022-06-22;ACHEI INDUSTRIA DE MOVEIS LTDA;08.221.047/0001-97;4;DESPESAS DE CAPITAL;4;INVESTIMENTOS;52;EQUIPAMENTOS E MATERIAL PERMANENTE;90;APLICACOES DIRETAS;14;MOBILIARIO;24;CONVENIOS, ACORDOS E AJUSTES PROVENIENTES DA UNIAO E SUAS ENTIDADES;0,0;338665,6;0,0;0,0;0,0;0,0;0;0,0;338665,6;0,0
9317482;1511189 000049/2022;98;2022-06-22;ECS COMERCIO DE VEICULOS E EQUIPAMENTOS LTDA;08.206.867/0001-00;4;DESPESAS DE CAPITAL;4;INVESTIMENTOS;52;EQUIPAMENTOS E MATERIAL PERMANENTE;90;APLICACOES DIRETAS;17;VEICULOS;24;CONVENIOS, ACORDOS E AJUSTES PROVENIENTES DA UNIAO E SUAS ENTIDADES;0,0;515108,0;0,0;0,0;0,0;0,0;0;0,0;515108,0;0,0
9317482;1511189 000049/2022;99;2022-06-22;ECS COMERCIO DE VEICULOS E EQUIPAMENTOS LTDA;08.206.867/0001-00;4;DESPESAS DE CAPITAL;4;INVESTIMENTOS;52;EQUIPAMENTOS E MATERIAL PERMANENTE;90;APLICACOES DIRETAS;17;VEICULOS;24;CONVENIOS, ACORDOS E AJUSTES PROVENIENTES DA UNIAO E SUAS ENTIDADES;0,0;128777,0;0,0;0,0;0,0;0,0;0;0,0;128777,0;0,0
9317482;1511189 000049/2022;102;2022-06-22;ECS COMERCIO DE VEICULOS E EQUIPAMENTOS LTDA;08.206.867/0001-00;4;DESPESAS DE CAPITAL;4;INVESTIMENTOS;52;EQUIPAMENTOS E MATERIAL PERMANENTE;90;APLICACOES DIRETAS;17;VEICULOS;24;CONVENIOS, ACORDOS E AJUSTES PROVENIENTES DA UNIAO E SUAS ENTIDADES;0,0;128777,0;0,0;0,0;0,0;0,0;0;0,0;128777,0;0,0
9317482;1511189 000049/2022;103;2022-06-22;ECS COMERCIO DE VEICULOS E EQUIPAMENTOS LTDA;08.206.867/0001-00;4;DESPESAS DE CAPITAL;4;INVESTIMENTOS;52;EQUIPAMENTOS E MATERIAL PERMANENTE;90;APLICACOES DIRETAS;17;VEICULOS;24;CONVENIOS, ACORDOS E AJUSTES PROVENIENTES DA UNIAO E SUAS ENTIDADES;0,0;257554,0;0,0;0,0;0,0;0,0;0;0,0;257554,0;0,0
9317482;1511189 000049/2022;104;2022-06-22;ECS COMERCIO DE VEICULOS E EQUIPAMENTOS LTDA;08.206.867/0001-00;4;DESPESAS DE CAPITAL;4;INVESTIMENTOS;52;EQUIPAMENTOS E MATERIAL PERMANENTE;90;APLICACOES DIRETAS;17;VEICULOS;24;CONVENIOS, ACORDOS E AJUSTES PROVENIENTES DA UNIAO E SUAS ENTIDADES;0,0;128777,0;0,0;0,0;0,0;0,0;0;0,0;128777,0;0,0
9317482;1511189 000049/2022;106;2022-06-22;ECS COMERCIO DE VEICULOS E EQUIPAMENTOS LTDA;08.206.867/0001-00;4;DESPESAS DE CAPITAL;4;INVESTIMENTOS;52;EQUIPAMENTOS E MATERIAL PERMANENTE;90;APLICACOES DIRETAS;17;VEICULOS;24;CONVENIOS, ACORDOS E AJUSTES PROVENIENTES DA UNIAO E SUAS ENTIDADES;0,0;386331,0;0,0;0,0;0,0;0,0;0;0,0;386331,0;0,0
9317482;1511189 000049/2022;107;2022-06-22;ECS COMERCIO DE VEICULOS E EQUIPAMENTOS LTDA;08.206.867/0001-00;4;DESPESAS DE CAPITAL;4;INVESTIMENTOS;52;EQUIPAMENTOS E MATERIAL PERMANENTE;90;APLICACOES DIRETAS;17;VEICULOS;24;CONVENIOS, ACORDOS E AJUSTES PROVENIENTES DA UNIAO E SUAS ENTIDADES;0,0;128777,0;0,0;0,0;0,0;0,0;0;0,0;128777,0;0,0
9317482;1511189 000049/2022;113;2022-06-22;ECS COMERCIO DE VEICULOS E EQUIPAMENTOS LTDA;08.206.867/0001-00;4;DESPESAS DE CAPITAL;4;INVESTIMENTOS;52;EQUIPAMENTOS E MATERIAL PERMANENTE;90;APLICACOES DIRETAS;17;VEICULOS;24;CONVENIOS, ACORDOS E AJUSTES PROVENIENTES DA UNIAO E SUAS ENTIDADES;0,0;257554,0;0,0;0,0;0,0;0,0;0;0,0;257554,0;0,0
9317482;1511189 000049/2022;114;2022-06-22;ECS COMERCIO DE VEICULOS E EQUIPAMENTOS LTDA;08.206.867/0001-00;4;DESPESAS DE CAPITAL;4;INVESTIMENTOS;52;EQUIPAMENTOS E MATERIAL PERMANENTE;90;APLICACOES DIRETAS;17;VEICULOS;24;CONVENIOS, ACORDOS E AJUSTES PROVENIENTES DA UNIAO E SUAS ENTIDADES;0,0;128777,0;0,0;0,0;0,0;0,0;0;0,0;128777,0;0,0
9317482;1511189 000049/2022;116;2022-06-22;ECS COMERCIO DE VEICULOS E EQUIPAMENTOS LTDA;08.206.867/0001-00;4;DESPESAS DE CAPITAL;4;INVESTIMENTOS;52;EQUIPAMENTOS E MATERIAL PERMANENTE;90;APLICACOES DIRETAS;17;VEICULOS;24;CONVENIOS, ACORDOS E AJUSTES PROVENIENTES DA UNIAO E SUAS ENTIDADES;0,0;257554,0;0,0;0,0;0,0;0,0;0;0,0;257554,0;0,0
9317482;1511189 000049/2022;117;2022-06-22;ECS COMERCIO DE VEICULOS E EQUIPAMENTOS LTDA;08.206.867/0001-00;4;DESPESAS DE CAPITAL;4;INVESTIMENTOS;52;EQUIPAMENTOS E MATERIAL PERMANENTE;90;APLICACOES DIRETAS;17;VEICULOS;24;CONVENIOS, ACORDOS E AJUSTES PROVENIENTES DA UNIAO E SUAS ENTIDADES;0,0;515108,0;0,0;0,0;0,0;0,0;0;0,0;515108,0;0,0
9317482;1511189 000212/2024;84;2024-12-16;CARBEL PARIS VEICULOS LTDA;04.743.359/0001-00;4;DESPESAS DE CAPITAL;4;INVESTIMENTOS;52;EQUIPAMENTOS E MATERIAL PERMANENTE;90;APLICACOES DIRETAS;17;VEICULOS;10;RECURSOS ORDINARIOS - RECURSOS NAO VINCULADOS DE IMPOSTOS;0,0;0,0;266789,0;0,0;0,0;266789,0;0;0,0;0,0;0,0
9317482;1511189 000212/2024;85;2024-12-16;CARBEL PARIS VEICULOS LTDA;04.743.359/0001-00;4;DESPESAS DE CAPITAL;4;INVESTIMENTOS;52;EQUIPAMENTOS E MATERIAL PERMANENTE;90;APLICACOES DIRETAS;17;VEICULOS;2;CONVENIOS COM A UNIAO E SUAS ENTIDADES - EMENDAS DE BANCADA;0,0;0,0;3355705,98;0,0;0,0;3355705,98;0;0,0;0,0;0,0
9317482;1511189 000246/2025;74;2025-12-15;GENERAL MOTORS DO BRASIL LTDA;59.275.792/0001-50;4;DESPESAS DE CAPITAL;4;INVESTIMENTOS;52;EQUIPAMENTOS E MATERIAL PERMANENTE;90;APLICACOES DIRETAS;17;VEICULOS;2;CONVENIOS COM A UNIAO E SUAS ENTIDADES - EMENDAS DE BANCADA;3062588,76;0,0;3062588,76;3062588,76;0,0;0,0;0;0,0;0,0;3025837,71
9317482;1511189 000246/2025;75;2025-12-15;GENERAL MOTORS DO BRASIL LTDA;59.275.792/0001-50;4;DESPESAS DE CAPITAL;4;INVESTIMENTOS;52;EQUIPAMENTOS E MATERIAL PERMANENTE;90;APLICACOES DIRETAS;17;VEICULOS;2;CONVENIOS COM A UNIAO E SUAS ENTIDADES - EMENDAS DE BANCADA;73493,62;0,0;73493,62;73493,62;0,0;0,0;0;0,0;0,0;69410,65
9317482;1511189 000246/2025;76;2025-12-15;GENERAL MOTORS DO BRASIL LTDA;59.275.792/0001-50;4;DESPESAS DE CAPITAL;4;INVESTIMENTOS;52;EQUIPAMENTOS E MATERIAL PERMANENTE;90;APLICACOES DIRETAS;17;VEICULOS;10;RECURSOS ORDINARIOS - RECURSOS NAO VINCULADOS DE IMPOSTOS;266754,62;0,0;266754,62;266754,62;0,0;0,0;0;0,0;0,0;266754,62
9317493;1481264 000030/2022;212;2022-08-26;DELVA FABRICACAO DE PECAS EM METAIS LTDA;09.135.430/0001-95;4;DESPESAS DE CAPITAL;4;INVESTIMENTOS;52;EQUIPAMENTOS E MATERIAL PERMANENTE;90;APLICACOES DIRETAS;13;MATERIAL ESPORTIVO E RECREATIVO;97;TRANSFERENCIAS ESPECIAIS DE RECURSOS DA UNIAO;44361,8;0,0;44361,8;44361,8;0,0;0,0;0;0,0;0,0;44361,8
9317493;1481264 000030/2022;213;2022-08-26;DELVA FABRICACAO DE PECAS EM METAIS LTDA;09.135.430/0001-95;4;DESPESAS DE CAPITAL;4;INVESTIMENTOS;52;EQUIPAMENTOS E MATERIAL PERMANENTE;90;APLICACOES DIRETAS;12;MAQUINAS, APARELHOS, UTENSILIOS E EQUIPAMENTOS  USO ADMINISTRATIVO;97;TRANSFERENCIAS ESPECIAIS DE RECURSOS DA UNIAO;4564,43;0,0;4564,43;4564,43;0,0;0,0;0;0,0;0,0;4564,43
9317493;1481264 000030/2022;214;2022-08-26;ZIOBER BRASIL LTDA;08.374.053/0001-84;4;DESPESAS DE CAPITAL;4;INVESTIMENTOS;52;EQUIPAMENTOS E MATERIAL PERMANENTE;90;APLICACOES DIRETAS;13;MATERIAL ESPORTIVO E RECREATIVO;97;TRANSFERENCIAS ESPECIAIS DE RECURSOS DA UNIAO;0,0;0,0;71244,0;0,0;0,0;23748,0;0;0,0;0,0;0,0
9317493;1481264 000030/2022;215;2022-08-27;ZIOBER BRASIL LTDA;08.374.053/0001-84;4;DESPESAS DE CAPITAL;4;INVESTIMENTOS;52;EQUIPAMENTOS E MATERIAL PERMANENTE;90;APLICACOES DIRETAS;12;MAQUINAS, APARELHOS, UTENSILIOS E EQUIPAMENTOS  USO ADMINISTRATIVO;97;TRANSFERENCIAS ESPECIAIS DE RECURSOS DA UNIAO;0,0;0,0;7652,64;0,0;0,0;2550,88;0;0,0;0,0;0,0
9317586;1250084 000012/2022;58;2022-05-31;ISRAEL WEAPON INDUSTRIES (I.W.I) LTD;99.999.990/1104-40;4;DESPESAS DE CAPITAL;4;INVESTIMENTOS;52;EQUIPAMENTOS E MATERIAL PERMANENTE;90;APLICACOES DIRETAS;3;ARMAMENTO E EQUIPAMENTO DE USO POLICIAL;97;TRANSFERENCIAS ESPECIAIS DE RECURSOS DA UNIAO;0,0;3956,58;0,0;0,0;0,0;0,0;0;0,0;0,0;0,0
9318436;1250072 000090/2022;307;2022-12-30;HPE AUTOMOTORES DO BRASIL LTDA;54.305.743/0011-70;4;DESPESAS DE CAPITAL;4;INVESTIMENTOS;52;EQUIPAMENTOS E MATERIAL PERMANENTE;90;APLICACOES DIRETAS;17;VEICULOS;24;CONVENIOS, ACORDOS E AJUSTES PROVENIENTES DA UNIAO E SUAS ENTIDADES;13104000,0;0,0;13104000,0;13104000,0;0,0;0,0;0;0,0;0,0;12946752,0
9318436;1250072 000090/2022;308;2022-12-30;HPE AUTOMOTORES DO BRASIL LTDA;54.305.743/0011-70;4;DESPESAS DE CAPITAL;4;INVESTIMENTOS;52;EQUIPAMENTOS E MATERIAL PERMANENTE;90;APLICACOES DIRETAS;17;VEICULOS;10;RECURSOS ORDINARIOS;624000,0;0,0;624000,0;624000,0;0,0;0,0;0;0,0;0,0;616512,0
9318436;1250072 000090/2022;309;2022-12-30;HPE AUTOMOTORES DO BRASIL LTDA;54.305.743/0011-70;4;DESPESAS DE CAPITAL;4;INVESTIMENTOS;52;EQUIPAMENTOS E MATERIAL PERMANENTE;90;APLICACOES DIRETAS;17;VEICULOS;10;RECURSOS ORDINARIOS;218267,72;0,0;218267,72;218267,72;0,0;0,0;0;0,0;0,0;215648,51
9318436;1250072 000090/2022;311;2022-12-30;HPE AUTOMOTORES DO BRASIL LTDA;54.305.743/0011-70;4;DESPESAS DE CAPITAL;4;INVESTIMENTOS;52;EQUIPAMENTOS E MATERIAL PERMANENTE;90;APLICACOES DIRETAS;17;VEICULOS;24;CONVENIOS, ACORDOS E AJUSTES PROVENIENTES DA UNIAO E SUAS ENTIDADES;93721,59;0,0;93721,59;93721,59;0,0;0,0;0;0,0;0,0;92596,8
9318756;1511189 000082/2022;118;2023-06-30;GLOCK AMERICA S.A.;99.999.990/1090-00;4;DESPESAS DE CAPITAL;4;INVESTIMENTOS;52;EQUIPAMENTOS E MATERIAL PERMANENTE;90;APLICACOES DIRETAS;3;ARMAMENTO E EQUIPAMENTO DE USO POLICIAL;97;TRANSFERENCIAS ESPECIAIS DE RECURSOS DA UNIAO;0,0;31747,5;0,0;0,0;0,0;0,0;0;0,0;31747,5;0,0
9318756;1511189 000117/2022;396;2022-09-23;LIDER NOTEBOOKS COMERCIO E SERVICOS LTDA;12.477.490/0002-81;4;DESPESAS DE CAPITAL;4;INVESTIMENTOS;52;EQUIPAMENTOS E MATERIAL PERMANENTE;90;APLICACOES DIRETAS;7;EQUIPAMENTOS DE INFORMATICA;97;TRANSFERENCIAS ESPECIAIS DE RECURSOS DA UNIAO;0,0;21000,0;0,0;0,0;0,0;0,0;0;0,0;21000,0;0,0
9318756;1511189 000117/2022;574;2022-11-29;LIDER NOTEBOOKS COMERCIO E SERVICOS LTDA;12.477.490/0002-81;4;DESPESAS DE CAPITAL;4;INVESTIMENTOS;52;EQUIPAMENTOS E MATERIAL PERMANENTE;90;APLICACOES DIRETAS;7;EQUIPAMENTOS DE INFORMATICA;97;TRANSFERENCIAS ESPECIAIS DE RECURSOS DA UNIAO;42000,0;0,0;42000,0;42000,0;0,0;0,0;0;0,0;0,0;42000,0
9318756;1511189 000120/2022;504;2022-11-10;DISTRIBUIDORA PERES & ARAUJO LTDA - ME;21.641.059/0001-39;4;DESPESAS DE CAPITAL;4;INVESTIMENTOS;52;EQUIPAMENTOS E MATERIAL PERMANENTE;90;APLICACOES DIRETAS;6;EQUIPAMENTOS DE COMUNICACAO E TELEFONIA;97;TRANSFERENCIAS ESPECIAIS DE RECURSOS DA UNIAO;0,0;800,0;0,0;0,0;0,0;0,0;0;0,0;800,0;0,0
9318756;1511189 000209/2022;494;2022-11-04;ONE TOUCH 3D TECHNOLOGY EQUIPMENT LIMITADA;42.337.353/0001-21;4;DESPESAS DE CAPITAL;4;INVESTIMENTOS;52;EQUIPAMENTOS E MATERIAL PERMANENTE;90;APLICACOES DIRETAS;1;AERONAVES E COMPONENTES ESTRUTURAIS;97;TRANSFERENCIAS ESPECIAIS DE RECURSOS DA UNIAO;0,0;11990,0;0,0;0,0;0,0;0,0;0;0,0;11990,0;0,0
9318759;1511189 000092/2023;189;2023-09-19;3D PROJETOS E ASSESSORIA EM INFORMATICA LTDA;07.766.048/0002-35;4;DESPESAS DE CAPITAL;4;INVESTIMENTOS;52;EQUIPAMENTOS E MATERIAL PERMANENTE;90;APLICACOES DIRETAS;8;EQUIPAMENTOS DE SOM, VIDEO, FOTOGRAFICO E CINEMATOGRAFICO;97;TRANSFERENCIAS ESPECIAIS DE RECURSOS DA UNIAO;0,0;2400,07;0,0;0,0;0,0;0,0;0;0,0;2371,27;0,0
9318759;1511189 000190/2023;204;2023-10-09;TECNO 2000 INDUSTRIA E COMERCIO LTDA;21.306.287/0001-52;4;DESPESAS DE CAPITAL;4;INVESTIMENTOS;52;EQUIPAMENTOS E MATERIAL PERMANENTE;90;APLICACOES DIRETAS;14;MOBILIARIO;97;TRANSFERENCIAS ESPECIAIS DE RECURSOS DA UNIAO;6300,0;0,0;6300,0;6300,0;0,0;0,0;0;0,0;0,0;6224,4
9318759;1511189 000298/2022;661;2022-12-29;STRADA VEICULOS E PECAS LTDA;01.654.749/0001-15;4;DESPESAS DE CAPITAL;4;INVESTIMENTOS;52;EQUIPAMENTOS E MATERIAL PERMANENTE;90;APLICACOES DIRETAS;17;VEICULOS;97;TRANSFERENCIAS ESPECIAIS DE RECURSOS DA UNIAO;80000,0;0,0;80000,0;80000,0;0,0;0,0;0;0,0;0,0;80000,0
9319191;1451044 000289/2022;140;2023-12-20;STRADA VEICULOS E PECAS LTDA;01.654.749/0001-15;4;DESPESAS DE CAPITAL;4;INVESTIMENTOS;52;EQUIPAMENTOS E MATERIAL PERMANENTE;90;APLICACOES DIRETAS;17;VEICULOS;1;CONVENIOS COM A UNIAO E SUAS ENTIDADES - EMENDAS INDIVIDUAIS;86076,13;0,0;86076,13;86076,13;0,0;0,0;0;0,0;0,0;85043,22
9319191;1451044 000289/2022;142;2023-12-27;STRADA VEICULOS E PECAS LTDA;01.654.749/0001-15;4;DESPESAS DE CAPITAL;4;INVESTIMENTOS;52;EQUIPAMENTOS E MATERIAL PERMANENTE;90;APLICACOES DIRETAS;17;VEICULOS;10;RECURSOS ORDINARIOS - RECURSOS NAO VINCULADOS DE IMPOSTOS;2863,87;0,0;2863,87;2863,87;0,0;0,0;0;0,0;0,0;2829,5
9319439;1511189 000011/2022;283;2022-08-17;LOGGERAIS, INDUSTRIA, COMERCIO E DISTRIBUIDORA LTDA - ME;09.368.381/0001-30;4;DESPESAS DE CAPITAL;4;INVESTIMENTOS;52;EQUIPAMENTOS E MATERIAL PERMANENTE;90;APLICACOES DIRETAS;14;MOBILIARIO;24;CONVENIOS, ACORDOS E AJUSTES PROVENIENTES DA UNIAO E SUAS ENTIDADES;0,0;16560,0;0,0;0,0;0,0;0,0;0;0,0;16560,0;0,0
9319439;1511189 000011/2022;497;2022-11-09;ACHEI INDUSTRIA DE MOVEIS LTDA;08.221.047/0001-97;4;DESPESAS DE CAPITAL;4;INVESTIMENTOS;52;EQUIPAMENTOS E MATERIAL PERMANENTE;90;APLICACOES DIRETAS;14;MOBILIARIO;24;CONVENIOS, ACORDOS E AJUSTES PROVENIENTES DA UNIAO E SUAS ENTIDADES;42984,96;0,0;42984,96;42984,96;0,0;0,0;0;0,0;0,0;42984,96
9319439;1511189 000011/2022;499;2022-11-09;INB COMERCIO LTDA;43.029.546/0001-88;4;DESPESAS DE CAPITAL;4;INVESTIMENTOS;52;EQUIPAMENTOS E MATERIAL PERMANENTE;90;APLICACOES DIRETAS;8;EQUIPAMENTOS DE SOM, VIDEO, FOTOGRAFICO E CINEMATOGRAFICO;24;CONVENIOS, ACORDOS E AJUSTES PROVENIENTES DA UNIAO E SUAS ENTIDADES;22500,0;0,0;22500,0;22500,0;0,0;0,0;0;0,0;0,0;22500,0
9319439;1511189 000011/2022;505;2022-11-11;MADELIDER COMERCIAL EIRELI EPP;02.027.570/0001-09;4;DESPESAS DE CAPITAL;4;INVESTIMENTOS;52;EQUIPAMENTOS E MATERIAL PERMANENTE;90;APLICACOES DIRETAS;14;MOBILIARIO;24;CONVENIOS, ACORDOS E AJUSTES PROVENIENTES DA UNIAO E SUAS ENTIDADES;32022,0;0,0;32022,0;32022,0;0,0;0,0;0;0,0;0,0;32022,0
9319439;1511189 000072/2022;536;2022-11-21;METODO SYSTEM COMERCIO E SERVICOS LTDA;07.346.478/0001-17;4;DESPESAS DE CAPITAL;4;INVESTIMENTOS;52;EQUIPAMENTOS E MATERIAL PERMANENTE;90;APLICACOES DIRETAS;6;EQUIPAMENTOS DE COMUNICACAO E TELEFONIA;24;CONVENIOS, ACORDOS E AJUSTES PROVENIENTES DA UNIAO E SUAS ENTIDADES;1312,0;0,0;1312,0;1312,0;0,0;0,0;0;0,0;0,0;1312,0
9319439;1511189 000072/2022;537;2022-11-21;METODO SYSTEM COMERCIO E SERVICOS LTDA;07.346.478/0001-17;4;DESPESAS DE CAPITAL;4;INVESTIMENTOS;52;EQUIPAMENTOS E MATERIAL PERMANENTE;90;APLICACOES DIRETAS;6;EQUIPAMENTOS DE COMUNICACAO E TELEFONIA;24;CONVENIOS, ACORDOS E AJUSTES PROVENIENTES DA UNIAO E SUAS ENTIDADES;3936,0;0,0;3936,0;3936,0;0,0;0,0;0;0,0;0,0;3936,0
9319439;1511189 000072/2022;538;2022-11-21;METODO SYSTEM COMERCIO E SERVICOS LTDA;07.346.478/0001-17;4;DESPESAS DE CAPITAL;4;INVESTIMENTOS;52;EQUIPAMENTOS E MATERIAL PERMANENTE;90;APLICACOES DIRETAS;6;EQUIPAMENTOS DE COMUNICACAO E TELEFONIA;24;CONVENIOS, ACORDOS E AJUSTES PROVENIENTES DA UNIAO E SUAS ENTIDADES;1312,0;0,0;1312,0;1312,0;0,0;0,0;0;0,0;0,0;1312,0
9319439;1511189 000072/2022;539;2022-11-21;METODO SYSTEM COMERCIO E SERVICOS LTDA;07.346.478/0001-17;4;DESPESAS DE CAPITAL;4;INVESTIMENTOS;52;EQUIPAMENTOS E MATERIAL PERMANENTE;90;APLICACOES DIRETAS;6;EQUIPAMENTOS DE COMUNICACAO E TELEFONIA;24;CONVENIOS, ACORDOS E AJUSTES PROVENIENTES DA UNIAO E SUAS ENTIDADES;3936,0;0,0;3936,0;3936,0;0,0;0,0;0;0,0;0,0;3936,0
9319439;1511189 000072/2022;540;2022-11-21;METODO SYSTEM COMERCIO E SERVICOS LTDA;07.346.478/0001-17;4;DESPESAS DE CAPITAL;4;INVESTIMENTOS;52;EQUIPAMENTOS E MATERIAL PERMANENTE;90;APLICACOES DIRETAS;6;EQUIPAMENTOS DE COMUNICACAO E TELEFONIA;24;CONVENIOS, ACORDOS E AJUSTES PROVENIENTES DA UNIAO E SUAS ENTIDADES;2624,0;0,0;2624,0;2624,0;0,0;0,0;0;0,0;0,0;2624,0
9319439;1511189 000072/2022;541;2022-11-21;METODO SYSTEM COMERCIO E SERVICOS LTDA;07.346.478/0001-17;4;DESPESAS DE CAPITAL;4;INVESTIMENTOS;52;EQUIPAMENTOS E MATERIAL PERMANENTE;90;APLICACOES DIRETAS;6;EQUIPAMENTOS DE COMUNICACAO E TELEFONIA;24;CONVENIOS, ACORDOS E AJUSTES PROVENIENTES DA UNIAO E SUAS ENTIDADES;1312,0;0,0;1312,0;1312,0;0,0;0,0;0;0,0;0,0;1312,0
9319439;1511189 000072/2022;542;2022-11-21;METODO SYSTEM COMERCIO E SERVICOS LTDA;07.346.478/0001-17;4;DESPESAS DE CAPITAL;4;INVESTIMENTOS;52;EQUIPAMENTOS E MATERIAL PERMANENTE;90;APLICACOES DIRETAS;6;EQUIPAMENTOS DE COMUNICACAO E TELEFONIA;24;CONVENIOS, ACORDOS E AJUSTES PROVENIENTES DA UNIAO E SUAS ENTIDADES;1312,0;0,0;1312,0;1312,0;0,0;0,0;0;0,0;0,0;1312,0
9319439;1511189 000147/2022;672;2022-12-30;MARCELO LUIZ CLEMENTE BRANDAO -ME;07.820.223/0001-44;4;DESPESAS DE CAPITAL;4;INVESTIMENTOS;52;EQUIPAMENTOS E MATERIAL PERMANENTE;90;APLICACOES DIRETAS;8;EQUIPAMENTOS DE SOM, VIDEO, FOTOGRAFICO E CINEMATOGRAFICO;24;CONVENIOS, ACORDOS E AJUSTES PROVENIENTES DA UNIAO E SUAS ENTIDADES;1200,0;0,0;1200,0;1200,0;0,0;0,0;0;0,0;0,0;1200,0
9319439;1511189 000147/2022;673;2022-12-30;MARCELO LUIZ CLEMENTE BRANDAO -ME;07.820.223/0001-44;4;DESPESAS DE CAPITAL;4;INVESTIMENTOS;52;EQUIPAMENTOS E MATERIAL PERMANENTE;90;APLICACOES DIRETAS;8;EQUIPAMENTOS DE SOM, VIDEO, FOTOGRAFICO E CINEMATOGRAFICO;24;CONVENIOS, ACORDOS E AJUSTES PROVENIENTES DA UNIAO E SUAS ENTIDADES;400,0;0,0;400,0;400,0;0,0;0,0;0;0,0;0,0;400,0
9319439;1511189 000147/2022;674;2022-12-30;MARCELO LUIZ CLEMENTE BRANDAO -ME;07.820.223/0001-44;4;DESPESAS DE CAPITAL;4;INVESTIMENTOS;52;EQUIPAMENTOS E MATERIAL PERMANENTE;90;APLICACOES DIRETAS;8;EQUIPAMENTOS DE SOM, VIDEO, FOTOGRAFICO E CINEMATOGRAFICO;24;CONVENIOS, ACORDOS E AJUSTES PROVENIENTES DA UNIAO E SUAS ENTIDADES;400,0;0,0;400,0;400,0;0,0;0,0;0;0,0;0,0;400,0
9319439;1511189 000147/2022;675;2022-12-30;MARCELO LUIZ CLEMENTE BRANDAO -ME;07.820.223/0001-44;4;DESPESAS DE CAPITAL;4;INVESTIMENTOS;52;EQUIPAMENTOS E MATERIAL PERMANENTE;90;APLICACOES DIRETAS;8;EQUIPAMENTOS DE SOM, VIDEO, FOTOGRAFICO E CINEMATOGRAFICO;24;CONVENIOS, ACORDOS E AJUSTES PROVENIENTES DA UNIAO E SUAS ENTIDADES;1200,0;0,0;1200,0;1200,0;0,0;0,0;0;0,0;0,0;1200,0
9319439;1511189 000147/2022;676;2022-12-30;MARCELO LUIZ CLEMENTE BRANDAO -ME;07.820.223/0001-44;4;DESPESAS DE CAPITAL;4;INVESTIMENTOS;52;EQUIPAMENTOS E MATERIAL PERMANENTE;90;APLICACOES DIRETAS;8;EQUIPAMENTOS DE SOM, VIDEO, FOTOGRAFICO E CINEMATOGRAFICO;24;CONVENIOS, ACORDOS E AJUSTES PROVENIENTES DA UNIAO E SUAS ENTIDADES;800,0;0,0;800,0;800,0;0,0;0,0;0;0,0;0,0;800,0
9319439;1511189 000147/2022;677;2022-12-30;MARCELO LUIZ CLEMENTE BRANDAO -ME;07.820.223/0001-44;4;DESPESAS DE CAPITAL;4;INVESTIMENTOS;52;EQUIPAMENTOS E MATERIAL PERMANENTE;90;APLICACOES DIRETAS;8;EQUIPAMENTOS DE SOM, VIDEO, FOTOGRAFICO E CINEMATOGRAFICO;24;CONVENIOS, ACORDOS E AJUSTES PROVENIENTES DA UNIAO E SUAS ENTIDADES;400,0;0,0;400,0;400,0;0,0;0,0;0;0,0;0,0;400,0
9319439;1511189 000147/2022;678;2022-12-30;MARCELO LUIZ CLEMENTE BRANDAO -ME;07.820.223/0001-44;4;DESPESAS DE CAPITAL;4;INVESTIMENTOS;52;EQUIPAMENTOS E MATERIAL PERMANENTE;90;APLICACOES DIRETAS;8;EQUIPAMENTOS DE SOM, VIDEO, FOTOGRAFICO E CINEMATOGRAFICO;24;CONVENIOS, ACORDOS E AJUSTES PROVENIENTES DA UNIAO E SUAS ENTIDADES;400,0;0,0;400,0;400,0;0,0;0,0;0;0,0;0,0;400,0
9321263;1481264 000063/2024;155;2024-12-13;FOCO MONTAGENS LOCACOES E SERVICOS LTDA;32.010.868/0001-69;3;DESPESAS CORRENTES;3;OUTRAS DESPESAS CORRENTES;39;OUTROS SERVICOS DE TERCEIROS - PESSOA JURIDICA;90;APLICACOES DIRETAS;55;EVENTOS DE COMUNICACAO INSTITUCIONAL;10;RECURSOS ORDINARIOS - RECURSOS NAO VINCULADOS DE IMPOSTOS;0,0;0,0;1900,0;0,0;0,0;1900,0;0;0,0;0,0;0,0
9326079;0000000 000000/0000;2102;2023-05-17;FUNDACAO SAO FRANCISCO XAVIER;19.878.404/0044-40;3;DESPESAS CORRENTES;3;OUTRAS DESPESAS CORRENTES;41;CONTRIBUICOES;50;TRANSFERENCIAS A INSTITUICOES PRIVADAS SEM FINS LUCRATIVOS;1;CONTRIBUICOES;62;TRANSFERENCIAS DA UNIAO VINCULADAS A SAUDE - BLOCO MANUTENCAO - EMENDAS INDIVIDUAIS;0,0;0,0;250000,0;0,0;0,0;250000,0;0;0,0;0,0;0,0
9326079;0000000 000000/0000;3037;2023-07-27;ASSOCIACAO DE PROTECAO A MATERNIDADE E INFANCIA DE MINDURI;20.420.857/0001-78;3;DESPESAS CORRENTES;3;OUTRAS DESPESAS CORRENTES;41;CONTRIBUICOES;50;TRANSFERENCIAS A INSTITUICOES PRIVADAS SEM FINS LUCRATIVOS;1;CONTRIBUICOES;62;TRANSFERENCIAS DA UNIAO VINCULADAS A SAUDE - BLOCO MANUTENCAO - EMENDAS INDIVIDUAIS;0,0;162000,0;0,0;0,0;0,0;0,0;0;0,0;0,0;0,0
9326080;0000000 000000/0000;2089;2023-05-17;APAE DE MIRABELA;04.466.596/0001-70;3;DESPESAS CORRENTES;3;OUTRAS DESPESAS CORRENTES;41;CONTRIBUICOES;50;TRANSFERENCIAS A INSTITUICOES PRIVADAS SEM FINS LUCRATIVOS;1;CONTRIBUICOES;62;TRANSFERENCIAS DA UNIAO VINCULADAS A SAUDE - BLOCO MANUTENCAO - EMENDAS INDIVIDUAIS;7890,0;15780,0;7890,0;7890,0;0,0;0,0;0;0,0;0,0;0,0
9340397;1511189 000167/2024;67;2024-10-21;GRUPO MULTILASER S.A.;59.717.553/0006-17;4;DESPESAS DE CAPITAL;4;INVESTIMENTOS;52;EQUIPAMENTOS E MATERIAL PERMANENTE;90;APLICACOES DIRETAS;7;EQUIPAMENTOS DE INFORMATICA;97;TRANSFERENCIAS ESPECIAIS DE RECURSOS DA UNIAO - RECURSOS RECEBIDOS ATE 2023;3390,0;0,0;3390,0;3390,0;0,0;0,0;0;0,0;0,0;3349,32
9340397;1511189 000167/2024;71;2024-10-21;LIDER NOTEBOOKS COMERCIO E SERVICOS LTDA;12.477.490/0002-81;4;DESPESAS DE CAPITAL;4;INVESTIMENTOS;52;EQUIPAMENTOS E MATERIAL PERMANENTE;90;APLICACOES DIRETAS;7;EQUIPAMENTOS DE INFORMATICA;97;TRANSFERENCIAS ESPECIAIS DE RECURSOS DA UNIAO - RECURSOS RECEBIDOS ATE 2023;27349,0;0,0;27349,0;27349,0;0,0;0,0;0;0,0;0,0;27020,81
9340397;1511189 000193/2023;267;2023-12-19;STELLANTIS AUTOMOVEIS BRASIL LTDA.;16.701.716/0001-56;4;DESPESAS DE CAPITAL;4;INVESTIMENTOS;52;EQUIPAMENTOS E MATERIAL PERMANENTE;90;APLICACOES DIRETAS;17;VEICULOS;97;TRANSFERENCIAS ESPECIAIS DE RECURSOS DA UNIAO;152000,0;0,0;152000,0;152000,0;0,0;0,0;0;0,0;0,0;150364,58
9340398;1511189 000193/2023;269;2023-12-19;RIO DOCE COMERCIO DE VEICULOS LTDA;13.426.763/0001-40;4;DESPESAS DE CAPITAL;4;INVESTIMENTOS;52;EQUIPAMENTOS E MATERIAL PERMANENTE;90;APLICACOES DIRETAS;17;VEICULOS;97;TRANSFERENCIAS ESPECIAIS DE RECURSOS DA UNIAO;95000,0;0,0;95000,0;95000,0;0,0;0,0;0;0,0;0,0;93860,0
9340452;2161001 000003/2023;168;2023-07-18;RAFISA SERVICOS E LOCACOES LTDA;34.730.933/0001-56;3;DESPESAS CORRENTES;3;OUTRAS DESPESAS CORRENTES;39;OUTROS SERVICOS DE TERCEIROS - PESSOA JURIDICA;90;APLICACOES DIRETAS;22;REPAROS DE BENS IMOVEIS;1;CONVENIOS COM A UNIAO E SUAS ENTIDADES - EMENDAS INDIVIDUAIS;0,0;59840,0;0,0;0,0;0,0;0,0;0;0,0;59840,0;0,0
9340452;2161001 000003/2023;169;2023-07-18;RAFISA SERVICOS E LOCACOES LTDA;34.730.933/0001-56;3;DESPESAS CORRENTES;3;OUTRAS DESPESAS CORRENTES;39;OUTROS SERVICOS DE TERCEIROS - PESSOA JURIDICA;90;APLICACOES DIRETAS;22;REPAROS DE BENS IMOVEIS;10;RECURSOS ORDINARIOS - RECURSOS NAO VINCULADOS DE IMPOSTOS;0,0;110,0;0,0;0,0;0,0;0,0;0;0,0;110,0;0,0
9341289;2201002 000014/2022;229;2024-06-06;LEGALIZA BRASIL GESTAO TERRITORIAL GEOTECNOLOGICA LTDA;34.372.346/0001-32;3;DESPESAS CORRENTES;3;OUTRAS DESPESAS CORRENTES;39;OUTROS SERVICOS DE TERCEIROS - PESSOA JURIDICA;90;APLICACOES DIRETAS;99;OUTROS SERVICOS PESSOA JURIDICA;1;CONVENIOS COM A UNIAO E SUAS ENTIDADES - EMENDAS INDIVIDUAIS;140407,47;0,0;140407,47;140407,47;0,0;0,0;0;0,0;0,0;118223,09
9341289;2201002 000014/2022;230;2024-06-07;LEGALIZA BRASIL GESTAO TERRITORIAL GEOTECNOLOGICA LTDA;34.372.346/0001-32;3;DESPESAS CORRENTES;3;OUTRAS DESPESAS CORRENTES;39;OUTROS SERVICOS DE TERCEIROS - PESSOA JURIDICA;90;APLICACOES DIRETAS;99;OUTROS SERVICOS PESSOA JURIDICA;10;RECURSOS ORDINARIOS - RECURSOS NAO VINCULADOS DE IMPOSTOS;3403,53;0,0;3403,53;3403,53;0,0;0,0;0;0,0;0,0;2865,77
9341289;2201002 000015/2022;228;2024-06-04;CULTURA, MEIO AMBIENTE E PATRIMONIO CAMPO LTDA;16.516.261/0001-07;3;DESPESAS CORRENTES;3;OUTRAS DESPESAS CORRENTES;39;OUTROS SERVICOS DE TERCEIROS - PESSOA JURIDICA;90;APLICACOES DIRETAS;99;OUTROS SERVICOS PESSOA JURIDICA;1;CONVENIOS COM A UNIAO E SUAS ENTIDADES - EMENDAS INDIVIDUAIS;225490,65;0,0;225490,65;225490,65;0,0;0,0;0;0,0;0,0;207902,38
9341289;2201002 000015/2022;232;2024-06-12;CULTURA, MEIO AMBIENTE E PATRIMONIO CAMPO LTDA;16.516.261/0001-07;3;DESPESAS CORRENTES;3;OUTRAS DESPESAS CORRENTES;39;OUTROS SERVICOS DE TERCEIROS - PESSOA JURIDICA;90;APLICACOES DIRETAS;99;OUTROS SERVICOS PESSOA JURIDICA;10;RECURSOS ORDINARIOS - RECURSOS NAO VINCULADOS DE IMPOSTOS;6167,91;0,0;6167,91;6167,91;0,0;0,0;0;0,0;0,0;5686,81
9342916;1511189 000004/2023;207;2023-10-18;TAURUS ARMAS S.A.;92.781.335/0001-02;4;DESPESAS DE CAPITAL;4;INVESTIMENTOS;52;EQUIPAMENTOS E MATERIAL PERMANENTE;90;APLICACOES DIRETAS;3;ARMAMENTO E EQUIPAMENTO DE USO POLICIAL;97;TRANSFERENCIAS ESPECIAIS DE RECURSOS DA UNIAO;0,0;7844,45;0,0;0,0;0,0;0,0;0;0,0;7750,32;0,0
9342916;1511189 000167/2024;64;2024-10-18;LIDER NOTEBOOKS COMERCIO E SERVICOS LTDA;12.477.490/0002-81;4;DESPESAS DE CAPITAL;4;INVESTIMENTOS;52;EQUIPAMENTOS E MATERIAL PERMANENTE;90;APLICACOES DIRETAS;7;EQUIPAMENTOS DE INFORMATICA;97;TRANSFERENCIAS ESPECIAIS DE RECURSOS DA UNIAO - RECURSOS RECEBIDOS ATE 2023;7814,0;0,0;7814,0;7814,0;0,0;0,0;0;0,0;0,0;7720,23
9342916;1511189 000193/2023;265;2023-12-19;CARBEL PARIS VEICULOS LTDA;04.743.359/0001-00;4;DESPESAS DE CAPITAL;4;INVESTIMENTOS;52;EQUIPAMENTOS E MATERIAL PERMANENTE;90;APLICACOES DIRETAS;17;VEICULOS;97;TRANSFERENCIAS ESPECIAIS DE RECURSOS DA UNIAO;144900,0;0,0;144900,0;144900,0;0,0;0,0;0;0,0;0,0;143161,2
9342916;1511189 000193/2023;268;2023-12-19;RIO DOCE COMERCIO DE VEICULOS LTDA;13.426.763/0001-40;4;DESPESAS DE CAPITAL;4;INVESTIMENTOS;52;EQUIPAMENTOS E MATERIAL PERMANENTE;90;APLICACOES DIRETAS;17;VEICULOS;97;TRANSFERENCIAS ESPECIAIS DE RECURSOS DA UNIAO;95000,0;0,0;95000,0;95000,0;0,0;0,0;0;0,0;0,0;93860,0
9342916;1511189 000256/2023;278;2023-12-29;COMPANHIA BRASILEIRA DE CARTUCHOS;57.494.031/0010-54;4;DESPESAS DE CAPITAL;4;INVESTIMENTOS;52;EQUIPAMENTOS E MATERIAL PERMANENTE;90;APLICACOES DIRETAS;3;ARMAMENTO E EQUIPAMENTO DE USO POLICIAL;97;TRANSFERENCIAS ESPECIAIS DE RECURSOS DA UNIAO;16792,4;0,0;16792,4;16792,4;0,0;0,0;0;0,0;0,0;16590,89
9342916;1511189 000260/2023;245;2023-12-07;INBRA-TECNOLOGIA E DEFESA INDUSTRIA E COMERCIO LTDA.;26.836.227/0001-65;4;DESPESAS DE CAPITAL;4;INVESTIMENTOS;52;EQUIPAMENTOS E MATERIAL PERMANENTE;90;APLICACOES DIRETAS;3;ARMAMENTO E EQUIPAMENTO DE USO POLICIAL;97;TRANSFERENCIAS ESPECIAIS DE RECURSOS DA UNIAO;13000,0;0,0;13000,0;13000,0;0,0;0,0;0;0,0;0,0;12844,0
9344048;1511189 000079/2023;143;2023-08-01;DATEN TECNOLOGIA LTDA;04.602.789/0001-01;4;DESPESAS DE CAPITAL;4;INVESTIMENTOS;52;EQUIPAMENTOS E MATERIAL PERMANENTE;90;APLICACOES DIRETAS;7;EQUIPAMENTOS DE INFORMATICA;97;TRANSFERENCIAS ESPECIAIS DE RECURSOS DA UNIAO;0,0;8354,0;0,0;0,0;0,0;0,0;0;0,0;8253,75;0,0
9344048;1511189 000079/2023;163;2023-08-10;GRUPO MULTILASER S.A.;59.717.553/0006-17;4;DESPESAS DE CAPITAL;4;INVESTIMENTOS;52;EQUIPAMENTOS E MATERIAL PERMANENTE;90;APLICACOES DIRETAS;7;EQUIPAMENTOS DE INFORMATICA;97;TRANSFERENCIAS ESPECIAIS DE RECURSOS DA UNIAO;0,0;3290,0;0,0;0,0;0,0;0,0;0;0,0;3250,52;0,0
9344048;1511189 000193/2023;266;2023-12-19;CARBEL PARIS VEICULOS LTDA;04.743.359/0001-00;4;DESPESAS DE CAPITAL;4;INVESTIMENTOS;52;EQUIPAMENTOS E MATERIAL PERMANENTE;90;APLICACOES DIRETAS;17;VEICULOS;97;TRANSFERENCIAS ESPECIAIS DE RECURSOS DA UNIAO;144900,0;0,0;144900,0;144900,0;0,0;0,0;0;0,0;0,0;143161,2
9344048;1511189 000224/2023;273;2023-12-28;COMPWIRE INFORMATICA LTDA;01.181.242/0008-68;4;DESPESAS DE CAPITAL;4;INVESTIMENTOS;52;EQUIPAMENTOS E MATERIAL PERMANENTE;90;APLICACOES DIRETAS;7;EQUIPAMENTOS DE INFORMATICA;97;TRANSFERENCIAS ESPECIAIS DE RECURSOS DA UNIAO;4541,0;0,0;4541,0;4541,0;0,0;0,0;0;0,0;0,0;4486,51
9344051;1401104 000042/2023;111;2023-09-14;MSA SAFETY SALES LLC;99.999.990/1117-64;4;DESPESAS DE CAPITAL;4;INVESTIMENTOS;52;EQUIPAMENTOS E MATERIAL PERMANENTE;90;APLICACOES DIRETAS;3;ARMAMENTO E EQUIPAMENTO DE USO POLICIAL;97;TRANSFERENCIAS ESPECIAIS DE RECURSOS DA UNIAO;31455,64;0,0;31455,64;31455,64;0,0;0,0;0;0,0;0,0;31455,64
9344051;1401104 000110/2023;281;2023-11-24;MAQNETE COMERCIO E SERVICOS LTDA -ME;18.152.404/0001-66;4;DESPESAS DE CAPITAL;4;INVESTIMENTOS;52;EQUIPAMENTOS E MATERIAL PERMANENTE;90;APLICACOES DIRETAS;3;ARMAMENTO E EQUIPAMENTO DE USO POLICIAL;97;TRANSFERENCIAS ESPECIAIS DE RECURSOS DA UNIAO;8700,0;0,0;8700,0;8700,0;0,0;0,0;0;0,0;0,0;8595,6
9344051;1401104 000110/2023;311;2023-11-30;GUARANY INDUSTRIA E COMERCIO LTDA;61.089.835/0001-54;4;DESPESAS DE CAPITAL;4;INVESTIMENTOS;52;EQUIPAMENTOS E MATERIAL PERMANENTE;90;APLICACOES DIRETAS;3;ARMAMENTO E EQUIPAMENTO DE USO POLICIAL;97;TRANSFERENCIAS ESPECIAIS DE RECURSOS DA UNIAO;0,0;20435,0;0,0;0,0;0,0;0,0;0;0,0;20189,78;0,0
9344051;1401104 000136/2023;364;2023-12-28;MATHEUS THIAGO LOCH DE LIMA;10.015.793/0001-76;4;DESPESAS DE CAPITAL;4;INVESTIMENTOS;52;EQUIPAMENTOS E MATERIAL PERMANENTE;90;APLICACOES DIRETAS;5;EMBARCACOES, PONTOES, DIQUES, FLUTUANTES E COMP. ESTRUTURAIS;97;TRANSFERENCIAS ESPECIAIS DE RECURSOS DA UNIAO;35000,0;0,0;35000,0;35000,0;0,0;0,0;0;0,0;0,0;35000,0
9344051;1401104 000136/2023;365;2023-12-28;MATHEUS THIAGO LOCH DE LIMA;10.015.793/0001-76;4;DESPESAS DE CAPITAL;4;INVESTIMENTOS;52;EQUIPAMENTOS E MATERIAL PERMANENTE;90;APLICACOES DIRETAS;5;EMBARCACOES, PONTOES, DIQUES, FLUTUANTES E COMP. ESTRUTURAIS;97;TRANSFERENCIAS ESPECIAIS DE RECURSOS DA UNIAO;140000,0;0,0;140000,0;140000,0;0,0;0,0;0;0,0;0,0;140000,0
9344051;1401104 000136/2023;366;2023-12-28;D E M - MAQUINAS, IMPLEMENTOS E SERVICOS LTDA;27.209.293/0001-78;4;DESPESAS DE CAPITAL;4;INVESTIMENTOS;52;EQUIPAMENTOS E MATERIAL PERMANENTE;90;APLICACOES DIRETAS;10;FERRAMENTAS, EQUIP. E INSTRUMENTOS P/ OFICINA, MEDICAO E INSPECAO;97;TRANSFERENCIAS ESPECIAIS DE RECURSOS DA UNIAO;0,0;0,0;28993,5;0,0;0,0;9664,5;0;0,0;0,0;0,0
9344051;1401104 000136/2023;367;2023-12-28;COMERCIAL CEDRO EIRELI;10.732.150/0001-43;4;DESPESAS DE CAPITAL;4;INVESTIMENTOS;52;EQUIPAMENTOS E MATERIAL PERMANENTE;90;APLICACOES DIRETAS;10;FERRAMENTAS, EQUIP. E INSTRUMENTOS P/ OFICINA, MEDICAO E INSPECAO;97;TRANSFERENCIAS ESPECIAIS DE RECURSOS DA UNIAO;3800,0;0,0;3800,0;3800,0;0,0;0,0;0;0,0;0,0;3800,0
9344051;1401104 000136/2023;368;2023-12-28;RESGATECNICA COMERCIO DE EQUIPAMENTOS DE RESGATE LTDA;15.453.449/0001-82;4;DESPESAS DE CAPITAL;4;INVESTIMENTOS;52;EQUIPAMENTOS E MATERIAL PERMANENTE;90;APLICACOES DIRETAS;3;ARMAMENTO E EQUIPAMENTO DE USO POLICIAL;97;TRANSFERENCIAS ESPECIAIS DE RECURSOS DA UNIAO;11800,0;0,0;11800,0;11800,0;0,0;0,0;0;0,0;0,0;11658,4
9344051;1401104 000136/2023;369;2023-12-28;COMERCIAL CEDRO EIRELI;10.732.150/0001-43;4;DESPESAS DE CAPITAL;4;INVESTIMENTOS;52;EQUIPAMENTOS E MATERIAL PERMANENTE;90;APLICACOES DIRETAS;4;MAQUINAS, APARELHOS, UTENSILIOS E EQUIPAMENTOS DE USO INDUSTRIAL;97;TRANSFERENCIAS ESPECIAIS DE RECURSOS DA UNIAO;2210,92;0,0;2210,92;2210,92;0,0;0,0;0;0,0;0,0;2210,92
9344051;1401104 000136/2023;370;2023-12-28;COMERCIAL CEDRO EIRELI;10.732.150/0001-43;4;DESPESAS DE CAPITAL;4;INVESTIMENTOS;52;EQUIPAMENTOS E MATERIAL PERMANENTE;90;APLICACOES DIRETAS;4;MAQUINAS, APARELHOS, UTENSILIOS E EQUIPAMENTOS DE USO INDUSTRIAL;97;TRANSFERENCIAS ESPECIAIS DE RECURSOS DA UNIAO;12609,22;0,0;12609,22;12609,22;0,0;0,0;0;0,0;0,0;12609,22
9344051;1401152 000001/2023;4;2023-04-19;GRUPO MULTILASER S.A.;59.717.553/0006-17;4;DESPESAS DE CAPITAL;4;INVESTIMENTOS;52;EQUIPAMENTOS E MATERIAL PERMANENTE;90;APLICACOES DIRETAS;7;EQUIPAMENTOS DE INFORMATICA;97;TRANSFERENCIAS ESPECIAIS DE RECURSOS DA UNIAO;29700,0;0,0;29700,0;29700,0;0,0;0,0;0;0,0;0,0;29343,6
9344051;1401269 000100/2022;289;2022-11-25;REPREMIG REPRESENTACAO E COMERCIO DE MINAS GERAIS LTDA;65.149.197/0002-51;4;DESPESAS DE CAPITAL;4;INVESTIMENTOS;52;EQUIPAMENTOS E MATERIAL PERMANENTE;90;APLICACOES DIRETAS;8;EQUIPAMENTOS DE SOM, VIDEO, FOTOGRAFICO E CINEMATOGRAFICO;97;TRANSFERENCIAS ESPECIAIS DE RECURSOS DA UNIAO;11396,0;0,0;11396,0;11396,0;0,0;0,0;0;0,0;0,0;11396,0
9344051;1401269 000102/2022;272;2022-11-21;POSITIVO TECNOLOGIA S.A.;81.243.735/0019-77;4;DESPESAS DE CAPITAL;4;INVESTIMENTOS;52;EQUIPAMENTOS E MATERIAL PERMANENTE;90;APLICACOES DIRETAS;7;EQUIPAMENTOS DE INFORMATICA;97;TRANSFERENCIAS ESPECIAIS DE RECURSOS DA UNIAO;0,0;16870,28;0,0;0,0;0,0;0,0;0;0,0;16870,28;0,0
9344051;1401408 000042/2023;1832;2023-12-22;DISTRIBUIDORA PERES & ARAUJO LTDA - ME;21.641.059/0001-39;4;DESPESAS DE CAPITAL;4;INVESTIMENTOS;52;EQUIPAMENTOS E MATERIAL PERMANENTE;90;APLICACOES DIRETAS;4;MAQUINAS, APARELHOS, UTENSILIOS E EQUIPAMENTOS DE USO INDUSTRIAL;97;TRANSFERENCIAS ESPECIAIS DE RECURSOS DA UNIAO;2297,0;0,0;2297,0;2297,0;0,0;0,0;0;0,0;0,0;2269,44
9344110;1451044 000292/2022;1066;2022-10-17;ACHEI INDUSTRIA DE MOVEIS LTDA;08.221.047/0001-97;4;DESPESAS DE CAPITAL;4;INVESTIMENTOS;52;EQUIPAMENTOS E MATERIAL PERMANENTE;90;APLICACOES DIRETAS;14;MOBILIARIO;97;TRANSFERENCIAS ESPECIAIS DE RECURSOS DA UNIAO;1950,0;0,0;1950,0;1950,0;0,0;0,0;0;0,0;0,0;1950,0
9344110;1451044 000325/2022;1106;2022-11-09;VENTISOL DA AMAZONIA INDUSTRIA DE APARELHOS ELETRICOS LTDA;17.417.928/0001-79;4;DESPESAS DE CAPITAL;4;INVESTIMENTOS;52;EQUIPAMENTOS E MATERIAL PERMANENTE;90;APLICACOES DIRETAS;12;MAQUINAS, APARELHOS, UTENSILIOS E EQUIPAMENTOS  USO ADMINISTRATIVO;97;TRANSFERENCIAS ESPECIAIS DE RECURSOS DA UNIAO;13188,35;0,0;13188,35;13188,35;0,0;0,0;0;0,0;0,0;13188,35
9344201;0000000 000000/0000;2235;2023-05-29;HOSPITAL SAO SALVADOR;16.607.509/0001-37;3;DESPESAS CORRENTES;3;OUTRAS DESPESAS CORRENTES;41;CONTRIBUICOES;50;TRANSFERENCIAS A INSTITUICOES PRIVADAS SEM FINS LUCRATIVOS;1;CONTRIBUICOES;92;TRANSFERENCIAS DA UNIAO VINCULADAS A SAUDE - BLOCO MANUTENCAO - EXCETO EMENDAS INDIV. E DE BANCADA;0,0;0,0;750000,0;0,0;0,0;0,0;0;0,0;0,0;0,0
9344203;1401104 000037/2023;105;2023-09-12;RIO DOCE COMERCIO DE VEICULOS LTDA;13.426.763/0001-40;4;DESPESAS DE CAPITAL;4;INVESTIMENTOS;52;EQUIPAMENTOS E MATERIAL PERMANENTE;90;APLICACOES DIRETAS;17;VEICULOS;97;TRANSFERENCIAS ESPECIAIS DE RECURSOS DA UNIAO;54406,5;0,0;54406,5;54406,5;0,0;0,0;0;0,0;0,0;53266,5
9344203;1401104 000055/2023;113;2023-09-14;HPE AUTOMOTORES DO BRASIL LTDA;54.305.743/0011-70;4;DESPESAS DE CAPITAL;4;INVESTIMENTOS;52;EQUIPAMENTOS E MATERIAL PERMANENTE;90;APLICACOES DIRETAS;17;VEICULOS;97;TRANSFERENCIAS ESPECIAIS DE RECURSOS DA UNIAO;269990,0;0,0;269990,0;269990,0;0,0;0,0;0;0,0;0,0;266750,12
9344203;1401104 000137/2023;361;2023-12-28;SEA & NAUTICA LTDA -EPP;70.994.140/0001-08;4;DESPESAS DE CAPITAL;4;INVESTIMENTOS;52;EQUIPAMENTOS E MATERIAL PERMANENTE;90;APLICACOES DIRETAS;5;EMBARCACOES, PONTOES, DIQUES, FLUTUANTES E COMP. ESTRUTURAIS;97;TRANSFERENCIAS ESPECIAIS DE RECURSOS DA UNIAO;25585,16;0,0;25585,16;25585,16;0,0;0,0;0;0,0;0,0;25585,16
9344620;0000000 000000/0000;840;2023-12-28;PM CAPITOLIO;16.726.028/0001-40;3;DESPESAS CORRENTES;3;OUTRAS DESPESAS CORRENTES;41;CONTRIBUICOES;40;TRANSFERENCIAS A MUNICIPIOS;1;CONTRIBUICOES;97;TRANSFERENCIAS ESPECIAIS DE RECURSOS DA UNIAO;0,0;45000,0;0,0;0,0;0,0;0,0;0;0,0;45000,0;0,0
9344620;0000000 000000/0000;841;2023-12-28;PM NOVO ORIENTE DE MINAS;01.613.373/0001-09;4;DESPESAS DE CAPITAL;4;INVESTIMENTOS;41;CONTRIBUICOES;40;TRANSFERENCIAS A MUNICIPIOS;1;CONTRIBUICOES;97;TRANSFERENCIAS ESPECIAIS DE RECURSOS DA UNIAO;0,0;115492,0;0,0;0,0;0,0;0,0;0;0,0;115492,0;0,0
9344620;1371001 000039/2022;862;2022-12-28;ANIMALLTAG SISTEMAS DE IDENTIFICACAO ANIMAL LTDA;18.432.445/0001-06;3;DESPESAS CORRENTES;3;OUTRAS DESPESAS CORRENTES;30;MATERIAL DE CONSUMO;90;APLICACOES DIRETAS;22;FERRAMENTAS, FERRAGENS E UTENSILIOS;97;TRANSFERENCIAS ESPECIAIS DE RECURSOS DA UNIAO;134991,65;0,0;134991,65;134991,65;0,0;0,0;0;0,0;0,0;134991,65
9344620;1371001 000039/2022;864;2022-12-29;TRIPUI SERVICOS E COMERCIO LTDA;05.086.623/0001-42;4;DESPESAS DE CAPITAL;4;INVESTIMENTOS;52;EQUIPAMENTOS E MATERIAL PERMANENTE;90;APLICACOES DIRETAS;99;OUTROS MATERIAIS PERMANENTES;97;TRANSFERENCIAS ESPECIAIS DE RECURSOS DA UNIAO;24899,99;0,0;24899,99;24899,99;0,0;0,0;0;0,0;0,0;24899,99
9344730;1451044 000289/2022;798;2022-12-29;CARBEL JAPAO VEICULOS LTDA;23.396.997/0001-46;4;DESPESAS DE CAPITAL;4;INVESTIMENTOS;52;EQUIPAMENTOS E MATERIAL PERMANENTE;90;APLICACOES DIRETAS;17;VEICULOS;97;TRANSFERENCIAS ESPECIAIS DE RECURSOS DA UNIAO;299997,4;0,0;299997,4;299997,4;0,0;0,0;0;0,0;0,0;299997,4
9344732;1401104 000013/2023;230;2023-11-13;MAQNETE COMERCIO E SERVICOS LTDA -ME;18.152.404/0001-66;3;DESPESAS CORRENTES;3;OUTRAS DESPESAS CORRENTES;30;MATERIAL DE CONSUMO;90;APLICACOES DIRETAS;25;MATERIAL DE SEGURANCA, APETRECHOS OPERACIONAIS E POLICIAIS;97;TRANSFERENCIAS ESPECIAIS DE RECURSOS DA UNIAO;1582,0;0,0;1582,0;1582,0;0,0;0,0;0;0,0;0,0;1563,02
9344732;1401104 000013/2023;239;2023-11-14;M. TOZZI VESTUARIOS LTDA;19.879.447/0001-00;3;DESPESAS CORRENTES;3;OUTRAS DESPESAS CORRENTES;30;MATERIAL DE CONSUMO;90;APLICACOES DIRETAS;25;MATERIAL DE SEGURANCA, APETRECHOS OPERACIONAIS E POLICIAIS;97;TRANSFERENCIAS ESPECIAIS DE RECURSOS DA UNIAO;100879,8;0,0;100879,8;100879,8;0,0;0,0;0;0,0;0,0;100879,8
9344732;1401104 000013/2023;241;2023-11-14;ELTO INDUSTRIAL CONFECCAO LTDA;20.277.795/0001-97;3;DESPESAS CORRENTES;3;OUTRAS DESPESAS CORRENTES;30;MATERIAL DE CONSUMO;90;APLICACOES DIRETAS;25;MATERIAL DE SEGURANCA, APETRECHOS OPERACIONAIS E POLICIAIS;97;TRANSFERENCIAS ESPECIAIS DE RECURSOS DA UNIAO;243600,0;0,0;243600,0;243600,0;0,0;0,0;0;0,0;0,0;243600,0
9344732;1401104 000125/2023;334;2023-12-18;BID SOLUCOES EM COMERCIO E SERVICOS LTDA;25.288.824/0001-30;3;DESPESAS CORRENTES;3;OUTRAS DESPESAS CORRENTES;30;MATERIAL DE CONSUMO;90;APLICACOES DIRETAS;25;MATERIAL DE SEGURANCA, APETRECHOS OPERACIONAIS E POLICIAIS;97;TRANSFERENCIAS ESPECIAIS DE RECURSOS DA UNIAO;33615,0;0,0;33615,0;33615,0;0,0;0,0;0;0,0;0,0;33615,0
9344842;1401104 000118/2023;353;2023-12-27;FORD MOTOR COMPANY BRASIL LTDA;03.470.727/0041-18;4;DESPESAS DE CAPITAL;4;INVESTIMENTOS;52;EQUIPAMENTOS E MATERIAL PERMANENTE;90;APLICACOES DIRETAS;17;VEICULOS;97;TRANSFERENCIAS ESPECIAIS DE RECURSOS DA UNIAO;592820,0;0,0;592820,0;592820,0;0,0;0,0;0;0,0;0,0;585706,16
9344842;1401104 000130/2023;351;2023-12-27;RIO DOCE COMERCIO DE VEICULOS LTDA;13.426.763/0001-40;4;DESPESAS DE CAPITAL;4;INVESTIMENTOS;52;EQUIPAMENTOS E MATERIAL PERMANENTE;90;APLICACOES DIRETAS;17;VEICULOS;97;TRANSFERENCIAS ESPECIAIS DE RECURSOS DA UNIAO;73500,0;0,0;73500,0;73500,0;0,0;0,0;0;0,0;0,0;72618,0
9344842;1401269 000115/2022;372;2022-12-26;RESGATECNICA COMERCIO DE EQUIPAMENTOS DE RESGATE LTDA;15.453.449/0001-82;3;DESPESAS CORRENTES;3;OUTRAS DESPESAS CORRENTES;30;MATERIAL DE CONSUMO;90;APLICACOES DIRETAS;25;MATERIAL DE SEGURANCA, APETRECHOS OPERACIONAIS E POLICIAIS;97;TRANSFERENCIAS ESPECIAIS DE RECURSOS DA UNIAO;203500,0;0,0;203500,0;203500,0;0,0;0,0;0;0,0;0,0;203500,0
9344842;1401408 000018/2023;1331;2023-10-18;HFD COMERCIO LTDA;38.309.519/0001-29;3;DESPESAS CORRENTES;3;OUTRAS DESPESAS CORRENTES;30;MATERIAL DE CONSUMO;90;APLICACOES DIRETAS;25;MATERIAL DE SEGURANCA, APETRECHOS OPERACIONAIS E POLICIAIS;97;TRANSFERENCIAS ESPECIAIS DE RECURSOS DA UNIAO;0,0;5411,1;0,0;0,0;0,0;0,0;0;0,0;5411,1;0,0
9344842;1401408 000018/2023;1391;2023-10-25;HFD COMERCIO LTDA;38.309.519/0001-29;3;DESPESAS CORRENTES;3;OUTRAS DESPESAS CORRENTES;30;MATERIAL DE CONSUMO;90;APLICACOES DIRETAS;25;MATERIAL DE SEGURANCA, APETRECHOS OPERACIONAIS E POLICIAIS;97;TRANSFERENCIAS ESPECIAIS DE RECURSOS DA UNIAO;0,0;1828,54;0,0;0,0;0,0;0,0;0;0,0;1828,54;0,0
9344842;1401408 000018/2023;1392;2023-10-26;HFD COMERCIO LTDA;38.309.519/0001-29;3;DESPESAS CORRENTES;3;OUTRAS DESPESAS CORRENTES;30;MATERIAL DE CONSUMO;90;APLICACOES DIRETAS;25;MATERIAL DE SEGURANCA, APETRECHOS OPERACIONAIS E POLICIAIS;97;TRANSFERENCIAS ESPECIAIS DE RECURSOS DA UNIAO;0,0;2772,09;0,0;0,0;0,0;0,0;0;0,0;2772,09;0,0
9345109;1250021 000020/2025;188;2025-09-04;VOETUR TURISMO E REPRESENTACOES LTDA;01.017.250/0001-05;3;DESPESAS CORRENTES;3;OUTRAS DESPESAS CORRENTES;33;PASSAGENS E DESPESAS COM LOCOMOCAO;90;APLICACOES DIRETAS;4;PASSAGENS - PESSOA JURIDICA;97;TRANSFERENCIAS ESPECIAIS DE RECURSOS DA UNIAO - RECURSOS RECEBIDOS ATE 2023;0,0;0,0;2479,81;0,0;0,0;2479,81;0;0,0;0,0;0,0
9345109;1250071 000042/2023;218;2023-07-28;GRUPO MULTILASER S.A.;59.717.553/0006-17;4;DESPESAS DE CAPITAL;4;INVESTIMENTOS;52;EQUIPAMENTOS E MATERIAL PERMANENTE;90;APLICACOES DIRETAS;7;EQUIPAMENTOS DE INFORMATICA;97;TRANSFERENCIAS ESPECIAIS DE RECURSOS DA UNIAO;128700,0;0,0;128700,0;128700,0;0,0;0,0;0;0,0;0,0;127155,6
9345109;1250072 000008/2023;79;2023-07-20;FORD MOTOR COMPANY BRASIL LTDA;03.470.727/0041-18;4;DESPESAS DE CAPITAL;4;INVESTIMENTOS;52;EQUIPAMENTOS E MATERIAL PERMANENTE;90;APLICACOES DIRETAS;17;VEICULOS;97;TRANSFERENCIAS ESPECIAIS DE RECURSOS DA UNIAO;306200,0;0,0;306200,0;306200,0;0,0;0,0;0;0,0;0,0;302525,6
9345109;1254266 000010/2023;175;2023-03-29;AVIATION SPECIALTIES UNLIMITED INC;99.999.990/1100-16;4;DESPESAS DE CAPITAL;4;INVESTIMENTOS;52;EQUIPAMENTOS E MATERIAL PERMANENTE;90;APLICACOES DIRETAS;3;ARMAMENTO E EQUIPAMENTO DE USO POLICIAL;97;TRANSFERENCIAS ESPECIAIS DE RECURSOS DA UNIAO;959616,6;0,0;959992,0;959616,6;0,0;375,4;0;0,0;0,0;959616,6
9345109;1254266 000085/2023;882;2023-12-18;AVIATION SPECIALTIES UNLIMITED INC;99.999.990/1100-16;4;DESPESAS DE CAPITAL;4;INVESTIMENTOS;52;EQUIPAMENTOS E MATERIAL PERMANENTE;90;APLICACOES DIRETAS;10;FERRAMENTAS, EQUIP. E INSTRUMENTOS P/ OFICINA, MEDICAO E INSPECAO;97;TRANSFERENCIAS ESPECIAIS DE RECURSOS DA UNIAO;40000,0;0,0;120000,0;40000,0;0,0;0,0;0;0,0;0,0;40000,0
9345109;1257654 000067/2022;3193;2022-12-19;CLASSIC COMERCIO LTDA - ME;19.349.607/0001-00;4;DESPESAS DE CAPITAL;4;INVESTIMENTOS;52;EQUIPAMENTOS E MATERIAL PERMANENTE;90;APLICACOES DIRETAS;14;MOBILIARIO;97;TRANSFERENCIAS ESPECIAIS DE RECURSOS DA UNIAO;3523,7;0,0;3523,7;3523,7;0,0;0,0;0;0,0;0,0;3523,7
9345109;1257654 000067/2022;3194;2022-12-19;COMERCIO SILVEIRA ATACADISTA DE MOVEIS MOGI MIRIM LTDA;10.205.116/0001-10;4;DESPESAS DE CAPITAL;4;INVESTIMENTOS;52;EQUIPAMENTOS E MATERIAL PERMANENTE;90;APLICACOES DIRETAS;14;MOBILIARIO;97;TRANSFERENCIAS ESPECIAIS DE RECURSOS DA UNIAO;1921,0;0,0;1921,0;1921,0;0,0;0,0;0;0,0;0,0;1921,0
9345109;1257654 000067/2022;3195;2022-12-19;DETTO MOBILIARIO CORPORATIVO LTDA;23.044.715/0002-22;4;DESPESAS DE CAPITAL;4;INVESTIMENTOS;52;EQUIPAMENTOS E MATERIAL PERMANENTE;90;APLICACOES DIRETAS;14;MOBILIARIO;97;TRANSFERENCIAS ESPECIAIS DE RECURSOS DA UNIAO;1532,0;0,0;1532,0;1532,0;0,0;0,0;0;0,0;0,0;1532,0
9345109;1257654 000067/2022;3196;2022-12-19;TECNO 2000 INDUSTRIA E COMERCIO LTDA;21.306.287/0001-52;4;DESPESAS DE CAPITAL;4;INVESTIMENTOS;52;EQUIPAMENTOS E MATERIAL PERMANENTE;90;APLICACOES DIRETAS;14;MOBILIARIO;97;TRANSFERENCIAS ESPECIAIS DE RECURSOS DA UNIAO;3521,0;0,0;3521,0;3521,0;0,0;0,0;0;0,0;0,0;3521,0
9345109;1257654 000067/2022;3270;2022-12-29;INDUSTRIA E COMERCIO DE MOVEIS LACHI LTDA.;75.395.665/0001-40;4;DESPESAS DE CAPITAL;4;INVESTIMENTOS;52;EQUIPAMENTOS E MATERIAL PERMANENTE;90;APLICACOES DIRETAS;14;MOBILIARIO;97;TRANSFERENCIAS ESPECIAIS DE RECURSOS DA UNIAO;898,0;0,0;898,0;898,0;0,0;0,0;0;0,0;0,0;898,0
9345109;1259662 000088/2022;457;2022-12-28;MODULOS CONSTRUCOES E EMPREENDIMENTOS LTDA;10.246.424/0001-94;3;DESPESAS CORRENTES;3;OUTRAS DESPESAS CORRENTES;39;OUTROS SERVICOS DE TERCEIROS - PESSOA JURIDICA;90;APLICACOES DIRETAS;22;REPAROS DE BENS IMOVEIS;97;TRANSFERENCIAS ESPECIAIS DE RECURSOS DA UNIAO;86057,74;0,0;86057,74;86057,74;0,0;0,0;0;0,0;0,0;82781,49
9345109;1259975 000018/2023;2027;2023-07-27;VIVAL CONSTRUCOES E SERVICOS LTDA;27.846.891/0001-58;3;DESPESAS CORRENTES;3;OUTRAS DESPESAS CORRENTES;39;OUTROS SERVICOS DE TERCEIROS - PESSOA JURIDICA;90;APLICACOES DIRETAS;22;REPAROS DE BENS IMOVEIS;97;TRANSFERENCIAS ESPECIAIS DE RECURSOS DA UNIAO;0,0;0,0;254071,66;0,0;0,0;127035,83;0;0,0;0,0;0,0
9345117;1250072 000041/2022;84;2023-07-27;ECS COMERCIO DE VEICULOS E EQUIPAMENTOS LTDA;08.206.867/0001-00;4;DESPESAS DE CAPITAL;4;INVESTIMENTOS;52;EQUIPAMENTOS E MATERIAL PERMANENTE;90;APLICACOES DIRETAS;17;VEICULOS;97;TRANSFERENCIAS ESPECIAIS DE RECURSOS DA UNIAO;576124,0;0,0;576124,0;576124,0;0,0;0,0;0;0,0;0,0;569210,52
9345152;1250072 000012/2023;130;2023-10-02;CARBEL JAPAO VEICULOS LTDA;23.396.997/0001-46;4;DESPESAS DE CAPITAL;4;INVESTIMENTOS;52;EQUIPAMENTOS E MATERIAL PERMANENTE;90;APLICACOES DIRETAS;17;VEICULOS;97;TRANSFERENCIAS ESPECIAIS DE RECURSOS DA UNIAO;599000,0;0,0;599000,0;599000,0;0,0;0,0;0;0,0;0,0;591812,0
9345154;1250072 000012/2023;131;2023-10-02;CARBEL JAPAO VEICULOS LTDA;23.396.997/0001-46;4;DESPESAS DE CAPITAL;4;INVESTIMENTOS;52;EQUIPAMENTOS E MATERIAL PERMANENTE;90;APLICACOES DIRETAS;17;VEICULOS;97;TRANSFERENCIAS ESPECIAIS DE RECURSOS DA UNIAO;299500,0;0,0;299500,0;299500,0;0,0;0,0;0;0,0;0,0;295906,0
9345424;1254266 000070/2023;360;2024-06-17;AVIATION SPECIALTIES UNLIMITED INC;99.999.990/1100-16;4;DESPESAS DE CAPITAL;4;INVESTIMENTOS;52;EQUIPAMENTOS E MATERIAL PERMANENTE;90;APLICACOES DIRETAS;3;ARMAMENTO E EQUIPAMENTO DE USO POLICIAL;97;TRANSFERENCIAS ESPECIAIS DE RECURSOS DA UNIAO - RECURSOS RECEBIDOS ATE 2023;0,0;639,76;0,0;0,0;0,0;0,0;0;0,0;0,0;0,0
9345424;1254266 000070/2023;705;2023-10-06;AVIATION SPECIALTIES UNLIMITED INC;99.999.990/1100-16;4;DESPESAS DE CAPITAL;4;INVESTIMENTOS;52;EQUIPAMENTOS E MATERIAL PERMANENTE;90;APLICACOES DIRETAS;3;ARMAMENTO E EQUIPAMENTO DE USO POLICIAL;97;TRANSFERENCIAS ESPECIAIS DE RECURSOS DA UNIAO;703336,16;0,0;704000,0;703336,16;0,0;663,84;0;0,0;0,0;703336,16
9345424;1254266 000085/2023;881;2023-12-18;AVIATION SPECIALTIES UNLIMITED INC;99.999.990/1100-16;4;DESPESAS DE CAPITAL;4;INVESTIMENTOS;52;EQUIPAMENTOS E MATERIAL PERMANENTE;90;APLICACOES DIRETAS;10;FERRAMENTAS, EQUIP. E INSTRUMENTOS P/ OFICINA, MEDICAO E INSPECAO;97;TRANSFERENCIAS ESPECIAIS DE RECURSOS DA UNIAO;478000,0;0,0;1434000,0;478000,0;0,0;0,0;0;0,0;0,0;478000,0
9345426;0000000 000000/0000;2462;2023-09-28;CX. ESC NOSSA SENHORA DA PIEDADE;19.360.577/0001-32;4;DESPESAS DE CAPITAL;4;INVESTIMENTOS;42;AUXILIOS;50;TRANSFERENCIAS A INSTITUICOES PRIVADAS SEM FINS LUCRATIVOS;1;AUXILIOS;97;TRANSFERENCIAS ESPECIAIS DE RECURSOS DA UNIAO;50000,0;0,0;50000,0;50000,0;0,0;0,0;0;0,0;0,0;50000,0
9345429;2311021 000086/2024;4283;2024-12-19;CONSTRUTORA E INCORPORADORA TERSAN LTDA;43.730.128/0001-13;4;DESPESAS DE CAPITAL;4;INVESTIMENTOS;51;OBRAS E INSTALACOES;90;APLICACOES DIRETAS;3;EXECUCAO DE OBRAS POR CONTRATO DE BENS PATRIMONIAVEIS;97;TRANSFERENCIAS ESPECIAIS DE RECURSOS DA UNIAO - RECURSOS RECEBIDOS ATE 2023;112513,34;0,0;504449,7;112513,34;0,0;0,0;0;0,0;0,0;107360,98
9345607;1250072 000002/2023;69;2023-06-22;ECS COMERCIO DE VEICULOS E EQUIPAMENTOS LTDA;08.206.867/0001-00;4;DESPESAS DE CAPITAL;4;INVESTIMENTOS;52;EQUIPAMENTOS E MATERIAL PERMANENTE;90;APLICACOES DIRETAS;17;VEICULOS;97;TRANSFERENCIAS ESPECIAIS DE RECURSOS DA UNIAO;144031,0;0,0;144031,0;144031,0;0,0;0,0;0;0,0;0,0;142302,63
9345607;1250084 000189/2024;449;2024-12-26;CESKA ZBROJOVKA A.S.;99.999.990/1101-05;4;DESPESAS DE CAPITAL;4;INVESTIMENTOS;52;EQUIPAMENTOS E MATERIAL PERMANENTE;90;APLICACOES DIRETAS;3;ARMAMENTO E EQUIPAMENTO DE USO POLICIAL;97;TRANSFERENCIAS ESPECIAIS DE RECURSOS DA UNIAO - RECURSOS RECEBIDOS ATE 2023;43668,72;0,0;48438,0;43668,72;0,0;4769,28;0;0,0;0,0;42625,44
9345607;1254266 000010/2023;174;2023-03-29;AVIATION SPECIALTIES UNLIMITED INC;99.999.990/1100-16;4;DESPESAS DE CAPITAL;4;INVESTIMENTOS;52;EQUIPAMENTOS E MATERIAL PERMANENTE;90;APLICACOES DIRETAS;3;ARMAMENTO E EQUIPAMENTO DE USO POLICIAL;97;TRANSFERENCIAS ESPECIAIS DE RECURSOS DA UNIAO;107466,95;0,0;110000,0;107466,95;0,0;2533,05;0;0,0;0,0;107466,95
9345607;1254266 000069/2023;666;2023-09-18;MEPROLIGHT LTD;99.999.990/1112-50;4;DESPESAS DE CAPITAL;4;INVESTIMENTOS;52;EQUIPAMENTOS E MATERIAL PERMANENTE;90;APLICACOES DIRETAS;3;ARMAMENTO E EQUIPAMENTO DE USO POLICIAL;97;TRANSFERENCIAS ESPECIAIS DE RECURSOS DA UNIAO;93375,0;0,0;93450,0;93375,0;0,0;75,0;0;0,0;0,0;93375,0
9345607;1254266 000070/2023;698;2023-10-03;AVIATION SPECIALTIES UNLIMITED INC;99.999.990/1100-16;4;DESPESAS DE CAPITAL;4;INVESTIMENTOS;52;EQUIPAMENTOS E MATERIAL PERMANENTE;90;APLICACOES DIRETAS;3;ARMAMENTO E EQUIPAMENTO DE USO POLICIAL;97;TRANSFERENCIAS ESPECIAIS DE RECURSOS DA UNIAO;439585,1;0,0;440000,0;439585,1;0,0;414,9;0;0,0;0,0;439585,1
9345820;1451044 000071/2023;418;2023-09-11;MICROTECNICA INFORMATICA LTDA;01.590.728/0008-50;4;DESPESAS DE CAPITAL;4;INVESTIMENTOS;52;EQUIPAMENTOS E MATERIAL PERMANENTE;90;APLICACOES DIRETAS;7;EQUIPAMENTOS DE INFORMATICA;10;RECURSOS ORDINARIOS - RECURSOS NAO VINCULADOS DE IMPOSTOS;0,0;5957,0;0,0;0,0;0,0;0,0;0;0,0;5885,52;0,0
9345820;1451044 000071/2023;419;2023-09-11;MICROTECNICA INFORMATICA LTDA;01.590.728/0008-50;4;DESPESAS DE CAPITAL;4;INVESTIMENTOS;52;EQUIPAMENTOS E MATERIAL PERMANENTE;90;APLICACOES DIRETAS;7;EQUIPAMENTOS DE INFORMATICA;1;CONVENIOS COM A UNIAO E SUAS ENTIDADES - EMENDAS INDIVIDUAIS;0,0;39146,0;0,0;0,0;0,0;0,0;0;0,0;38676,25;0,0
9345820;1451044 000071/2023;420;2023-09-11;DISTRIBUIDORA PERES & ARAUJO LTDA - ME;21.641.059/0001-39;4;DESPESAS DE CAPITAL;4;INVESTIMENTOS;52;EQUIPAMENTOS E MATERIAL PERMANENTE;90;APLICACOES DIRETAS;7;EQUIPAMENTOS DE INFORMATICA;1;CONVENIOS COM A UNIAO E SUAS ENTIDADES - EMENDAS INDIVIDUAIS;71888,4;0,0;71888,4;71888,4;0,0;0,0;0;0,0;0,0;71025,74
9346108;1250072 000012/2023;106;2023-09-28;CARBEL JAPAO VEICULOS LTDA;23.396.997/0001-46;4;DESPESAS DE CAPITAL;4;INVESTIMENTOS;52;EQUIPAMENTOS E MATERIAL PERMANENTE;90;APLICACOES DIRETAS;17;VEICULOS;97;TRANSFERENCIAS ESPECIAIS DE RECURSOS DA UNIAO;299500,0;0,0;299500,0;299500,0;0,0;0,0;0;0,0;0,0;295906,0
9346108;1250072 000088/2022;77;2023-07-13;ECS COMERCIO DE VEICULOS E EQUIPAMENTOS LTDA;08.206.867/0001-00;4;DESPESAS DE CAPITAL;4;INVESTIMENTOS;52;EQUIPAMENTOS E MATERIAL PERMANENTE;90;APLICACOES DIRETAS;17;VEICULOS;97;TRANSFERENCIAS ESPECIAIS DE RECURSOS DA UNIAO;288062,0;0,0;288062,0;288062,0;0,0;0,0;0;0,0;0,0;284605,26
9346727;1250072 000056/2022;48;2024-06-11;GENERAL MOTORS DO BRASIL LTDA;59.275.792/0001-50;4;DESPESAS DE CAPITAL;4;INVESTIMENTOS;52;EQUIPAMENTOS E MATERIAL PERMANENTE;90;APLICACOES DIRETAS;17;VEICULOS;2;CONVENIOS COM A UNIAO E SUAS ENTIDADES - EMENDAS DE BANCADA;5025000,0;0,0;5025000,0;5025000,0;0,0;0,0;0;0,0;0,0;4964700,0
9346727;1250072 000056/2022;49;2024-06-11;GENERAL MOTORS DO BRASIL LTDA;59.275.792/0001-50;4;DESPESAS DE CAPITAL;4;INVESTIMENTOS;52;EQUIPAMENTOS E MATERIAL PERMANENTE;90;APLICACOES DIRETAS;17;VEICULOS;10;RECURSOS ORDINARIOS - RECURSOS NAO VINCULADOS DE IMPOSTOS;2043,48;0,0;2043,48;2043,48;0,0;0,0;0;0,0;0,0;2043,48
9346727;1250072 000056/2022;50;2024-06-11;GENERAL MOTORS DO BRASIL LTDA;59.275.792/0001-50;4;DESPESAS DE CAPITAL;4;INVESTIMENTOS;52;EQUIPAMENTOS E MATERIAL PERMANENTE;90;APLICACOES DIRETAS;17;VEICULOS;2;CONVENIOS COM A UNIAO E SUAS ENTIDADES - EMENDAS DE BANCADA;332953,24;0,0;332956,5;332953,24;0,0;3,26;0;0,0;0,0;328933,24
9346727;1250072 000056/2022;58;2023-06-02;GENERAL MOTORS DO BRASIL LTDA;59.275.792/0001-50;4;DESPESAS DE CAPITAL;4;INVESTIMENTOS;52;EQUIPAMENTOS E MATERIAL PERMANENTE;90;APLICACOES DIRETAS;17;VEICULOS;2;CONVENIOS COM A UNIAO E SUAS ENTIDADES - EMENDAS DE BANCADA;0,0;670000,0;0,0;0,0;0,0;0,0;0;0,0;662140,0;0,0
9348842;1250072 000071/2022;78;2023-07-18;ECS COMERCIO DE VEICULOS E EQUIPAMENTOS LTDA;08.206.867/0001-00;4;DESPESAS DE CAPITAL;4;INVESTIMENTOS;52;EQUIPAMENTOS E MATERIAL PERMANENTE;90;APLICACOES DIRETAS;17;VEICULOS;97;TRANSFERENCIAS ESPECIAIS DE RECURSOS DA UNIAO;140031,0;0,0;140031,0;140031,0;0,0;0,0;0;0,0;0,0;138302,63
9349516;1511189 000307/2022;236;2023-12-05;STELLANTIS AUTOMOVEIS BRASIL LTDA.;16.701.716/0001-56;4;DESPESAS DE CAPITAL;4;INVESTIMENTOS;52;EQUIPAMENTOS E MATERIAL PERMANENTE;90;APLICACOES DIRETAS;17;VEICULOS;2;CONVENIOS COM A UNIAO E SUAS ENTIDADES - EMENDAS DE BANCADA;3270840,0;0,0;3270840,0;3270840,0;0,0;0,0;0;0,0;0,0;3231589,92
9349516;1511189 000307/2022;237;2023-12-05;STELLANTIS AUTOMOVEIS BRASIL LTDA.;16.701.716/0001-56;4;DESPESAS DE CAPITAL;4;INVESTIMENTOS;52;EQUIPAMENTOS E MATERIAL PERMANENTE;90;APLICACOES DIRETAS;17;VEICULOS;2;CONVENIOS COM A UNIAO E SUAS ENTIDADES - EMENDAS DE BANCADA;65743,03;0,0;65743,8;65743,03;0,0;0,77;0;0,0;0,0;64954,11
9349516;1511189 000307/2022;238;2023-12-05;STELLANTIS AUTOMOVEIS BRASIL LTDA.;16.701.716/0001-56;4;DESPESAS DE CAPITAL;4;INVESTIMENTOS;52;EQUIPAMENTOS E MATERIAL PERMANENTE;90;APLICACOES DIRETAS;17;VEICULOS;10;RECURSOS ORDINARIOS - RECURSOS NAO VINCULADOS DE IMPOSTOS;70540,2;0,0;70540,2;70540,2;0,0;0,0;0;0,0;0,0;69693,72
9350465;1250071 000034/2023;212;2023-07-27;MOTOROLA SOLUTIONS LTDA;10.652.730/0006-35;4;DESPESAS DE CAPITAL;4;INVESTIMENTOS;52;EQUIPAMENTOS E MATERIAL PERMANENTE;90;APLICACOES DIRETAS;6;EQUIPAMENTOS DE COMUNICACAO E TELEFONIA;97;TRANSFERENCIAS ESPECIAIS DE RECURSOS DA UNIAO;128250,0;0,0;128250,0;128250,0;0,0;0,0;0;0,0;0,0;126711,0
9350465;1250071 000035/2023;214;2023-07-27;GRUPO MULTILASER S.A.;59.717.553/0006-17;4;DESPESAS DE CAPITAL;4;INVESTIMENTOS;52;EQUIPAMENTOS E MATERIAL PERMANENTE;90;APLICACOES DIRETAS;7;EQUIPAMENTOS DE INFORMATICA;97;TRANSFERENCIAS ESPECIAIS DE RECURSOS DA UNIAO;23100,0;0,0;23100,0;23100,0;0,0;0,0;0;0,0;0,0;22822,8
9350465;1250071 000146/2023;548;2023-12-29;SEVENTEC COMERCIO LTDA;08.784.976/0002-95;4;DESPESAS DE CAPITAL;4;INVESTIMENTOS;52;EQUIPAMENTOS E MATERIAL PERMANENTE;90;APLICACOES DIRETAS;7;EQUIPAMENTOS DE INFORMATICA;97;TRANSFERENCIAS ESPECIAIS DE RECURSOS DA UNIAO;3179,5;0,0;3179,5;3179,5;0,0;0,0;0;0,0;0,0;3141,35
9350465;1250071 000237/2023;542;2023-12-29;METODO SYSTEM COMERCIO E SERVICOS LTDA;07.346.478/0001-17;4;DESPESAS DE CAPITAL;4;INVESTIMENTOS;52;EQUIPAMENTOS E MATERIAL PERMANENTE;90;APLICACOES DIRETAS;20;EQUIPAMENTOS DE SEGURANCA ELETRONICA;97;TRANSFERENCIAS ESPECIAIS DE RECURSOS DA UNIAO;4800,0;0,0;4800,0;4800,0;0,0;0,0;0;0,0;0,0;4742,4
9350465;1250071 000238/2023;544;2023-12-29;INTELBRAS S.A. INDUSTRIA DE TELECOMUNICACAO ELETRONICA BRASILEIRA;82.901.000/0001-27;4;DESPESAS DE CAPITAL;4;INVESTIMENTOS;52;EQUIPAMENTOS E MATERIAL PERMANENTE;90;APLICACOES DIRETAS;20;EQUIPAMENTOS DE SEGURANCA ELETRONICA;97;TRANSFERENCIAS ESPECIAIS DE RECURSOS DA UNIAO;1435,57;0,0;1435,57;1435,57;0,0;0,0;0;0,0;0,0;1418,35
9350465;1250072 000010/2023;147;2023-10-17;MINAS MOTOS LTDA;01.566.501/0001-00;4;DESPESAS DE CAPITAL;4;INVESTIMENTOS;52;EQUIPAMENTOS E MATERIAL PERMANENTE;90;APLICACOES DIRETAS;17;VEICULOS;97;TRANSFERENCIAS ESPECIAIS DE RECURSOS DA UNIAO;197200,0;0,0;197200,0;197200,0;0,0;0,0;0;0,0;0,0;194833,6
9350465;1250072 000087/2022;300;2022-12-30;HPE AUTOMOTORES DO BRASIL LTDA;54.305.743/0011-70;4;DESPESAS DE CAPITAL;4;INVESTIMENTOS;52;EQUIPAMENTOS E MATERIAL PERMANENTE;90;APLICACOES DIRETAS;17;VEICULOS;97;TRANSFERENCIAS ESPECIAIS DE RECURSOS DA UNIAO;312000,0;0,0;312000,0;312000,0;0,0;0,0;0;0,0;0,0;308256,0
9350465;1250072 000088/2022;75;2023-07-05;ECS COMERCIO DE VEICULOS E EQUIPAMENTOS LTDA;08.206.867/0001-00;4;DESPESAS DE CAPITAL;4;INVESTIMENTOS;52;EQUIPAMENTOS E MATERIAL PERMANENTE;90;APLICACOES DIRETAS;17;VEICULOS;97;TRANSFERENCIAS ESPECIAIS DE RECURSOS DA UNIAO;144031,0;0,0;144031,0;144031,0;0,0;0,0;0;0,0;0,0;142302,63
9350465;1250072 000088/2022;310;2022-12-30;ECS COMERCIO DE VEICULOS E EQUIPAMENTOS LTDA;08.206.867/0001-00;4;DESPESAS DE CAPITAL;4;INVESTIMENTOS;52;EQUIPAMENTOS E MATERIAL PERMANENTE;90;APLICACOES DIRETAS;17;VEICULOS;97;TRANSFERENCIAS ESPECIAIS DE RECURSOS DA UNIAO;432093,0;0,0;432093,0;432093,0;0,0;0,0;0;0,0;0,0;426907,88
9350465;1250084 000069/2023;116;2023-10-20;COMPANHIA BRASILEIRA DE CARTUCHOS;57.494.031/0010-54;4;DESPESAS DE CAPITAL;4;INVESTIMENTOS;52;EQUIPAMENTOS E MATERIAL PERMANENTE;90;APLICACOES DIRETAS;3;ARMAMENTO E EQUIPAMENTO DE USO POLICIAL;97;TRANSFERENCIAS ESPECIAIS DE RECURSOS DA UNIAO;22921,5;0,0;22921,5;22921,5;0,0;0,0;0;0,0;0,0;22646,45
9350465;1250084 000070/2023;113;2023-10-19;INBRA-TECNOLOGIA E DEFESA INDUSTRIA E COMERCIO LTDA.;26.836.227/0001-65;4;DESPESAS DE CAPITAL;4;INVESTIMENTOS;52;EQUIPAMENTOS E MATERIAL PERMANENTE;90;APLICACOES DIRETAS;3;ARMAMENTO E EQUIPAMENTO DE USO POLICIAL;97;TRANSFERENCIAS ESPECIAIS DE RECURSOS DA UNIAO;19500,0;0,0;19500,0;19500,0;0,0;0,0;0;0,0;0,0;19266,0
9350465;1250084 000149/2024;424;2024-12-20;GLOCK AMERICA S.A.;99.999.990/1090-00;4;DESPESAS DE CAPITAL;4;INVESTIMENTOS;52;EQUIPAMENTOS E MATERIAL PERMANENTE;90;APLICACOES DIRETAS;3;ARMAMENTO E EQUIPAMENTO DE USO POLICIAL;97;TRANSFERENCIAS ESPECIAIS DE RECURSOS DA UNIAO - RECURSOS RECEBIDOS ATE 2023;12278,84;0,0;12808,09;12278,84;0,0;529,25;0;0,0;0,0;12105,23
9350465;1250084 000149/2024;440;2024-12-26;AXON ENTERPRISE INC;99.999.990/1126-55;4;DESPESAS DE CAPITAL;4;INVESTIMENTOS;52;EQUIPAMENTOS E MATERIAL PERMANENTE;90;APLICACOES DIRETAS;3;ARMAMENTO E EQUIPAMENTO DE USO POLICIAL;97;TRANSFERENCIAS ESPECIAIS DE RECURSOS DA UNIAO - RECURSOS RECEBIDOS ATE 2023;180199,11;0,0;190654,47;180199,11;0,0;10455,36;0;0,0;0,0;175894,12
9350465;1250084 000151/2024;308;2024-11-27;CESKA ZBROJOVKA A.S.;99.999.990/1101-05;4;DESPESAS DE CAPITAL;4;INVESTIMENTOS;52;EQUIPAMENTOS E MATERIAL PERMANENTE;90;APLICACOES DIRETAS;3;ARMAMENTO E EQUIPAMENTO DE USO POLICIAL;97;TRANSFERENCIAS ESPECIAIS DE RECURSOS DA UNIAO - RECURSOS RECEBIDOS ATE 2023;2032,32;0,0;2032,32;2032,32;0,0;0,0;0;0,0;0,0;1472,5
9350465;1250084 000175/2023;254;2023-12-27;CESKA ZBROJOVKA A.S.;99.999.990/1101-05;4;DESPESAS DE CAPITAL;4;INVESTIMENTOS;52;EQUIPAMENTOS E MATERIAL PERMANENTE;90;APLICACOES DIRETAS;3;ARMAMENTO E EQUIPAMENTO DE USO POLICIAL;97;TRANSFERENCIAS ESPECIAIS DE RECURSOS DA UNIAO;8194,3;0,0;16388,6;8194,3;0,0;0,0;0;0,0;0,0;8194,3
9350465;1250084 000185/2022;320;2022-12-28;COMPANHIA BRASILEIRA DE CARTUCHOS;57.494.031/0010-54;4;DESPESAS DE CAPITAL;4;INVESTIMENTOS;52;EQUIPAMENTOS E MATERIAL PERMANENTE;90;APLICACOES DIRETAS;3;ARMAMENTO E EQUIPAMENTO DE USO POLICIAL;97;TRANSFERENCIAS ESPECIAIS DE RECURSOS DA UNIAO;46717,0;0,0;46717,0;46717,0;0,0;0,0;0;0,0;0,0;46717,0
9350465;1250084 000185/2022;376;2022-12-30;COMPANHIA BRASILEIRA DE CARTUCHOS;57.494.031/0010-54;4;DESPESAS DE CAPITAL;4;INVESTIMENTOS;52;EQUIPAMENTOS E MATERIAL PERMANENTE;90;APLICACOES DIRETAS;3;ARMAMENTO E EQUIPAMENTO DE USO POLICIAL;97;TRANSFERENCIAS ESPECIAIS DE RECURSOS DA UNIAO;29729,0;0,0;29729,0;29729,0;0,0;0,0;0;0,0;0,0;29729,0
9350465;1250084 000241/2022;327;2022-12-29;INBRA-TECNOLOGIA E DEFESA INDUSTRIA E COMERCIO LTDA.;26.836.227/0001-65;4;DESPESAS DE CAPITAL;4;INVESTIMENTOS;52;EQUIPAMENTOS E MATERIAL PERMANENTE;90;APLICACOES DIRETAS;3;ARMAMENTO E EQUIPAMENTO DE USO POLICIAL;97;TRANSFERENCIAS ESPECIAIS DE RECURSOS DA UNIAO;19500,0;0,0;19500,0;19500,0;0,0;0,0;0;0,0;0,0;19500,0
9350465;1259970 000040/2023;2152;2023-11-28;MARCELO LUIZ CLEMENTE BRANDAO -ME;07.820.223/0001-44;4;DESPESAS DE CAPITAL;4;INVESTIMENTOS;52;EQUIPAMENTOS E MATERIAL PERMANENTE;90;APLICACOES DIRETAS;14;MOBILIARIO;97;TRANSFERENCIAS ESPECIAIS DE RECURSOS DA UNIAO;9541,55;0,0;9729,43;9541,55;0,0;187,88;0;0,0;0,0;9541,55
9358633;1511189 000164/2023;198;2023-09-27;FORD MOTOR COMPANY BRASIL LTDA;03.470.727/0041-18;4;DESPESAS DE CAPITAL;4;INVESTIMENTOS;52;EQUIPAMENTOS E MATERIAL PERMANENTE;90;APLICACOES DIRETAS;17;VEICULOS;97;TRANSFERENCIAS ESPECIAIS DE RECURSOS DA UNIAO;840000,0;0,0;840000,0;840000,0;0,0;0,0;0;0,0;0,0;829920,0
9358633;1511189 000167/2024;65;2024-10-21;GRUPO MULTILASER S.A.;59.717.553/0006-17;4;DESPESAS DE CAPITAL;4;INVESTIMENTOS;52;EQUIPAMENTOS E MATERIAL PERMANENTE;90;APLICACOES DIRETAS;7;EQUIPAMENTOS DE INFORMATICA;97;TRANSFERENCIAS ESPECIAIS DE RECURSOS DA UNIAO - RECURSOS RECEBIDOS ATE 2023;2669,0;2669,0;2669,0;2669,0;0,0;0,0;0;0,0;2636,97;0,0
9358633;1511189 000167/2024;66;2024-10-21;GRUPO MULTILASER S.A.;59.717.553/0006-17;4;DESPESAS DE CAPITAL;4;INVESTIMENTOS;52;EQUIPAMENTOS E MATERIAL PERMANENTE;90;APLICACOES DIRETAS;7;EQUIPAMENTOS DE INFORMATICA;97;TRANSFERENCIAS ESPECIAIS DE RECURSOS DA UNIAO - RECURSOS RECEBIDOS ATE 2023;3390,0;0,0;3390,0;3390,0;0,0;0,0;0;0,0;0,0;3349,32
9358633;1511189 000167/2024;70;2024-10-21;LIDER NOTEBOOKS COMERCIO E SERVICOS LTDA;12.477.490/0002-81;4;DESPESAS DE CAPITAL;4;INVESTIMENTOS;52;EQUIPAMENTOS E MATERIAL PERMANENTE;90;APLICACOES DIRETAS;7;EQUIPAMENTOS DE INFORMATICA;97;TRANSFERENCIAS ESPECIAIS DE RECURSOS DA UNIAO - RECURSOS RECEBIDOS ATE 2023;35163,0;0,0;35163,0;35163,0;0,0;0,0;0;0,0;0,0;34741,04
9359872;1511189 000034/2023;146;2023-08-02;GRUPO MULTILASER S.A.;59.717.553/0006-17;4;DESPESAS DE CAPITAL;4;INVESTIMENTOS;52;EQUIPAMENTOS E MATERIAL PERMANENTE;90;APLICACOES DIRETAS;7;EQUIPAMENTOS DE INFORMATICA;1;CONVENIOS COM A UNIAO E SUAS ENTIDADES - EMENDAS INDIVIDUAIS;49500,0;0,0;49500,0;49500,0;0,0;0,0;0;0,0;0,0;48906,0
9359872;1511189 000034/2023;147;2023-08-02;GRUPO MULTILASER S.A.;59.717.553/0006-17;4;DESPESAS DE CAPITAL;4;INVESTIMENTOS;52;EQUIPAMENTOS E MATERIAL PERMANENTE;90;APLICACOES DIRETAS;7;EQUIPAMENTOS DE INFORMATICA;1;CONVENIOS COM A UNIAO E SUAS ENTIDADES - EMENDAS INDIVIDUAIS;287100,0;0,0;287100,0;287100,0;0,0;0,0;0;0,0;0,0;283654,8
9359872;1511189 000034/2023;148;2023-08-02;GRUPO MULTILASER S.A.;59.717.553/0006-17;4;DESPESAS DE CAPITAL;4;INVESTIMENTOS;52;EQUIPAMENTOS E MATERIAL PERMANENTE;90;APLICACOES DIRETAS;7;EQUIPAMENTOS DE INFORMATICA;10;RECURSOS ORDINARIOS - RECURSOS NAO VINCULADOS DE IMPOSTOS;23100,0;0,0;23100,0;23100,0;0,0;0,0;0;0,0;0,0;22822,8
9359872;1511189 000034/2023;149;2023-08-02;GRUPO MULTILASER S.A.;59.717.553/0006-17;4;DESPESAS DE CAPITAL;4;INVESTIMENTOS;52;EQUIPAMENTOS E MATERIAL PERMANENTE;90;APLICACOES DIRETAS;7;EQUIPAMENTOS DE INFORMATICA;10;RECURSOS ORDINARIOS - RECURSOS NAO VINCULADOS DE IMPOSTOS;1801,8;0,0;1801,8;1801,8;0,0;0,0;0;0,0;0,0;1801,8
9359872;1511189 000034/2023;150;2023-08-02;GRUPO MULTILASER S.A.;59.717.553/0006-17;4;DESPESAS DE CAPITAL;4;INVESTIMENTOS;52;EQUIPAMENTOS E MATERIAL PERMANENTE;90;APLICACOES DIRETAS;7;EQUIPAMENTOS DE INFORMATICA;1;CONVENIOS COM A UNIAO E SUAS ENTIDADES - EMENDAS INDIVIDUAIS;1498,2;0,0;1498,2;1498,2;0,0;0,0;0;0,0;0,0;1458,6
9359872;1511189 000034/2023;151;2023-08-02;GRUPO MULTILASER S.A.;59.717.553/0006-17;4;DESPESAS DE CAPITAL;4;INVESTIMENTOS;52;EQUIPAMENTOS E MATERIAL PERMANENTE;90;APLICACOES DIRETAS;7;EQUIPAMENTOS DE INFORMATICA;1;CONVENIOS COM A UNIAO E SUAS ENTIDADES - EMENDAS INDIVIDUAIS;26400,0;0,0;26400,0;26400,0;0,0;0,0;0;0,0;0,0;26083,2
9359872;1511189 000034/2023;152;2023-08-02;GRUPO MULTILASER S.A.;59.717.553/0006-17;4;DESPESAS DE CAPITAL;4;INVESTIMENTOS;52;EQUIPAMENTOS E MATERIAL PERMANENTE;90;APLICACOES DIRETAS;7;EQUIPAMENTOS DE INFORMATICA;1;CONVENIOS COM A UNIAO E SUAS ENTIDADES - EMENDAS INDIVIDUAIS;671,55;0,0;671,55;671,55;0,0;0,0;0;0,0;0,0;631,95
9359872;1511189 000034/2023;153;2023-08-02;GRUPO MULTILASER S.A.;59.717.553/0006-17;4;DESPESAS DE CAPITAL;4;INVESTIMENTOS;52;EQUIPAMENTOS E MATERIAL PERMANENTE;90;APLICACOES DIRETAS;7;EQUIPAMENTOS DE INFORMATICA;10;RECURSOS ORDINARIOS - RECURSOS NAO VINCULADOS DE IMPOSTOS;2628,45;0,0;2628,45;2628,45;0,0;0,0;0;0,0;0,0;2628,45
9359872;1511189 000034/2023;205;2023-10-09;DATEN TECNOLOGIA LTDA;04.602.789/0001-01;4;DESPESAS DE CAPITAL;4;INVESTIMENTOS;52;EQUIPAMENTOS E MATERIAL PERMANENTE;90;APLICACOES DIRETAS;7;EQUIPAMENTOS DE INFORMATICA;1;CONVENIOS COM A UNIAO E SUAS ENTIDADES - EMENDAS INDIVIDUAIS;41770,0;0,0;41770,0;41770,0;0,0;0,0;0;0,0;0,0;41268,76
9359872;1511189 000131/2022;140;2023-08-01;STELLANTIS AUTOMOVEIS BRASIL LTDA.;16.701.716/0001-56;4;DESPESAS DE CAPITAL;4;INVESTIMENTOS;52;EQUIPAMENTOS E MATERIAL PERMANENTE;90;APLICACOES DIRETAS;17;VEICULOS;1;CONVENIOS COM A UNIAO E SUAS ENTIDADES - EMENDAS INDIVIDUAIS;142332,0;0,0;142332,0;142332,0;0,0;0,0;0;0,0;0,0;140624,02
9359872;1511189 000141/2023;244;2023-12-07;DISTRIBUIDORA PERES & ARAUJO LTDA - ME;21.641.059/0001-39;4;DESPESAS DE CAPITAL;4;INVESTIMENTOS;52;EQUIPAMENTOS E MATERIAL PERMANENTE;90;APLICACOES DIRETAS;1;AERONAVES E COMPONENTES ESTRUTURAIS;1;CONVENIOS COM A UNIAO E SUAS ENTIDADES - EMENDAS INDIVIDUAIS;36699,99;0,0;36699,99;36699,99;0,0;0,0;0;0,0;0,0;36259,59
9359872;1511189 000219/2023;239;2023-12-06;MAQNETE COMERCIO E SERVICOS LTDA -ME;18.152.404/0001-66;4;DESPESAS DE CAPITAL;4;INVESTIMENTOS;52;EQUIPAMENTOS E MATERIAL PERMANENTE;90;APLICACOES DIRETAS;8;EQUIPAMENTOS DE SOM, VIDEO, FOTOGRAFICO E CINEMATOGRAFICO;1;CONVENIOS COM A UNIAO E SUAS ENTIDADES - EMENDAS INDIVIDUAIS;3120,0;0,0;3120,0;3120,0;0,0;0,0;0;0,0;0,0;3082,56
9359872;1511189 000219/2023;240;2023-12-06;MAQNETE COMERCIO E SERVICOS LTDA -ME;18.152.404/0001-66;4;DESPESAS DE CAPITAL;4;INVESTIMENTOS;52;EQUIPAMENTOS E MATERIAL PERMANENTE;90;APLICACOES DIRETAS;8;EQUIPAMENTOS DE SOM, VIDEO, FOTOGRAFICO E CINEMATOGRAFICO;1;CONVENIOS COM A UNIAO E SUAS ENTIDADES - EMENDAS INDIVIDUAIS;2925,0;0,0;2925,0;2925,0;0,0;0,0;0;0,0;0,0;2889,9
9359872;1511189 000219/2023;241;2023-12-06;MAQNETE COMERCIO E SERVICOS LTDA -ME;18.152.404/0001-66;4;DESPESAS DE CAPITAL;4;INVESTIMENTOS;52;EQUIPAMENTOS E MATERIAL PERMANENTE;90;APLICACOES DIRETAS;7;EQUIPAMENTOS DE INFORMATICA;1;CONVENIOS COM A UNIAO E SUAS ENTIDADES - EMENDAS INDIVIDUAIS;3210,0;0,0;3210,0;3210,0;0,0;0,0;0;0,0;0,0;3171,48
9359872;1511189 000219/2023;242;2023-12-06;MAQNETE COMERCIO E SERVICOS LTDA -ME;18.152.404/0001-66;4;DESPESAS DE CAPITAL;4;INVESTIMENTOS;52;EQUIPAMENTOS E MATERIAL PERMANENTE;90;APLICACOES DIRETAS;7;EQUIPAMENTOS DE INFORMATICA;1;CONVENIOS COM A UNIAO E SUAS ENTIDADES - EMENDAS INDIVIDUAIS;1819,0;0,0;1819,0;1819,0;0,0;0,0;0;0,0;0,0;1797,17
9363607;1401068 000016/2023;86;2023-12-28;OLIMPO ML REFEICOES COLETIVAS LTDA;46.924.191/0001-89;4;DESPESAS DE CAPITAL;4;INVESTIMENTOS;52;EQUIPAMENTOS E MATERIAL PERMANENTE;90;APLICACOES DIRETAS;25;APARELHOS E UTENSILIOS DOMESTICOS;1;CONVENIOS COM A UNIAO E SUAS ENTIDADES - EMENDAS INDIVIDUAIS;5336,34;0,0;5336,34;5336,34;0,0;0,0;0;0,0;0,0;5336,34
9363607;1401104 000049/2023;178;2023-10-02;RESGATECNICA COMERCIO DE EQUIPAMENTOS DE RESGATE LTDA;15.453.449/0001-82;4;DESPESAS DE CAPITAL;4;INVESTIMENTOS;52;EQUIPAMENTOS E MATERIAL PERMANENTE;90;APLICACOES DIRETAS;26;EQUIPAMENTOS DE PROTECAO, SEGURANCA E SOCORRO;10;RECURSOS ORDINARIOS - RECURSOS NAO VINCULADOS DE IMPOSTOS;6291,55;0,0;6291,55;6291,55;0,0;0,0;0;0,0;0,0;6291,55
9363607;1401104 000049/2023;179;2023-10-02;RESGATECNICA COMERCIO DE EQUIPAMENTOS DE RESGATE LTDA;15.453.449/0001-82;4;DESPESAS DE CAPITAL;4;INVESTIMENTOS;52;EQUIPAMENTOS E MATERIAL PERMANENTE;90;APLICACOES DIRETAS;26;EQUIPAMENTOS DE PROTECAO, SEGURANCA E SOCORRO;1;CONVENIOS COM A UNIAO E SUAS ENTIDADES - EMENDAS INDIVIDUAIS;210658,45;0,0;210658,45;210658,45;0,0;0,0;0;0,0;0,0;208055,05
9363607;1401104 000121/2023;321;2023-12-11;RESGATECNICA COMERCIO DE EQUIPAMENTOS DE RESGATE LTDA;15.453.449/0001-82;4;DESPESAS DE CAPITAL;4;INVESTIMENTOS;52;EQUIPAMENTOS E MATERIAL PERMANENTE;90;APLICACOES DIRETAS;26;EQUIPAMENTOS DE PROTECAO, SEGURANCA E SOCORRO;1;CONVENIOS COM A UNIAO E SUAS ENTIDADES - EMENDAS INDIVIDUAIS;51000,0;0,0;51000,0;51000,0;0,0;0,0;0;0,0;0,0;50388,0
9368834;1401104 000047/2023;149;2023-09-19;RESGATECNICA COMERCIO DE EQUIPAMENTOS DE RESGATE LTDA;15.453.449/0001-82;4;DESPESAS DE CAPITAL;4;INVESTIMENTOS;52;EQUIPAMENTOS E MATERIAL PERMANENTE;90;APLICACOES DIRETAS;26;EQUIPAMENTOS DE PROTECAO, SEGURANCA E SOCORRO;2;CONVENIOS COM A UNIAO E SUAS ENTIDADES - EMENDAS DE BANCADA;0,0;370500,0;0,0;0,0;0,0;0,0;0;0,0;366054,0;0,0
9368834;1401104 000055/2023;132;2023-09-15;HPE AUTOMOTORES DO BRASIL LTDA;54.305.743/0011-70;4;DESPESAS DE CAPITAL;4;INVESTIMENTOS;52;EQUIPAMENTOS E MATERIAL PERMANENTE;90;APLICACOES DIRETAS;17;VEICULOS;2;CONVENIOS COM A UNIAO E SUAS ENTIDADES - EMENDAS DE BANCADA;9719640,0;0,0;9719640,0;9719640,0;0,0;0,0;0;0,0;0,0;9603004,32
9368834;1401104 000055/2023;133;2023-09-15;HPE AUTOMOTORES DO BRASIL LTDA;54.305.743/0011-70;4;DESPESAS DE CAPITAL;4;INVESTIMENTOS;52;EQUIPAMENTOS E MATERIAL PERMANENTE;90;APLICACOES DIRETAS;17;VEICULOS;10;RECURSOS ORDINARIOS - RECURSOS NAO VINCULADOS DE IMPOSTOS;269990,0;0,0;269990,0;269990,0;0,0;0,0;0;0,0;0,0;266750,12
9368834;1401104 000055/2023;207;2023-10-30;HPE AUTOMOTORES DO BRASIL LTDA;54.305.743/0011-70;4;DESPESAS DE CAPITAL;4;INVESTIMENTOS;52;EQUIPAMENTOS E MATERIAL PERMANENTE;90;APLICACOES DIRETAS;17;VEICULOS;10;RECURSOS ORDINARIOS - RECURSOS NAO VINCULADOS DE IMPOSTOS;66298,89;0,0;66298,89;66298,89;0,0;0,0;0;0,0;0,0;66298,89
9368834;1401104 000055/2023;209;2023-10-30;HPE AUTOMOTORES DO BRASIL LTDA;54.305.743/0011-70;4;DESPESAS DE CAPITAL;4;INVESTIMENTOS;52;EQUIPAMENTOS E MATERIAL PERMANENTE;90;APLICACOES DIRETAS;17;VEICULOS;2;CONVENIOS COM A UNIAO E SUAS ENTIDADES - EMENDAS DE BANCADA;203647,73;0,0;203713,19;203647,73;0,0;32,73;0;0,0;0,0;200407,85
9368834;1401152 000037/2025;94;2025-12-22;MOTOROLA SOLUTIONS LTDA;10.652.730/0006-35;4;DESPESAS DE CAPITAL;4;INVESTIMENTOS;52;EQUIPAMENTOS E MATERIAL PERMANENTE;90;APLICACOES DIRETAS;6;EQUIPAMENTOS DE COMUNICACAO E TELEFONIA;2;CONVENIOS COM A UNIAO E SUAS ENTIDADES - EMENDAS DE BANCADA;326714,0;0,0;326714,0;326714,0;0,0;0,0;0;0,0;0,0;322793,44
9369087;1254266 000069/2023;667;2023-09-18;MEPROLIGHT LTD;99.999.990/1112-50;4;DESPESAS DE CAPITAL;4;INVESTIMENTOS;52;EQUIPAMENTOS E MATERIAL PERMANENTE;90;APLICACOES DIRETAS;3;ARMAMENTO E EQUIPAMENTO DE USO POLICIAL;97;TRANSFERENCIAS ESPECIAIS DE RECURSOS DA UNIAO;37350,0;0,0;37380,0;37350,0;0,0;30,0;0;0,0;0,0;37350,0
9369087;1254266 000070/2023;699;2023-10-03;AVIATION SPECIALTIES UNLIMITED INC;99.999.990/1100-16;4;DESPESAS DE CAPITAL;4;INVESTIMENTOS;52;EQUIPAMENTOS E MATERIAL PERMANENTE;90;APLICACOES DIRETAS;3;ARMAMENTO E EQUIPAMENTO DE USO POLICIAL;97;TRANSFERENCIAS ESPECIAIS DE RECURSOS DA UNIAO;439585,1;0,0;440000,0;439585,1;0,0;414,9;0;0,0;0,0;439585,1
9369087;1254266 000086/2023;857;2023-12-11;FLIR SYSTEMS BRASIL COMERCIO DE CAMERAS INFRAVERMELHAS LTDA.;07.204.578/0001-09;4;DESPESAS DE CAPITAL;4;INVESTIMENTOS;52;EQUIPAMENTOS E MATERIAL PERMANENTE;90;APLICACOES DIRETAS;3;ARMAMENTO E EQUIPAMENTO DE USO POLICIAL;97;TRANSFERENCIAS ESPECIAIS DE RECURSOS DA UNIAO;394909,04;0,0;493636,64;394909,04;0,0;232544,89;0;133817,29;0,0;375953,41
9369087;1257654 000029/2023;2491;2023-10-09;MM5 CONSTRUCAO E LOCACAO DE MAQUINAS LTDA;36.323.561/0001-79;4;DESPESAS DE CAPITAL;4;INVESTIMENTOS;51;OBRAS E INSTALACOES;90;APLICACOES DIRETAS;3;EXECUCAO DE OBRAS POR CONTRATO DE BENS PATRIMONIAVEIS;97;TRANSFERENCIAS ESPECIAIS DE RECURSOS DA UNIAO;399438,29;0,0;399438,29;399438,29;0,0;0,0;0;0,0;0,0;381190,9
9369089;1511189 000079/2023;157;2023-08-10;GRUPO MULTILASER S.A.;59.717.553/0006-17;4;DESPESAS DE CAPITAL;4;INVESTIMENTOS;52;EQUIPAMENTOS E MATERIAL PERMANENTE;90;APLICACOES DIRETAS;7;EQUIPAMENTOS DE INFORMATICA;97;TRANSFERENCIAS ESPECIAIS DE RECURSOS DA UNIAO;66000,0;66000,0;66000,0;66000,0;0,0;0,0;0;0,0;65208,0;0,0
9369089;1511189 000079/2023;162;2023-08-10;GRUPO MULTILASER S.A.;59.717.553/0006-17;4;DESPESAS DE CAPITAL;4;INVESTIMENTOS;52;EQUIPAMENTOS E MATERIAL PERMANENTE;90;APLICACOES DIRETAS;7;EQUIPAMENTOS DE INFORMATICA;97;TRANSFERENCIAS ESPECIAIS DE RECURSOS DA UNIAO;0,0;9870,0;0,0;0,0;0,0;0,0;0;0,0;9751,56;0,0
9369089;1511189 000082/2022;119;2023-06-30;GLOCK AMERICA S.A.;99.999.990/1090-00;4;DESPESAS DE CAPITAL;4;INVESTIMENTOS;52;EQUIPAMENTOS E MATERIAL PERMANENTE;90;APLICACOES DIRETAS;3;ARMAMENTO E EQUIPAMENTO DE USO POLICIAL;97;TRANSFERENCIAS ESPECIAIS DE RECURSOS DA UNIAO;0,0;46563,0;0,0;0,0;0,0;0,0;0;0,0;46563,0;0,0
9369089;1511189 000127/2023;200;2023-10-03;NW DRONES COMERCIO E MANUTENCAO DE DRONES LTDA;32.907.435/0001-00;4;DESPESAS DE CAPITAL;4;INVESTIMENTOS;52;EQUIPAMENTOS E MATERIAL PERMANENTE;90;APLICACOES DIRETAS;1;AERONAVES E COMPONENTES ESTRUTURAIS;97;TRANSFERENCIAS ESPECIAIS DE RECURSOS DA UNIAO;0,0;145000,0;0,0;0,0;0,0;0,0;0;0,0;143260,0;0,0
9369089;1511189 000287/2023;272;2023-12-27;REPREMIG REPRESENTACAO E COMERCIO DE MINAS GERAIS LTDA;65.149.197/0002-51;4;DESPESAS DE CAPITAL;4;INVESTIMENTOS;52;EQUIPAMENTOS E MATERIAL PERMANENTE;90;APLICACOES DIRETAS;7;EQUIPAMENTOS DE INFORMATICA;97;TRANSFERENCIAS ESPECIAIS DE RECURSOS DA UNIAO;21070,0;0,0;21070,0;21070,0;0,0;0,0;0;0,0;0,0;20817,16
9369089;1511189 000291/2024;93;2024-12-27;EMPREENDIMENTOS WG LTDA;52.994.933/0001-45;4;DESPESAS DE CAPITAL;4;INVESTIMENTOS;52;EQUIPAMENTOS E MATERIAL PERMANENTE;90;APLICACOES DIRETAS;25;APARELHOS E UTENSILIOS DOMESTICOS;97;TRANSFERENCIAS ESPECIAIS DE RECURSOS DA UNIAO - RECURSOS RECEBIDOS ATE 2023;25663,15;0,0;25663,15;25663,15;0,0;0,0;0;0,0;0,0;25663,15
9369089;1511189 000311/2024;88;2024-12-19;MICROTECNICA INFORMATICA LTDA;01.590.728/0002-64;4;DESPESAS DE CAPITAL;4;INVESTIMENTOS;52;EQUIPAMENTOS E MATERIAL PERMANENTE;90;APLICACOES DIRETAS;25;APARELHOS E UTENSILIOS DOMESTICOS;97;TRANSFERENCIAS ESPECIAIS DE RECURSOS DA UNIAO - RECURSOS RECEBIDOS ATE 2023;2778,66;0,0;2778,66;2778,66;0,0;0,0;0;0,0;0,0;2745,32
9369427;1250084 000189/2024;448;2024-12-26;CESKA ZBROJOVKA A.S.;99.999.990/1101-05;4;DESPESAS DE CAPITAL;4;INVESTIMENTOS;52;EQUIPAMENTOS E MATERIAL PERMANENTE;90;APLICACOES DIRETAS;3;ARMAMENTO E EQUIPAMENTO DE USO POLICIAL;97;TRANSFERENCIAS ESPECIAIS DE RECURSOS DA UNIAO - RECURSOS RECEBIDOS ATE 2023;41770,08;0,0;46332,0;41770,08;0,0;4561,92;0;0,0;0,0;40772,16
9369427;1254266 000010/2023;190;2023-04-05;AVIATION SPECIALTIES UNLIMITED INC;99.999.990/1100-16;4;DESPESAS DE CAPITAL;4;INVESTIMENTOS;52;EQUIPAMENTOS E MATERIAL PERMANENTE;90;APLICACOES DIRETAS;3;ARMAMENTO E EQUIPAMENTO DE USO POLICIAL;97;TRANSFERENCIAS ESPECIAIS DE RECURSOS DA UNIAO;214933,89;0,0;215000,0;214933,89;0,0;66,11;0;0,0;0,0;214933,89
9369427;1254266 000011/2023;191;2023-04-05;AVIATION SPECIALTIES UNLIMITED INC;99.999.990/1100-16;3;DESPESAS CORRENTES;3;OUTRAS DESPESAS CORRENTES;39;OUTROS SERVICOS DE TERCEIROS - PESSOA JURIDICA;90;APLICACOES DIRETAS;35;REPARO, MANUTENCAO, E SERVICOS AEROPORTUARIOS PARA AERONAVES;97;TRANSFERENCIAS ESPECIAIS DE RECURSOS DA UNIAO;500000,0;0,0;500000,0;500000,0;0,0;0,0;0;0,0;0,0;500000,0
9369427;1254266 000069/2023;668;2023-09-18;MEPROLIGHT LTD;99.999.990/1112-50;4;DESPESAS DE CAPITAL;4;INVESTIMENTOS;52;EQUIPAMENTOS E MATERIAL PERMANENTE;90;APLICACOES DIRETAS;3;ARMAMENTO E EQUIPAMENTO DE USO POLICIAL;97;TRANSFERENCIAS ESPECIAIS DE RECURSOS DA UNIAO;37350,0;0,0;37380,0;37350,0;0,0;30,0;0;0,0;0,0;37350,0
9369428;1250021 000036/2023;481;2023-11-24;COMPANHIA DA COR STUDIO GRAFICO EIRELI;02.587.457/0001-70;3;DESPESAS CORRENTES;3;OUTRAS DESPESAS CORRENTES;39;OUTROS SERVICOS DE TERCEIROS - PESSOA JURIDICA;90;APLICACOES DIRETAS;31;LOCACAO DE SERVICOS GRAFICOS;97;TRANSFERENCIAS ESPECIAIS DE RECURSOS DA UNIAO;0,0;27270,8;0,0;0,0;0,0;0,0;0;0,0;27270,8;0,0
9369428;1250071 000047/2023;229;2023-08-08;GRUPO MULTILASER S.A.;59.717.553/0006-17;4;DESPESAS DE CAPITAL;4;INVESTIMENTOS;52;EQUIPAMENTOS E MATERIAL PERMANENTE;90;APLICACOES DIRETAS;7;EQUIPAMENTOS DE INFORMATICA;97;TRANSFERENCIAS ESPECIAIS DE RECURSOS DA UNIAO;99000,0;0,0;99000,0;99000,0;0,0;0,0;0;0,0;0,0;97812,0
9369428;1250071 000056/2023;232;2023-08-09;MOTOROLA SOLUTIONS LTDA;10.652.730/0006-35;4;DESPESAS DE CAPITAL;4;INVESTIMENTOS;52;EQUIPAMENTOS E MATERIAL PERMANENTE;90;APLICACOES DIRETAS;6;EQUIPAMENTOS DE COMUNICACAO E TELEFONIA;97;TRANSFERENCIAS ESPECIAIS DE RECURSOS DA UNIAO;98325,0;0,0;98325,0;98325,0;0,0;0,0;0;0,0;0,0;97145,1
9369428;1250071 000104/2024;196;2024-08-12;ARCADE TECNOLOGIA PROJETOS E ENGENHARIA LTDA;00.850.974/0001-64;4;DESPESAS DE CAPITAL;4;INVESTIMENTOS;52;EQUIPAMENTOS E MATERIAL PERMANENTE;90;APLICACOES DIRETAS;20;EQUIPAMENTOS DE SEGURANCA ELETRONICA;97;TRANSFERENCIAS ESPECIAIS DE RECURSOS DA UNIAO - RECURSOS RECEBIDOS ATE 2023;4800,0;0,0;4800,0;4800,0;0,0;0,0;0;0,0;0,0;4742,4
9369428;1250071 000147/2023;447;2023-12-05;TECHBIZ FORENSE DIGITAL LTDA;05.757.597/0002-18;3;DESPESAS CORRENTES;3;OUTRAS DESPESAS CORRENTES;40;SERVICOS DE TECNOLOGIA DA INFORMACAO E COMUNICACAO -  PESSOA JURIDICA;90;APLICACOES DIRETAS;2;SERVICO DE TECNOLOGIA DA INFORMACAO;97;TRANSFERENCIAS ESPECIAIS DE RECURSOS DA UNIAO;300000,0;0,0;300000,0;300000,0;0,0;0,0;0;0,0;0,0;278100,0
9369428;1250071 000161/2023;423;2023-11-23;DISTRIBUIDORA PERES & ARAUJO LTDA - ME;21.641.059/0001-39;4;DESPESAS DE CAPITAL;4;INVESTIMENTOS;52;EQUIPAMENTOS E MATERIAL PERMANENTE;90;APLICACOES DIRETAS;7;EQUIPAMENTOS DE INFORMATICA;97;TRANSFERENCIAS ESPECIAIS DE RECURSOS DA UNIAO;3590,0;0,0;3590,0;3590,0;0,0;0,0;0;0,0;0,0;3546,92
9369428;1250071 000181/2023;454;2023-12-11;GRUPO MULTILASER S.A.;59.717.553/0006-17;4;DESPESAS DE CAPITAL;4;INVESTIMENTOS;52;EQUIPAMENTOS E MATERIAL PERMANENTE;90;APLICACOES DIRETAS;7;EQUIPAMENTOS DE INFORMATICA;97;TRANSFERENCIAS ESPECIAIS DE RECURSOS DA UNIAO;3290,0;3290,0;3290,0;3290,0;0,0;0,0;0;0,0;3250,52;0,0
9369428;1250071 000181/2023;499;2023-12-27;DATEN TECNOLOGIA LTDA;04.602.789/0001-01;4;DESPESAS DE CAPITAL;4;INVESTIMENTOS;52;EQUIPAMENTOS E MATERIAL PERMANENTE;90;APLICACOES DIRETAS;7;EQUIPAMENTOS DE INFORMATICA;97;TRANSFERENCIAS ESPECIAIS DE RECURSOS DA UNIAO;20885,0;0,0;20885,0;20885,0;0,0;0,0;0;0,0;0,0;20634,38
9369428;1250071 000191/2024;438;2024-11-25;XLAN LTDA;44.818.547/0001-74;4;DESPESAS DE CAPITAL;4;INVESTIMENTOS;52;EQUIPAMENTOS E MATERIAL PERMANENTE;90;APLICACOES DIRETAS;7;EQUIPAMENTOS DE INFORMATICA;97;TRANSFERENCIAS ESPECIAIS DE RECURSOS DA UNIAO - RECURSOS RECEBIDOS ATE 2023;19929,0;0,0;19929,0;19929,0;0,0;0,0;0;0,0;0,0;19929,0
9369428;1250071 000220/2023;496;2023-12-26;MICROTECNICA INFORMATICA LTDA;01.590.728/0008-50;4;DESPESAS DE CAPITAL;4;INVESTIMENTOS;52;EQUIPAMENTOS E MATERIAL PERMANENTE;90;APLICACOES DIRETAS;7;EQUIPAMENTOS DE INFORMATICA;97;TRANSFERENCIAS ESPECIAIS DE RECURSOS DA UNIAO;1277,52;1277,52;1277,52;1277,52;0,0;0,0;0;0,0;1262,19;0,0
9369428;1250071 000222/2023;566;2023-12-29;REPREMIG REPRESENTACAO E COMERCIO DE MINAS GERAIS LTDA;65.149.197/0002-51;4;DESPESAS DE CAPITAL;4;INVESTIMENTOS;52;EQUIPAMENTOS E MATERIAL PERMANENTE;90;APLICACOES DIRETAS;8;EQUIPAMENTOS DE SOM, VIDEO, FOTOGRAFICO E CINEMATOGRAFICO;97;TRANSFERENCIAS ESPECIAIS DE RECURSOS DA UNIAO;2990,0;0,0;2990,0;2990,0;0,0;0,0;0;0,0;0,0;2954,12
9369428;1250071 000232/2023;579;2023-12-29;REPREMIG REPRESENTACAO E COMERCIO DE MINAS GERAIS LTDA;65.149.197/0002-51;4;DESPESAS DE CAPITAL;4;INVESTIMENTOS;52;EQUIPAMENTOS E MATERIAL PERMANENTE;90;APLICACOES DIRETAS;7;EQUIPAMENTOS DE INFORMATICA;97;TRANSFERENCIAS ESPECIAIS DE RECURSOS DA UNIAO;2990,0;0,0;2990,0;2990,0;0,0;0,0;0;0,0;0,0;2954,12
9369428;1250071 000236/2023;580;2023-12-29;METODO SYSTEM COMERCIO E SERVICOS LTDA;07.346.478/0001-17;4;DESPESAS DE CAPITAL;4;INVESTIMENTOS;52;EQUIPAMENTOS E MATERIAL PERMANENTE;90;APLICACOES DIRETAS;20;EQUIPAMENTOS DE SEGURANCA ELETRONICA;97;TRANSFERENCIAS ESPECIAIS DE RECURSOS DA UNIAO;11746,0;0,0;11746,0;11746,0;0,0;0,0;0;0,0;0,0;11605,05
9369428;1250084 000043/2023;66;2023-07-31;MEPROLIGHT LTD;99.999.990/1112-50;4;DESPESAS DE CAPITAL;4;INVESTIMENTOS;52;EQUIPAMENTOS E MATERIAL PERMANENTE;90;APLICACOES DIRETAS;3;ARMAMENTO E EQUIPAMENTO DE USO POLICIAL;97;TRANSFERENCIAS ESPECIAIS DE RECURSOS DA UNIAO;0,0;4111,58;0,0;0,0;0,0;0,0;0;0,0;0,0;0,0
9369428;1250084 000126/2023;175;2023-11-21;INBRA-TECNOLOGIA E DEFESA INDUSTRIA E COMERCIO LTDA.;26.836.227/0001-65;4;DESPESAS DE CAPITAL;4;INVESTIMENTOS;52;EQUIPAMENTOS E MATERIAL PERMANENTE;90;APLICACOES DIRETAS;3;ARMAMENTO E EQUIPAMENTO DE USO POLICIAL;97;TRANSFERENCIAS ESPECIAIS DE RECURSOS DA UNIAO;26000,0;0,0;26000,0;26000,0;0,0;0,0;0;0,0;0,0;25688,0
9369428;1250084 000166/2023;245;2023-12-22;CESKA ZBROJOVKA A.S.;99.999.990/1101-05;4;DESPESAS DE CAPITAL;4;INVESTIMENTOS;52;EQUIPAMENTOS E MATERIAL PERMANENTE;90;APLICACOES DIRETAS;3;ARMAMENTO E EQUIPAMENTO DE USO POLICIAL;97;TRANSFERENCIAS ESPECIAIS DE RECURSOS DA UNIAO;0,0;0,0;49165,8;0,0;0,0;24582,9;0;0,0;0,0;0,0
9369428;1250084 000174/2024;399;2024-12-19;CESKA ZBROJOVKA A.S.;99.999.990/1101-05;4;DESPESAS DE CAPITAL;4;INVESTIMENTOS;52;EQUIPAMENTOS E MATERIAL PERMANENTE;90;APLICACOES DIRETAS;3;ARMAMENTO E EQUIPAMENTO DE USO POLICIAL;97;TRANSFERENCIAS ESPECIAIS DE RECURSOS DA UNIAO - RECURSOS RECEBIDOS ATE 2023;0,0;0,0;7217,1;0,0;0,0;7217,1;0;0,0;0,0;0,0
9369428;1250133 000027/2023;457;2023-11-27;JL COMERCIO E SERVICOS LTDA;46.901.283/0001-43;4;DESPESAS DE CAPITAL;4;INVESTIMENTOS;52;EQUIPAMENTOS E MATERIAL PERMANENTE;90;APLICACOES DIRETAS;14;MOBILIARIO;97;TRANSFERENCIAS ESPECIAIS DE RECURSOS DA UNIAO;60000,0;0,0;60000,0;60000,0;0,0;0,0;0;0,0;0,0;60000,0
9369428;1250133 000027/2023;459;2023-11-27;DISTRIBUIDORA PERES & ARAUJO LTDA - ME;21.641.059/0001-39;4;DESPESAS DE CAPITAL;4;INVESTIMENTOS;52;EQUIPAMENTOS E MATERIAL PERMANENTE;90;APLICACOES DIRETAS;12;MAQUINAS, APARELHOS, UTENSILIOS E EQUIPAMENTOS  USO ADMINISTRATIVO;97;TRANSFERENCIAS ESPECIAIS DE RECURSOS DA UNIAO;8278,0;0,0;8278,0;8278,0;0,0;0,0;0;0,0;0,0;8178,66
9369428;1250133 000027/2023;460;2023-11-27;DISTRIBUIDORA PERES & ARAUJO LTDA - ME;21.641.059/0001-39;4;DESPESAS DE CAPITAL;4;INVESTIMENTOS;52;EQUIPAMENTOS E MATERIAL PERMANENTE;90;APLICACOES DIRETAS;8;EQUIPAMENTOS DE SOM, VIDEO, FOTOGRAFICO E CINEMATOGRAFICO;97;TRANSFERENCIAS ESPECIAIS DE RECURSOS DA UNIAO;0,0;6281,0;0,0;0,0;0,0;0,0;0;0,0;6205,63;0,0
9369428;1250133 000027/2023;462;2023-11-27;BT COMERCIO INTELIGENTE LTDA;45.329.312/0001-81;4;DESPESAS DE CAPITAL;4;INVESTIMENTOS;52;EQUIPAMENTOS E MATERIAL PERMANENTE;90;APLICACOES DIRETAS;12;MAQUINAS, APARELHOS, UTENSILIOS E EQUIPAMENTOS  USO ADMINISTRATIVO;97;TRANSFERENCIAS ESPECIAIS DE RECURSOS DA UNIAO;3526,18;0,0;3526,18;3526,18;0,0;0,0;0;0,0;0,0;3526,18
9369428;1250133 000027/2023;476;2023-11-29;ANASTACIO VARIEDADES LTDA;35.785.640/0001-39;4;DESPESAS DE CAPITAL;4;INVESTIMENTOS;52;EQUIPAMENTOS E MATERIAL PERMANENTE;90;APLICACOES DIRETAS;12;MAQUINAS, APARELHOS, UTENSILIOS E EQUIPAMENTOS  USO ADMINISTRATIVO;97;TRANSFERENCIAS ESPECIAIS DE RECURSOS DA UNIAO;33294,96;0,0;33294,96;33294,96;0,0;0,0;0;0,0;0,0;33294,96
9369428;1250133 000027/2023;477;2023-12-04;DISTRIBUIDORA PERES & ARAUJO LTDA - ME;21.641.059/0001-39;4;DESPESAS DE CAPITAL;4;INVESTIMENTOS;52;EQUIPAMENTOS E MATERIAL PERMANENTE;90;APLICACOES DIRETAS;25;APARELHOS E UTENSILIOS DOMESTICOS;97;TRANSFERENCIAS ESPECIAIS DE RECURSOS DA UNIAO;0,0;8066,0;0,0;0,0;0,0;0,0;0;0,0;7969,21;0,0
9369428;1250133 000027/2023;484;2023-12-14;UFFICIO INDUSTRIA E COMERCIO DE MOVEIS LTDA;04.443.182/0001-26;4;DESPESAS DE CAPITAL;4;INVESTIMENTOS;52;EQUIPAMENTOS E MATERIAL PERMANENTE;90;APLICACOES DIRETAS;14;MOBILIARIO;97;TRANSFERENCIAS ESPECIAIS DE RECURSOS DA UNIAO;49774,0;0,0;50274,0;49774,0;0,0;500,0;0;0,0;0,0;49176,71
9369428;1250133 000043/2024;507;2024-12-27;CENTRAL SUPRIMENTOS LTDA -ME;41.658.519/0001-49;4;DESPESAS DE CAPITAL;4;INVESTIMENTOS;52;EQUIPAMENTOS E MATERIAL PERMANENTE;90;APLICACOES DIRETAS;25;APARELHOS E UTENSILIOS DOMESTICOS;97;TRANSFERENCIAS ESPECIAIS DE RECURSOS DA UNIAO - RECURSOS RECEBIDOS ATE 2023;730,0;0,0;730,0;730,0;0,0;0,0;0;0,0;0,0;730,0
9369428;1250133 000044/2024;500;2024-12-26;MTV.NET INFORMATICA E ELETRONICA LTDA;08.164.723/0001-38;4;DESPESAS DE CAPITAL;4;INVESTIMENTOS;52;EQUIPAMENTOS E MATERIAL PERMANENTE;90;APLICACOES DIRETAS;8;EQUIPAMENTOS DE SOM, VIDEO, FOTOGRAFICO E CINEMATOGRAFICO;97;TRANSFERENCIAS ESPECIAIS DE RECURSOS DA UNIAO - RECURSOS RECEBIDOS ATE 2023;2685,0;0,0;2685,0;2685,0;0,0;0,0;0;0,0;0,0;2685,0
9369428;1250133 000045/2023;493;2023-12-22;ALEXANDRE DA SILVA BATISTA -ME;13.589.194/0001-54;4;DESPESAS DE CAPITAL;4;INVESTIMENTOS;52;EQUIPAMENTOS E MATERIAL PERMANENTE;90;APLICACOES DIRETAS;12;MAQUINAS, APARELHOS, UTENSILIOS E EQUIPAMENTOS  USO ADMINISTRATIVO;97;TRANSFERENCIAS ESPECIAIS DE RECURSOS DA UNIAO;21662,64;0,0;21662,64;21662,64;0,0;0,0;0;0,0;0,0;21662,64
9369428;1250133 000052/2023;491;2023-12-21;MJF INFORMATICA LTDA;14.443.066/0001-60;4;DESPESAS DE CAPITAL;4;INVESTIMENTOS;52;EQUIPAMENTOS E MATERIAL PERMANENTE;90;APLICACOES DIRETAS;8;EQUIPAMENTOS DE SOM, VIDEO, FOTOGRAFICO E CINEMATOGRAFICO;97;TRANSFERENCIAS ESPECIAIS DE RECURSOS DA UNIAO;4180,68;0,0;4180,68;4180,68;0,0;0,0;0;0,0;0,0;4180,68
9369428;1250133 000052/2023;492;2023-12-21;CENTRAL SUPRIMENTOS LTDA -ME;41.658.519/0001-49;4;DESPESAS DE CAPITAL;4;INVESTIMENTOS;52;EQUIPAMENTOS E MATERIAL PERMANENTE;90;APLICACOES DIRETAS;12;MAQUINAS, APARELHOS, UTENSILIOS E EQUIPAMENTOS  USO ADMINISTRATIVO;97;TRANSFERENCIAS ESPECIAIS DE RECURSOS DA UNIAO;0,0;1340,0;0,0;0,0;0,0;0,0;0;0,0;1340,0;0,0
9369428;1250133 000058/2023;503;2023-12-29;JJT COMERCIO ELETRONICO E SERVICOS LTDA;51.696.246/0001-80;4;DESPESAS DE CAPITAL;4;INVESTIMENTOS;52;EQUIPAMENTOS E MATERIAL PERMANENTE;90;APLICACOES DIRETAS;8;EQUIPAMENTOS DE SOM, VIDEO, FOTOGRAFICO E CINEMATOGRAFICO;97;TRANSFERENCIAS ESPECIAIS DE RECURSOS DA UNIAO;21881,92;0,0;21881,92;21881,92;0,0;0,0;0;0,0;0,0;21881,92
9369428;1250133 000059/2023;504;2023-12-29;IRMAOS MICHELETTI GONCALVES LTDA;16.831.538/0001-88;4;DESPESAS DE CAPITAL;4;INVESTIMENTOS;52;EQUIPAMENTOS E MATERIAL PERMANENTE;90;APLICACOES DIRETAS;14;MOBILIARIO;97;TRANSFERENCIAS ESPECIAIS DE RECURSOS DA UNIAO;11000,0;0,0;11000,0;11000,0;0,0;0,0;0;0,0;0,0;10868,0
9369428;1250165 000035/2023;186;2023-10-24;CLASSIC COMERCIO LTDA - ME;19.349.607/0001-00;4;DESPESAS DE CAPITAL;4;INVESTIMENTOS;52;EQUIPAMENTOS E MATERIAL PERMANENTE;90;APLICACOES DIRETAS;14;MOBILIARIO;97;TRANSFERENCIAS ESPECIAIS DE RECURSOS DA UNIAO;0,0;32881,44;0,0;0,0;0,0;0,0;0;0,0;32486,87;0,0
9369428;1250165 000056/2023;188;2023-10-24;MARLENE APARECIDA FERREIRA SEVERIANO 86997408672;43.671.457/0001-30;4;DESPESAS DE CAPITAL;4;INVESTIMENTOS;52;EQUIPAMENTOS E MATERIAL PERMANENTE;90;APLICACOES DIRETAS;12;MAQUINAS, APARELHOS, UTENSILIOS E EQUIPAMENTOS  USO ADMINISTRATIVO;97;TRANSFERENCIAS ESPECIAIS DE RECURSOS DA UNIAO;4633,0;0,0;4633,0;4633,0;0,0;0,0;0;0,0;0,0;4633,0
9369428;1250165 000067/2023;221;2023-11-23;SIDNEY ARGEMIRO MIRANDA;42.483.379/0001-88;4;DESPESAS DE CAPITAL;4;INVESTIMENTOS;52;EQUIPAMENTOS E MATERIAL PERMANENTE;90;APLICACOES DIRETAS;14;MOBILIARIO;97;TRANSFERENCIAS ESPECIAIS DE RECURSOS DA UNIAO;8424,0;0,0;8424,0;8424,0;0,0;0,0;0;0,0;0,0;8424,0
9369700;1451044 000238/2023;449;2023-11-17;FORD MOTOR COMPANY BRASIL LTDA;03.470.727/0041-18;4;DESPESAS DE CAPITAL;4;INVESTIMENTOS;52;EQUIPAMENTOS E MATERIAL PERMANENTE;90;APLICACOES DIRETAS;17;VEICULOS;97;TRANSFERENCIAS ESPECIAIS DE RECURSOS DA UNIAO;280000,0;0,0;280000,0;280000,0;0,0;0,0;0;0,0;0,0;276640,0
9369701;1259970 000044/2023;2239;2023-12-14;ZICO MATERIAIS DE CONSTRUCAO LTDA -EPP;05.243.374/0001-51;3;DESPESAS CORRENTES;3;OUTRAS DESPESAS CORRENTES;30;MATERIAL DE CONSUMO;90;APLICACOES DIRETAS;19;MATERIAL P/ MANUT. E REPAROS DE IMOVEIS DE PROPRIEDADE DA ADM. PUBLICA;97;TRANSFERENCIAS ESPECIAIS DE RECURSOS DA UNIAO;49798,89;0,0;49798,89;49798,89;0,0;0,0;0;0,0;0,0;49798,89
9369701;1259970 000044/2023;2240;2023-12-14;GVE COMERCIO LTDA;47.636.699/0001-44;3;DESPESAS CORRENTES;3;OUTRAS DESPESAS CORRENTES;30;MATERIAL DE CONSUMO;90;APLICACOES DIRETAS;19;MATERIAL P/ MANUT. E REPAROS DE IMOVEIS DE PROPRIEDADE DA ADM. PUBLICA;97;TRANSFERENCIAS ESPECIAIS DE RECURSOS DA UNIAO;10770,0;0,0;10770,0;10770,0;0,0;0,0;0;0,0;0,0;10770,0
9369701;1259970 000044/2023;2241;2023-12-14;WCS MATERIAIS E SERVICOS DE ENGENHARIA LTDA;30.189.974/0001-26;3;DESPESAS CORRENTES;3;OUTRAS DESPESAS CORRENTES;30;MATERIAL DE CONSUMO;90;APLICACOES DIRETAS;19;MATERIAL P/ MANUT. E REPAROS DE IMOVEIS DE PROPRIEDADE DA ADM. PUBLICA;97;TRANSFERENCIAS ESPECIAIS DE RECURSOS DA UNIAO;4989,07;0,0;4989,07;4989,07;0,0;0,0;0;0,0;0,0;4989,07
9369701;1259970 000054/2023;2309;2023-12-29;MARCELO LUIZ CLEMENTE BRANDAO -ME;07.820.223/0001-44;3;DESPESAS CORRENTES;3;OUTRAS DESPESAS CORRENTES;30;MATERIAL DE CONSUMO;90;APLICACOES DIRETAS;20;MATERIAL ELETRICO;97;TRANSFERENCIAS ESPECIAIS DE RECURSOS DA UNIAO;3396,96;0,0;3396,96;3396,96;0,0;0,0;0;0,0;0,0;3396,96
9369701;1259970 000054/2023;2310;2023-12-29;48.947.094 JORGE ANTONIO MIGUEL;48.947.094/0001-37;3;DESPESAS CORRENTES;3;OUTRAS DESPESAS CORRENTES;30;MATERIAL DE CONSUMO;90;APLICACOES DIRETAS;19;MATERIAL P/ MANUT. E REPAROS DE IMOVEIS DE PROPRIEDADE DA ADM. PUBLICA;97;TRANSFERENCIAS ESPECIAIS DE RECURSOS DA UNIAO;4500,0;0,0;4500,0;4500,0;0,0;0,0;0;0,0;0,0;4500,0
9369701;1259970 000054/2023;2311;2023-12-29;TEKTRADE BRASIL LTDA;46.603.070/0001-35;3;DESPESAS CORRENTES;3;OUTRAS DESPESAS CORRENTES;30;MATERIAL DE CONSUMO;90;APLICACOES DIRETAS;19;MATERIAL P/ MANUT. E REPAROS DE IMOVEIS DE PROPRIEDADE DA ADM. PUBLICA;97;TRANSFERENCIAS ESPECIAIS DE RECURSOS DA UNIAO;26292,0;0,0;26292,0;26292,0;0,0;0,0;0;0,0;0,0;26292,0
9370612;1250071 000052/2023;230;2023-08-08;MOTOROLA SOLUTIONS LTDA;10.652.730/0006-35;4;DESPESAS DE CAPITAL;4;INVESTIMENTOS;52;EQUIPAMENTOS E MATERIAL PERMANENTE;90;APLICACOES DIRETAS;6;EQUIPAMENTOS DE COMUNICACAO E TELEFONIA;97;TRANSFERENCIAS ESPECIAIS DE RECURSOS DA UNIAO;76950,0;0,0;76950,0;76950,0;0,0;0,0;0;0,0;0,0;76026,6
9370612;1250071 000053/2023;231;2023-08-08;GRUPO MULTILASER S.A.;59.717.553/0006-17;4;DESPESAS DE CAPITAL;4;INVESTIMENTOS;52;EQUIPAMENTOS E MATERIAL PERMANENTE;90;APLICACOES DIRETAS;7;EQUIPAMENTOS DE INFORMATICA;97;TRANSFERENCIAS ESPECIAIS DE RECURSOS DA UNIAO;128480,0;0,0;128480,0;128480,0;0,0;0,0;0;0,0;0,0;126938,24
9370612;1250071 000146/2023;556;2023-12-29;XPR3 SOLUCOES LTDA;35.782.776/0002-76;4;DESPESAS DE CAPITAL;4;INVESTIMENTOS;52;EQUIPAMENTOS E MATERIAL PERMANENTE;90;APLICACOES DIRETAS;7;EQUIPAMENTOS DE INFORMATICA;97;TRANSFERENCIAS ESPECIAIS DE RECURSOS DA UNIAO;2640,0;0,0;2640,0;2640,0;0,0;0,0;0;0,0;0,0;2640,0
9370612;1250071 000146/2023;565;2023-12-29;DIAGRAMA TECNOLOGIA LIMITADA;10.918.347/0002-52;4;DESPESAS DE CAPITAL;4;INVESTIMENTOS;52;EQUIPAMENTOS E MATERIAL PERMANENTE;90;APLICACOES DIRETAS;7;EQUIPAMENTOS DE INFORMATICA;97;TRANSFERENCIAS ESPECIAIS DE RECURSOS DA UNIAO;13176,0;0,0;13176,0;13176,0;0,0;0,0;0;0,0;0,0;13017,89
9370612;1250071 000213/2023;482;2023-12-22;TAIT COMUNICACOES BRASIL LTDA;67.116.715/0001-85;4;DESPESAS DE CAPITAL;4;INVESTIMENTOS;52;EQUIPAMENTOS E MATERIAL PERMANENTE;90;APLICACOES DIRETAS;6;EQUIPAMENTOS DE COMUNICACAO E TELEFONIA;97;TRANSFERENCIAS ESPECIAIS DE RECURSOS DA UNIAO;9392,0;0,0;9392,0;9392,0;0,0;0,0;0;0,0;0,0;9279,3
9370612;1250071 000244/2023;545;2023-12-29;GRUPO MULTILASER S.A.;59.717.553/0006-17;4;DESPESAS DE CAPITAL;4;INVESTIMENTOS;52;EQUIPAMENTOS E MATERIAL PERMANENTE;90;APLICACOES DIRETAS;7;EQUIPAMENTOS DE INFORMATICA;97;TRANSFERENCIAS ESPECIAIS DE RECURSOS DA UNIAO;52640,0;0,0;52640,0;52640,0;0,0;0,0;0;0,0;0,0;52008,32
9370612;1250071 000245/2023;560;2023-12-29;GRUPO MULTILASER S.A.;59.717.553/0006-17;4;DESPESAS DE CAPITAL;4;INVESTIMENTOS;52;EQUIPAMENTOS E MATERIAL PERMANENTE;90;APLICACOES DIRETAS;7;EQUIPAMENTOS DE INFORMATICA;97;TRANSFERENCIAS ESPECIAIS DE RECURSOS DA UNIAO;9900,0;0,0;19800,0;9900,0;0,0;0,0;0;0,0;0,0;9781,2
9370612;1250071 000246/2023;567;2023-12-29;REPREMIG REPRESENTACAO E COMERCIO DE MINAS GERAIS LTDA;65.149.197/0002-51;4;DESPESAS DE CAPITAL;4;INVESTIMENTOS;52;EQUIPAMENTOS E MATERIAL PERMANENTE;90;APLICACOES DIRETAS;7;EQUIPAMENTOS DE INFORMATICA;97;TRANSFERENCIAS ESPECIAIS DE RECURSOS DA UNIAO;2990,0;0,0;2990,0;2990,0;0,0;0,0;0;0,0;0,0;2954,12
9370612;1250071 000258/2023;571;2023-12-29;MICROTECNICA INFORMATICA LTDA;01.590.728/0008-50;4;DESPESAS DE CAPITAL;4;INVESTIMENTOS;52;EQUIPAMENTOS E MATERIAL PERMANENTE;90;APLICACOES DIRETAS;7;EQUIPAMENTOS DE INFORMATICA;97;TRANSFERENCIAS ESPECIAIS DE RECURSOS DA UNIAO;7103,64;0,0;7103,64;7103,64;0,0;0,0;0;0,0;0,0;7018,4
9370612;1250084 000165/2023;237;2023-12-20;ELEC INDUSTRIA E COMERCIO DE EQUIPAMENTOS DE MEDICAO LTDA;07.791.107/0001-44;4;DESPESAS DE CAPITAL;4;INVESTIMENTOS;52;EQUIPAMENTOS E MATERIAL PERMANENTE;90;APLICACOES DIRETAS;9;EQUIPAMENTOS HOSPITALARES, ODONTOLOGICOS E DE LABORATORIO;97;TRANSFERENCIAS ESPECIAIS DE RECURSOS DA UNIAO;0,0;12890,0;0,0;0,0;0,0;0,0;0;0,0;12735,32;0,0
9370612;1250084 000175/2023;255;2023-12-27;CESKA ZBROJOVKA A.S.;99.999.990/1101-05;4;DESPESAS DE CAPITAL;4;INVESTIMENTOS;52;EQUIPAMENTOS E MATERIAL PERMANENTE;90;APLICACOES DIRETAS;3;ARMAMENTO E EQUIPAMENTO DE USO POLICIAL;97;TRANSFERENCIAS ESPECIAIS DE RECURSOS DA UNIAO;16388,6;0,0;32777,2;16388,6;0,0;0,0;0;0,0;0,0;16388,6
9370612;1250084 000175/2024;400;2024-12-19;CESKA ZBROJOVKA A.S.;99.999.990/1101-05;4;DESPESAS DE CAPITAL;4;INVESTIMENTOS;52;EQUIPAMENTOS E MATERIAL PERMANENTE;90;APLICACOES DIRETAS;3;ARMAMENTO E EQUIPAMENTO DE USO POLICIAL;97;TRANSFERENCIAS ESPECIAIS DE RECURSOS DA UNIAO - RECURSOS RECEBIDOS ATE 2023;4633,41;0,0;4633,41;4633,41;0,0;0,0;0;0,0;0,0;2945,0
9370612;1250165 000056/2023;189;2023-10-24;MARLENE APARECIDA FERREIRA SEVERIANO 86997408672;43.671.457/0001-30;4;DESPESAS DE CAPITAL;4;INVESTIMENTOS;52;EQUIPAMENTOS E MATERIAL PERMANENTE;90;APLICACOES DIRETAS;25;APARELHOS E UTENSILIOS DOMESTICOS;97;TRANSFERENCIAS ESPECIAIS DE RECURSOS DA UNIAO;2808,0;0,0;2808,0;2808,0;0,0;0,0;0;0,0;0,0;2808,0
9370612;1250165 000061/2024;248;2024-12-27;VIANNA COMERCIO E SERVICOS DE CONSTRUCAO LTDA;37.916.470/0001-00;3;DESPESAS CORRENTES;3;OUTRAS DESPESAS CORRENTES;30;MATERIAL DE CONSUMO;90;APLICACOES DIRETAS;19;MATERIAL P/ MANUT. E REPAROS DE IMOVEIS DE PROPRIEDADE DA ADM. PUBLICA;97;TRANSFERENCIAS ESPECIAIS DE RECURSOS DA UNIAO - RECURSOS RECEBIDOS ATE 2023;35734,56;0,0;35734,6;35734,56;0,0;0,04;0;0,0;0,0;35734,56
9370612;1250165 000061/2024;249;2024-12-27;VIANNA COMERCIO E SERVICOS DE CONSTRUCAO LTDA;37.916.470/0001-00;3;DESPESAS CORRENTES;3;OUTRAS DESPESAS CORRENTES;30;MATERIAL DE CONSUMO;90;APLICACOES DIRETAS;20;MATERIAL ELETRICO;97;TRANSFERENCIAS ESPECIAIS DE RECURSOS DA UNIAO - RECURSOS RECEBIDOS ATE 2023;1681,1;0,0;1682,0;1681,1;0,0;0,9;0;0,0;0,0;1681,1
9370612;1250165 000086/2023;264;2023-12-29;JOSE ITALO EXCELENCIA COMERCIO E SERVICOS LTDA;50.577.869/0001-71;4;DESPESAS DE CAPITAL;4;INVESTIMENTOS;52;EQUIPAMENTOS E MATERIAL PERMANENTE;90;APLICACOES DIRETAS;8;EQUIPAMENTOS DE SOM, VIDEO, FOTOGRAFICO E CINEMATOGRAFICO;97;TRANSFERENCIAS ESPECIAIS DE RECURSOS DA UNIAO;3681,5;0,0;3681,5;3681,5;0,0;0,0;0;0,0;0,0;3681,5
9370612;1255302 000303/2023;1487;2023-12-07;ONELINE DISTRIBUIDORA E COMERCIO LTDA;47.252.266/0001-95;4;DESPESAS DE CAPITAL;4;INVESTIMENTOS;52;EQUIPAMENTOS E MATERIAL PERMANENTE;90;APLICACOES DIRETAS;13;MATERIAL ESPORTIVO E RECREATIVO;97;TRANSFERENCIAS ESPECIAIS DE RECURSOS DA UNIAO;0,0;1550,0;0,0;0,0;0,0;0,0;0;0,0;1550,0;0,0
9370612;1255302 000305/2023;1506;2023-12-12;K.C.R. INDUSTRIA E COMERCIO DE EQUIPAMENTOS LTDA;09.251.627/0001-90;4;DESPESAS DE CAPITAL;4;INVESTIMENTOS;52;EQUIPAMENTOS E MATERIAL PERMANENTE;90;APLICACOES DIRETAS;9;EQUIPAMENTOS HOSPITALARES, ODONTOLOGICOS E DE LABORATORIO;97;TRANSFERENCIAS ESPECIAIS DE RECURSOS DA UNIAO;960,0;0,0;960,0;960,0;0,0;0,0;0;0,0;0,0;948,48
9370612;1255302 000307/2023;1493;2023-12-12;EXCLUSIVE FITPLAY FITNESS E PLAYGROUNDS LTDA;37.670.865/0001-75;4;DESPESAS DE CAPITAL;4;INVESTIMENTOS;52;EQUIPAMENTOS E MATERIAL PERMANENTE;90;APLICACOES DIRETAS;13;MATERIAL ESPORTIVO E RECREATIVO;97;TRANSFERENCIAS ESPECIAIS DE RECURSOS DA UNIAO;11554,3;0,0;11554,3;11554,3;0,0;0,0;0;0,0;0,0;11554,3
9370612;1255302 000307/2023;1494;2023-12-12;EXCLUSIVE FITPLAY FITNESS E PLAYGROUNDS LTDA;37.670.865/0001-75;4;DESPESAS DE CAPITAL;4;INVESTIMENTOS;52;EQUIPAMENTOS E MATERIAL PERMANENTE;90;APLICACOES DIRETAS;9;EQUIPAMENTOS HOSPITALARES, ODONTOLOGICOS E DE LABORATORIO;97;TRANSFERENCIAS ESPECIAIS DE RECURSOS DA UNIAO;12340,0;0,0;12340,0;12340,0;0,0;0,0;0;0,0;0,0;12340,0
9370612;1255302 000318/2023;1639;2023-12-28;ATUANTE COMERCIAL LTDA -ME;03.479.428/0001-57;4;DESPESAS DE CAPITAL;4;INVESTIMENTOS;52;EQUIPAMENTOS E MATERIAL PERMANENTE;90;APLICACOES DIRETAS;9;EQUIPAMENTOS HOSPITALARES, ODONTOLOGICOS E DE LABORATORIO;97;TRANSFERENCIAS ESPECIAIS DE RECURSOS DA UNIAO;6900,0;0,0;6900,0;6900,0;0,0;0,0;0;0,0;0,0;6817,2
9370612;1257654 000024/2023;3362;2023-12-27;COMERCIAL APP COMERCIO DE ELETRODOMESTICOS LTDA;49.353.698/0002-07;4;DESPESAS DE CAPITAL;4;INVESTIMENTOS;52;EQUIPAMENTOS E MATERIAL PERMANENTE;90;APLICACOES DIRETAS;12;MAQUINAS, APARELHOS, UTENSILIOS E EQUIPAMENTOS  USO ADMINISTRATIVO;97;TRANSFERENCIAS ESPECIAIS DE RECURSOS DA UNIAO;6588,0;0,0;6588,0;6588,0;0,0;0,0;0;0,0;0,0;6508,95
9370612;1257654 000058/2023;3377;2023-12-28;LEANDRO LUIZ LEAL SILVA -EPP;08.194.579/0001-82;4;DESPESAS DE CAPITAL;4;INVESTIMENTOS;52;EQUIPAMENTOS E MATERIAL PERMANENTE;90;APLICACOES DIRETAS;12;MAQUINAS, APARELHOS, UTENSILIOS E EQUIPAMENTOS  USO ADMINISTRATIVO;97;TRANSFERENCIAS ESPECIAIS DE RECURSOS DA UNIAO;4200,0;0,0;4200,0;4200,0;0,0;0,0;0;0,0;0,0;4149,6
9370612;1257654 000061/2023;3395;2023-12-29;CLASSIC COMERCIO LTDA - ME;19.349.607/0001-00;4;DESPESAS DE CAPITAL;4;INVESTIMENTOS;52;EQUIPAMENTOS E MATERIAL PERMANENTE;90;APLICACOES DIRETAS;14;MOBILIARIO;97;TRANSFERENCIAS ESPECIAIS DE RECURSOS DA UNIAO;12512,0;0,0;12512,0;12512,0;0,0;0,0;0;0,0;0,0;12361,86
9370612;1257654 000069/2023;3394;2023-12-29;CLEOMAR MARQUES DA SILVA 04980860621;34.418.799/0001-52;4;DESPESAS DE CAPITAL;4;INVESTIMENTOS;52;EQUIPAMENTOS E MATERIAL PERMANENTE;90;APLICACOES DIRETAS;12;MAQUINAS, APARELHOS, UTENSILIOS E EQUIPAMENTOS  USO ADMINISTRATIVO;97;TRANSFERENCIAS ESPECIAIS DE RECURSOS DA UNIAO;669,0;0,0;669,0;669,0;0,0;0,0;0;0,0;0,0;669,0
9370612;1259950 000050/2023;1692;2023-11-06;COMERCIAL APP COMERCIO DE ELETRODOMESTICOS LTDA;49.353.698/0002-07;4;DESPESAS DE CAPITAL;4;INVESTIMENTOS;52;EQUIPAMENTOS E MATERIAL PERMANENTE;90;APLICACOES DIRETAS;12;MAQUINAS, APARELHOS, UTENSILIOS E EQUIPAMENTOS  USO ADMINISTRATIVO;97;TRANSFERENCIAS ESPECIAIS DE RECURSOS DA UNIAO;0,0;0,0;17226,0;0,0;0,0;5742,0;0;0,0;0,0;0,0
9370612;1259950 000079/2023;1976;2023-12-29;CONEXAO MAXIMA INFORMATICA LTDA;24.490.141/0001-06;4;DESPESAS DE CAPITAL;4;INVESTIMENTOS;52;EQUIPAMENTOS E MATERIAL PERMANENTE;90;APLICACOES DIRETAS;1;AERONAVES E COMPONENTES ESTRUTURAIS;97;TRANSFERENCIAS ESPECIAIS DE RECURSOS DA UNIAO;10399,99;0,0;10399,99;10399,99;0,0;0,0;0;0,0;0,0;10399,99
9370612;1259966 000050/2023;310;2023-09-11;ADELIO JOSE DO NASCIMENTO;12.281.362/0001-87;4;DESPESAS DE CAPITAL;4;INVESTIMENTOS;52;EQUIPAMENTOS E MATERIAL PERMANENTE;90;APLICACOES DIRETAS;12;MAQUINAS, APARELHOS, UTENSILIOS E EQUIPAMENTOS  USO ADMINISTRATIVO;97;TRANSFERENCIAS ESPECIAIS DE RECURSOS DA UNIAO;0,0;0,0;50,0;0,0;0,0;50,0;0;0,0;0,0;0,0
9370612;1259970 000040/2023;2148;2023-11-27;MARCELO LUIZ CLEMENTE BRANDAO -ME;07.820.223/0001-44;4;DESPESAS DE CAPITAL;4;INVESTIMENTOS;52;EQUIPAMENTOS E MATERIAL PERMANENTE;90;APLICACOES DIRETAS;14;MOBILIARIO;97;TRANSFERENCIAS ESPECIAIS DE RECURSOS DA UNIAO;18605,65;0,0;18605,65;18605,65;0,0;0,0;0;0,0;0,0;18605,65
9370612;1259970 000040/2023;2149;2023-11-27;SEMPRE TECNOLOGIA LTDA;34.125.760/0001-47;4;DESPESAS DE CAPITAL;4;INVESTIMENTOS;52;EQUIPAMENTOS E MATERIAL PERMANENTE;90;APLICACOES DIRETAS;12;MAQUINAS, APARELHOS, UTENSILIOS E EQUIPAMENTOS  USO ADMINISTRATIVO;97;TRANSFERENCIAS ESPECIAIS DE RECURSOS DA UNIAO;6316,96;0,0;6316,96;6316,96;0,0;0,0;0;0,0;0,0;6316,96
9372104;1259967 000027/2023;1414;2023-07-26;JANUARIO ENGENHARIA LTDA;33.942.669/0001-51;3;DESPESAS CORRENTES;3;OUTRAS DESPESAS CORRENTES;39;OUTROS SERVICOS DE TERCEIROS - PESSOA JURIDICA;90;APLICACOES DIRETAS;22;REPAROS DE BENS IMOVEIS;97;TRANSFERENCIAS ESPECIAIS DE RECURSOS DA UNIAO;19017,85;51338,52;26450,41;19017,85;0,0;7432,56;0;0,0;51338,52;18637,49
9372385;1250072 000009/2023;231;2023-12-29;GENERAL MOTORS DO BRASIL LTDA;59.275.792/0001-50;4;DESPESAS DE CAPITAL;4;INVESTIMENTOS;52;EQUIPAMENTOS E MATERIAL PERMANENTE;90;APLICACOES DIRETAS;17;VEICULOS;10;RECURSOS ORDINARIOS - RECURSOS NAO VINCULADOS DE IMPOSTOS;79094,4;0,0;79094,4;79094,4;0,0;0,0;0;0,0;0,0;78145,27
9372385;1250072 000009/2023;232;2023-12-29;GENERAL MOTORS DO BRASIL LTDA;59.275.792/0001-50;4;DESPESAS DE CAPITAL;4;INVESTIMENTOS;52;EQUIPAMENTOS E MATERIAL PERMANENTE;90;APLICACOES DIRETAS;17;VEICULOS;2;CONVENIOS COM A UNIAO E SUAS ENTIDADES - EMENDAS DE BANCADA;256905,6;0,0;256905,6;256905,6;0,0;0,0;0;0,0;0,0;253822,73
9372385;1250072 000009/2023;233;2023-12-29;GENERAL MOTORS DO BRASIL LTDA;59.275.792/0001-50;4;DESPESAS DE CAPITAL;4;INVESTIMENTOS;52;EQUIPAMENTOS E MATERIAL PERMANENTE;90;APLICACOES DIRETAS;17;VEICULOS;2;CONVENIOS COM A UNIAO E SUAS ENTIDADES - EMENDAS DE BANCADA;3360000,0;0,0;3360000,0;3360000,0;0,0;0,0;0;0,0;0,0;3319680,0
9376493;1250084 000067/2023;117;2023-10-24;O.FILIZZOLA & CIA LTDA;61.182.424/0001-09;3;DESPESAS CORRENTES;3;OUTRAS DESPESAS CORRENTES;30;MATERIAL DE CONSUMO;90;APLICACOES DIRETAS;25;MATERIAL DE SEGURANCA, APETRECHOS OPERACIONAIS E POLICIAIS;97;TRANSFERENCIAS ESPECIAIS DE RECURSOS DA UNIAO;25600,0;0,0;25600,0;25600,0;0,0;0,0;0;0,0;0,0;25600,0
9376493;1250084 000068/2023;118;2023-10-24;COMERCIAL BRASIL DE EPI LTDA -EPP;11.509.243/0001-76;3;DESPESAS CORRENTES;3;OUTRAS DESPESAS CORRENTES;30;MATERIAL DE CONSUMO;90;APLICACOES DIRETAS;25;MATERIAL DE SEGURANCA, APETRECHOS OPERACIONAIS E POLICIAIS;97;TRANSFERENCIAS ESPECIAIS DE RECURSOS DA UNIAO;0,0;24336,0;0,0;0,0;0,0;0,0;0;0,0;24336,0;0,0
9376493;1250084 000174/2023;243;2023-12-22;INBRA-TECNOLOGIA E DEFESA INDUSTRIA E COMERCIO LTDA.;26.836.227/0001-65;3;DESPESAS CORRENTES;3;OUTRAS DESPESAS CORRENTES;30;MATERIAL DE CONSUMO;90;APLICACOES DIRETAS;25;MATERIAL DE SEGURANCA, APETRECHOS OPERACIONAIS E POLICIAIS;97;TRANSFERENCIAS ESPECIAIS DE RECURSOS DA UNIAO;45054,69;0,0;45054,69;45054,69;0,0;0,0;0;0,0;0,0;44514,03
9376493;1250084 000183/2023;297;2023-12-29;CITEROL - COMERCIO E INDUSTRIA DE TECIDOS E ROUPAS S/A;17.183.666/0001-25;3;DESPESAS CORRENTES;3;OUTRAS DESPESAS CORRENTES;30;MATERIAL DE CONSUMO;90;APLICACOES DIRETAS;30;MATERIAIS PARA ACONDICIONAMENTO E EMBALAGEM;97;TRANSFERENCIAS ESPECIAIS DE RECURSOS DA UNIAO;960,0;0,0;960,0;960,0;0,0;0,0;0;0,0;0,0;948,48
9376493;1250084 000184/2023;296;2023-12-29;TRAFFIC SOLUTIONS EQUIPAMENTOS E SERVICOS DE SINALIZACAO LTDA;04.516.311/0001-69;3;DESPESAS CORRENTES;3;OUTRAS DESPESAS CORRENTES;30;MATERIAL DE CONSUMO;90;APLICACOES DIRETAS;25;MATERIAL DE SEGURANCA, APETRECHOS OPERACIONAIS E POLICIAIS;97;TRANSFERENCIAS ESPECIAIS DE RECURSOS DA UNIAO;19755,0;0,0;19755,0;19755,0;0,0;0,0;0;0,0;0,0;19755,0
9376493;1250084 000184/2023;310;2023-12-29;WORLD CENTER COMERCIO IMPORTACAO E EXPORTACAO LTDA;00.211.131/0001-18;3;DESPESAS CORRENTES;3;OUTRAS DESPESAS CORRENTES;30;MATERIAL DE CONSUMO;90;APLICACOES DIRETAS;25;MATERIAL DE SEGURANCA, APETRECHOS OPERACIONAIS E POLICIAIS;97;TRANSFERENCIAS ESPECIAIS DE RECURSOS DA UNIAO;19950,0;0,0;19950,0;19950,0;0,0;0,0;0;0,0;0,0;19710,6
9376493;1250084 000186/2023;298;2023-12-29;TECIDOS E ARMARINHOS MIGUEL BARTOLOMEU S/A;17.359.233/0001-88;3;DESPESAS CORRENTES;3;OUTRAS DESPESAS CORRENTES;30;MATERIAL DE CONSUMO;90;APLICACOES DIRETAS;25;MATERIAL DE SEGURANCA, APETRECHOS OPERACIONAIS E POLICIAIS;97;TRANSFERENCIAS ESPECIAIS DE RECURSOS DA UNIAO;2030,0;0,0;2030,0;2030,0;0,0;0,0;0;0,0;0,0;2005,64
9376493;1250084 000188/2023;309;2023-12-29;MAQNETE COMERCIO E SERVICOS LTDA -ME;18.152.404/0001-66;3;DESPESAS CORRENTES;3;OUTRAS DESPESAS CORRENTES;30;MATERIAL DE CONSUMO;90;APLICACOES DIRETAS;25;MATERIAL DE SEGURANCA, APETRECHOS OPERACIONAIS E POLICIAIS;97;TRANSFERENCIAS ESPECIAIS DE RECURSOS DA UNIAO;6798,3;0,0;6798,3;6798,3;0,0;0,0;0;0,0;0,0;6716,72
9376493;1250084 000196/2023;294;2023-12-29;CONDOR S/A INDUSTRIA QUIMICA;30.092.431/0001-96;3;DESPESAS CORRENTES;3;OUTRAS DESPESAS CORRENTES;30;MATERIAL DE CONSUMO;90;APLICACOES DIRETAS;25;MATERIAL DE SEGURANCA, APETRECHOS OPERACIONAIS E POLICIAIS;97;TRANSFERENCIAS ESPECIAIS DE RECURSOS DA UNIAO;38629,04;0,0;38629,04;38629,04;0,0;0,0;0;0,0;0,0;38165,5
9376493;1250084 000196/2023;295;2023-12-29;R J C DEFESA E AEROESPACIAL LTDA;71.919.328/0001-54;3;DESPESAS CORRENTES;3;OUTRAS DESPESAS CORRENTES;30;MATERIAL DE CONSUMO;90;APLICACOES DIRETAS;25;MATERIAL DE SEGURANCA, APETRECHOS OPERACIONAIS E POLICIAIS;97;TRANSFERENCIAS ESPECIAIS DE RECURSOS DA UNIAO;9922,5;0,0;9922,5;9922,5;0,0;0,0;0;0,0;0,0;9803,43
9376493;1259969 000078/2024;3008;2024-12-23;LOBO SOLUCOES EM LICITACOES E COMERCIO LTDA;36.996.487/0001-51;3;DESPESAS CORRENTES;3;OUTRAS DESPESAS CORRENTES;30;MATERIAL DE CONSUMO;90;APLICACOES DIRETAS;16;MATERIAL DE INFORMATICA;97;TRANSFERENCIAS ESPECIAIS DE RECURSOS DA UNIAO - RECURSOS RECEBIDOS ATE 2023;117487,51;0,0;117487,51;117487,51;0,0;0,0;0;0,0;0,0;116077,67
9385998;1402007 000008/2024;755;2024-07-22;CLEITON GONCALVES ARQUITETURA - SERVICOS DE ARQUITETURA LTDA;37.897.521/0001-01;4;DESPESAS DE CAPITAL;4;INVESTIMENTOS;51;OBRAS E INSTALACOES;90;APLICACOES DIRETAS;1;ESTUDOS E PROJETOS DE BENS PATRIMONIAVEIS;97;TRANSFERENCIAS ESPECIAIS DE RECURSOS DA UNIAO - RECURSOS RECEBIDOS ATE 2023;6979,0;23821,0;6979,0;6979,0;0,0;0,0;0;0,0;23821,0;6979,0
9388834;1401104 000017/2023;140;2023-09-18;COMERCIAL CEDRO EIRELI;10.732.150/0001-43;4;DESPESAS DE CAPITAL;4;INVESTIMENTOS;52;EQUIPAMENTOS E MATERIAL PERMANENTE;90;APLICACOES DIRETAS;4;MAQUINAS, APARELHOS, UTENSILIOS E EQUIPAMENTOS DE USO INDUSTRIAL;97;TRANSFERENCIAS ESPECIAIS DE RECURSOS DA UNIAO;0,0;14763,84;0,0;0,0;0,0;0,0;0;0,0;14763,84;0,0
9388834;1401104 000017/2023;142;2023-09-18;RESGATECNICA COMERCIO DE EQUIPAMENTOS DE RESGATE LTDA;15.453.449/0001-82;4;DESPESAS DE CAPITAL;4;INVESTIMENTOS;52;EQUIPAMENTOS E MATERIAL PERMANENTE;90;APLICACOES DIRETAS;26;EQUIPAMENTOS DE PROTECAO, SEGURANCA E SOCORRO;97;TRANSFERENCIAS ESPECIAIS DE RECURSOS DA UNIAO;0,0;10200,0;0,0;0,0;0,0;0,0;0;0,0;10077,6;0,0
9388834;1401104 000017/2023;143;2023-09-18;COMERCIAL CEDRO EIRELI;10.732.150/0001-43;4;DESPESAS DE CAPITAL;4;INVESTIMENTOS;52;EQUIPAMENTOS E MATERIAL PERMANENTE;90;APLICACOES DIRETAS;10;FERRAMENTAS, EQUIP. E INSTRUMENTOS P/ OFICINA, MEDICAO E INSPECAO;97;TRANSFERENCIAS ESPECIAIS DE RECURSOS DA UNIAO;0,0;7600,0;0,0;0,0;0,0;0,0;0;0,0;7600,0;0,0
9388834;1401104 000055/2023;320;2023-12-01;HPE AUTOMOTORES DO BRASIL LTDA;54.305.743/0011-70;4;DESPESAS DE CAPITAL;4;INVESTIMENTOS;52;EQUIPAMENTOS E MATERIAL PERMANENTE;90;APLICACOES DIRETAS;17;VEICULOS;97;TRANSFERENCIAS ESPECIAIS DE RECURSOS DA UNIAO;269990,0;0,0;269990,0;269990,0;0,0;0,0;0;0,0;0,0;266750,12
9389384;0000000 000000/0000;4143;2023-09-27;ASSOCIACAO DE PAIS E AMIGOS DOS EXCEPCIONAIS DE MURIAE;18.990.499/0001-97;3;DESPESAS CORRENTES;3;OUTRAS DESPESAS CORRENTES;41;CONTRIBUICOES;50;TRANSFERENCIAS A INSTITUICOES PRIVADAS SEM FINS LUCRATIVOS;1;CONTRIBUICOES;62;TRANSFERENCIAS DA UNIAO VINCULADAS A SAUDE - BLOCO MANUTENCAO - EMENDAS INDIVIDUAIS;0,0;100000,0;0,0;0,0;0,0;0,0;0;0,0;100000,0;0,0
9389384;0000000 000000/0000;4810;2023-10-10;ASSOCIACAO RIOVERDENSE DE ASSISTENCIA E PROMOCAO HUMANA;01.152.436/0001-69;3;DESPESAS CORRENTES;3;OUTRAS DESPESAS CORRENTES;41;CONTRIBUICOES;50;TRANSFERENCIAS A INSTITUICOES PRIVADAS SEM FINS LUCRATIVOS;1;CONTRIBUICOES;62;TRANSFERENCIAS DA UNIAO VINCULADAS A SAUDE - BLOCO MANUTENCAO - EMENDAS INDIVIDUAIS;240000,0;0,0;240000,0;240000,0;0,0;0,0;0;0,0;0,0;240000,0
9389384;0000000 000000/0000;4813;2023-10-10;HOSPITAL SAO VICENTE DE PAULO;18.145.870/0001-14;3;DESPESAS CORRENTES;3;OUTRAS DESPESAS CORRENTES;41;CONTRIBUICOES;50;TRANSFERENCIAS A INSTITUICOES PRIVADAS SEM FINS LUCRATIVOS;1;CONTRIBUICOES;62;TRANSFERENCIAS DA UNIAO VINCULADAS A SAUDE - BLOCO MANUTENCAO - EMENDAS INDIVIDUAIS;0,0;0,0;900000,0;0,0;0,0;0,0;0;0,0;0,0;0,0
9389606;1451044 000084/2024;389;2024-06-19;ISRAEL WEAPON INDUSTRIES (I.W.I) LTD;99.999.990/1104-40;4;DESPESAS DE CAPITAL;4;INVESTIMENTOS;52;EQUIPAMENTOS E MATERIAL PERMANENTE;90;APLICACOES DIRETAS;3;ARMAMENTO E EQUIPAMENTO DE USO POLICIAL;97;TRANSFERENCIAS ESPECIAIS DE RECURSOS DA UNIAO - RECURSOS RECEBIDOS ATE 2023;0,0;36331,44;0,0;0,0;0,0;0,0;0;0,0;36331,44;0,0
9389606;1451044 000198/2024;459;2024-07-31;GLOCK AMERICA S.A.;99.999.990/1090-00;4;DESPESAS DE CAPITAL;4;INVESTIMENTOS;52;EQUIPAMENTOS E MATERIAL PERMANENTE;90;APLICACOES DIRETAS;3;ARMAMENTO E EQUIPAMENTO DE USO POLICIAL;97;TRANSFERENCIAS ESPECIAIS DE RECURSOS DA UNIAO - RECURSOS RECEBIDOS ATE 2023;300753,8;0,0;300753,8;300753,8;0,0;0,0;0;0,0;0,0;300753,8
9389606;1451044 000340/2023;599;2023-12-29;COMPANHIA BRASILEIRA DE CARTUCHOS;57.494.031/0010-54;4;DESPESAS DE CAPITAL;4;INVESTIMENTOS;52;EQUIPAMENTOS E MATERIAL PERMANENTE;90;APLICACOES DIRETAS;3;ARMAMENTO E EQUIPAMENTO DE USO POLICIAL;97;TRANSFERENCIAS ESPECIAIS DE RECURSOS DA UNIAO;27505,8;0,0;27505,8;27505,8;0,0;0,0;0;0,0;0,0;27175,73
9389739;1401068 000049/2023;81;2023-12-28;NEW LINE SOLUCOES CORPORATIVAS LTDA;31.731.853/0001-27;4;DESPESAS DE CAPITAL;4;INVESTIMENTOS;52;EQUIPAMENTOS E MATERIAL PERMANENTE;90;APLICACOES DIRETAS;14;MOBILIARIO;97;TRANSFERENCIAS ESPECIAIS DE RECURSOS DA UNIAO;6100,0;0,0;6100,0;6100,0;0,0;0,0;0;0,0;0,0;6026,8
9389739;1401104 000096/2023;345;2023-12-26;HAIX SCHUHE PRODUKTIONS UND VERTRIEBS GMBH;99.999.990/1115-00;3;DESPESAS CORRENTES;3;OUTRAS DESPESAS CORRENTES;30;MATERIAL DE CONSUMO;90;APLICACOES DIRETAS;25;MATERIAL DE SEGURANCA, APETRECHOS OPERACIONAIS E POLICIAIS;97;TRANSFERENCIAS ESPECIAIS DE RECURSOS DA UNIAO;613428,0;0,0;613428,0;613428,0;0,0;0,0;0;0,0;0,0;613428,0
9389739;1401104 000097/2023;232;2023-11-14;RIO DOCE COMERCIO DE VEICULOS LTDA;13.426.763/0001-40;4;DESPESAS DE CAPITAL;4;INVESTIMENTOS;52;EQUIPAMENTOS E MATERIAL PERMANENTE;90;APLICACOES DIRETAS;17;VEICULOS;97;TRANSFERENCIAS ESPECIAIS DE RECURSOS DA UNIAO;1075500,0;0,0;1075500,0;1075500,0;0,0;0,0;0;0,0;0,0;1062594,0
9389739;1401104 000097/2023;313;2023-12-01;RIO DOCE COMERCIO DE VEICULOS LTDA;13.426.763/0001-40;4;DESPESAS DE CAPITAL;4;INVESTIMENTOS;52;EQUIPAMENTOS E MATERIAL PERMANENTE;90;APLICACOES DIRETAS;17;VEICULOS;97;TRANSFERENCIAS ESPECIAIS DE RECURSOS DA UNIAO;95000,0;0,0;190000,0;95000,0;0,0;0,0;0;0,0;0,0;93860,0
9389739;1401104 000097/2023;314;2023-12-01;RIO DOCE COMERCIO DE VEICULOS LTDA;13.426.763/0001-40;4;DESPESAS DE CAPITAL;4;INVESTIMENTOS;52;EQUIPAMENTOS E MATERIAL PERMANENTE;90;APLICACOES DIRETAS;17;VEICULOS;97;TRANSFERENCIAS ESPECIAIS DE RECURSOS DA UNIAO;89499,5;0,0;89499,5;89499,5;0,0;0,0;0;0,0;0,0;88359,5
9389741;1250084 000079/2024;133;2024-08-13;GLOCK AMERICA S.A.;99.999.990/1090-00;4;DESPESAS DE CAPITAL;4;INVESTIMENTOS;52;EQUIPAMENTOS E MATERIAL PERMANENTE;90;APLICACOES DIRETAS;3;ARMAMENTO E EQUIPAMENTO DE USO POLICIAL;97;TRANSFERENCIAS ESPECIAIS DE RECURSOS DA UNIAO - RECURSOS RECEBIDOS ATE 2023;0,0;155,3;0,0;0,0;0,0;0,0;0;0,0;0,0;0,0
9389741;1250084 000081/2024;125;2024-08-12;CESKA ZBROJOVKA A.S.;99.999.990/1101-05;4;DESPESAS DE CAPITAL;4;INVESTIMENTOS;52;EQUIPAMENTOS E MATERIAL PERMANENTE;90;APLICACOES DIRETAS;3;ARMAMENTO E EQUIPAMENTO DE USO POLICIAL;97;TRANSFERENCIAS ESPECIAIS DE RECURSOS DA UNIAO - RECURSOS RECEBIDOS ATE 2023;0,0;385,32;0,0;0,0;0,0;0,0;0;0,0;0,0;0,0
9389741;1250084 000182/2024;413;2024-12-20;MEPROLIGHT LTD;99.999.990/1112-50;4;DESPESAS DE CAPITAL;4;INVESTIMENTOS;52;EQUIPAMENTOS E MATERIAL PERMANENTE;90;APLICACOES DIRETAS;3;ARMAMENTO E EQUIPAMENTO DE USO POLICIAL;97;TRANSFERENCIAS ESPECIAIS DE RECURSOS DA UNIAO - RECURSOS RECEBIDOS ATE 2023;9210,4;0,0;10322,0;9210,4;0,0;1111,6;0;0,0;0,0;9083,36
9389746;1250071 000055/2024;146;2024-07-18;LIDER NOTEBOOKS COMERCIO E SERVICOS LTDA;12.477.490/0002-81;4;DESPESAS DE CAPITAL;4;INVESTIMENTOS;52;EQUIPAMENTOS E MATERIAL PERMANENTE;90;APLICACOES DIRETAS;7;EQUIPAMENTOS DE INFORMATICA;97;TRANSFERENCIAS ESPECIAIS DE RECURSOS DA UNIAO - RECURSOS RECEBIDOS ATE 2023;0,0;15628,0;0,0;0,0;0,0;0,0;0;0,0;15440,46;0,0
9389746;1250071 000056/2024;147;2024-07-18;GRUPO MULTILASER S.A.;59.717.553/0006-17;4;DESPESAS DE CAPITAL;4;INVESTIMENTOS;52;EQUIPAMENTOS E MATERIAL PERMANENTE;90;APLICACOES DIRETAS;7;EQUIPAMENTOS DE INFORMATICA;97;TRANSFERENCIAS ESPECIAIS DE RECURSOS DA UNIAO - RECURSOS RECEBIDOS ATE 2023;3390,0;0,0;3390,0;3390,0;0,0;0,0;0;0,0;0,0;3349,32
9389746;1250071 000200/2024;387;2024-11-18;LIDER NOTEBOOKS COMERCIO E SERVICOS LTDA;12.477.490/0002-81;4;DESPESAS DE CAPITAL;4;INVESTIMENTOS;52;EQUIPAMENTOS E MATERIAL PERMANENTE;90;APLICACOES DIRETAS;7;EQUIPAMENTOS DE INFORMATICA;97;TRANSFERENCIAS ESPECIAIS DE RECURSOS DA UNIAO - RECURSOS RECEBIDOS ATE 2023;3907,0;0,0;3907,0;3907,0;0,0;0,0;0;0,0;0,0;3860,12
9389746;1250072 000027/2023;211;2024-09-20;HANBAI COMERCIO DE MOTOS LTDA;15.082.489/0001-65;4;DESPESAS DE CAPITAL;4;INVESTIMENTOS;52;EQUIPAMENTOS E MATERIAL PERMANENTE;90;APLICACOES DIRETAS;17;VEICULOS;97;TRANSFERENCIAS ESPECIAIS DE RECURSOS DA UNIAO - RECURSOS RECEBIDOS ATE 2023;261950,0;0,0;261950,0;261950,0;0,0;0,0;0;0,0;0,0;258806,6
9389746;1250072 000028/2024;212;2024-09-20;HANBAI COMERCIO DE MOTOS LTDA;15.082.489/0001-65;4;DESPESAS DE CAPITAL;4;INVESTIMENTOS;52;EQUIPAMENTOS E MATERIAL PERMANENTE;90;APLICACOES DIRETAS;17;VEICULOS;97;TRANSFERENCIAS ESPECIAIS DE RECURSOS DA UNIAO - RECURSOS RECEBIDOS ATE 2023;104780,0;0,0;104780,0;104780,0;0,0;0,0;0;0,0;0,0;103522,64
9389746;1250084 000028/2024;191;2024-09-30;AXON ENTERPRISE INC;99.999.990/1126-55;4;DESPESAS DE CAPITAL;4;INVESTIMENTOS;52;EQUIPAMENTOS E MATERIAL PERMANENTE;90;APLICACOES DIRETAS;3;ARMAMENTO E EQUIPAMENTO DE USO POLICIAL;97;TRANSFERENCIAS ESPECIAIS DE RECURSOS DA UNIAO - RECURSOS RECEBIDOS ATE 2023;0,0;600,82;0,0;0,0;0,0;0,0;0;0,0;0,0;0,0
9389746;1259968 000012/2024;3599;2024-11-13;MTV.NET INFORMATICA E ELETRONICA LTDA;08.164.723/0001-38;4;DESPESAS DE CAPITAL;4;INVESTIMENTOS;52;EQUIPAMENTOS E MATERIAL PERMANENTE;90;APLICACOES DIRETAS;12;MAQUINAS, APARELHOS, UTENSILIOS E EQUIPAMENTOS  USO ADMINISTRATIVO;97;TRANSFERENCIAS ESPECIAIS DE RECURSOS DA UNIAO - RECURSOS RECEBIDOS ATE 2023;0,0;2800,0;0,0;0,0;0,0;0,0;0;0,0;2800,0;0,0
9389746;1259968 000012/2024;3604;2024-11-13;GOMAP COMERCIO DE MOVEIS E EQUIPAMENTOS LTDA;44.384.524/0001-07;4;DESPESAS DE CAPITAL;4;INVESTIMENTOS;52;EQUIPAMENTOS E MATERIAL PERMANENTE;90;APLICACOES DIRETAS;14;MOBILIARIO;97;TRANSFERENCIAS ESPECIAIS DE RECURSOS DA UNIAO - RECURSOS RECEBIDOS ATE 2023;0,0;1324,08;0,0;0,0;0,0;0,0;0;0,0;1324,08;0,0
9389746;1259968 000041/2024;3605;2024-11-13;MAQNETE COMERCIO E SERVICOS LTDA -ME;18.152.404/0001-66;4;DESPESAS DE CAPITAL;4;INVESTIMENTOS;52;EQUIPAMENTOS E MATERIAL PERMANENTE;90;APLICACOES DIRETAS;7;EQUIPAMENTOS DE INFORMATICA;97;TRANSFERENCIAS ESPECIAIS DE RECURSOS DA UNIAO - RECURSOS RECEBIDOS ATE 2023;0,0;448,35;0,0;0,0;0,0;0,0;0;0,0;442,97;0,0
9390034;1250072 000062/2024;26;2025-04-02;EMPORIUM COMERCIO DE VEICULOS E EQUIPAMENTOS E SERVICOS LTDA;05.163.253/0001-08;4;DESPESAS DE CAPITAL;4;INVESTIMENTOS;52;EQUIPAMENTOS E MATERIAL PERMANENTE;90;APLICACOES DIRETAS;17;VEICULOS;97;TRANSFERENCIAS ESPECIAIS DE RECURSOS DA UNIAO - RECURSOS RECEBIDOS ATE 2023;0,0;1000000,0;0,0;0,0;0,0;0,0;0;0,0;980800,0;0,0
9390034;1250084 000130/2024;262;2024-11-14;INBRA-TECNOLOGIA E DEFESA INDUSTRIA E COMERCIO LTDA.;26.836.227/0001-65;4;DESPESAS DE CAPITAL;4;INVESTIMENTOS;52;EQUIPAMENTOS E MATERIAL PERMANENTE;90;APLICACOES DIRETAS;3;ARMAMENTO E EQUIPAMENTO DE USO POLICIAL;97;TRANSFERENCIAS ESPECIAIS DE RECURSOS DA UNIAO - RECURSOS RECEBIDOS ATE 2023;0,0;13800,0;0,0;0,0;0,0;0,0;0;0,0;13634,4;0,0
9390036;1250071 000043/2024;289;2024-09-24;XPTI TECNOLOGIAS EM SEGURANCA LTDA;18.190.216/0002-03;4;DESPESAS DE CAPITAL;4;INVESTIMENTOS;52;EQUIPAMENTOS E MATERIAL PERMANENTE;90;APLICACOES DIRETAS;6;EQUIPAMENTOS DE COMUNICACAO E TELEFONIA;97;TRANSFERENCIAS ESPECIAIS DE RECURSOS DA UNIAO - RECURSOS RECEBIDOS ATE 2023;22000,0;0,0;22000,0;22000,0;0,0;0,0;0;0,0;0,0;21736,0
9390036;1250071 000043/2024;587;2024-12-27;XPTI TECNOLOGIAS EM SEGURANCA LTDA;18.190.216/0002-03;4;DESPESAS DE CAPITAL;4;INVESTIMENTOS;52;EQUIPAMENTOS E MATERIAL PERMANENTE;90;APLICACOES DIRETAS;6;EQUIPAMENTOS DE COMUNICACAO E TELEFONIA;97;TRANSFERENCIAS ESPECIAIS DE RECURSOS DA UNIAO - RECURSOS RECEBIDOS ATE 2023;154000,0;0,0;154000,0;154000,0;0,0;0,0;0;0,0;0,0;152152,0
9390036;1250071 000052/2024;354;2024-11-05;LENOVO TECNOLOGIA (BRASIL) LIMITADA;07.275.920/0001-61;4;DESPESAS DE CAPITAL;4;INVESTIMENTOS;52;EQUIPAMENTOS E MATERIAL PERMANENTE;90;APLICACOES DIRETAS;7;EQUIPAMENTOS DE INFORMATICA;97;TRANSFERENCIAS ESPECIAIS DE RECURSOS DA UNIAO - RECURSOS RECEBIDOS ATE 2023;0,0;34753,86;0,0;0,0;0,0;0,0;0;0,0;34336,81;0,0
9390036;1250071 000065/2024;355;2024-11-05;LENOVO TECNOLOGIA (BRASIL) LIMITADA;07.275.920/0001-61;4;DESPESAS DE CAPITAL;4;INVESTIMENTOS;52;EQUIPAMENTOS E MATERIAL PERMANENTE;90;APLICACOES DIRETAS;7;EQUIPAMENTOS DE INFORMATICA;97;TRANSFERENCIAS ESPECIAIS DE RECURSOS DA UNIAO - RECURSOS RECEBIDOS ATE 2023;11584,62;0,0;11584,62;11584,62;0,0;0,0;0;0,0;0,0;11445,61
9390036;1250071 000092/2024;242;2024-08-30;MOTOROLA SOLUTIONS LTDA;10.652.730/0006-35;4;DESPESAS DE CAPITAL;4;INVESTIMENTOS;52;EQUIPAMENTOS E MATERIAL PERMANENTE;90;APLICACOES DIRETAS;6;EQUIPAMENTOS DE COMUNICACAO E TELEFONIA;97;TRANSFERENCIAS ESPECIAIS DE RECURSOS DA UNIAO - RECURSOS RECEBIDOS ATE 2023;632000,0;0,0;632000,0;632000,0;0,0;0,0;0;0,0;0,0;624416,0
9390036;1250071 000130/2024;250;2024-09-03;MICROTECNICA INFORMATICA LTDA;01.590.728/0009-30;4;DESPESAS DE CAPITAL;4;INVESTIMENTOS;52;EQUIPAMENTOS E MATERIAL PERMANENTE;90;APLICACOES DIRETAS;7;EQUIPAMENTOS DE INFORMATICA;97;TRANSFERENCIAS ESPECIAIS DE RECURSOS DA UNIAO - RECURSOS RECEBIDOS ATE 2023;0,0;5688,57;0,0;0,0;0,0;0,0;0;0,0;5620,31;0,0
9390036;1250071 000174/2025;392;2025-11-27;METODO SYSTEM COMERCIO E SERVICOS LTDA;07.346.478/0001-17;4;DESPESAS DE CAPITAL;4;INVESTIMENTOS;52;EQUIPAMENTOS E MATERIAL PERMANENTE;90;APLICACOES DIRETAS;6;EQUIPAMENTOS DE COMUNICACAO E TELEFONIA;97;TRANSFERENCIAS ESPECIAIS DE RECURSOS DA UNIAO - RECURSOS RECEBIDOS ATE 2023;33412,14;0,0;33412,14;33412,14;0,0;0,0;0;0,0;0,0;33011,19
9390036;1250071 000207/2025;428;2025-12-16;POSITIVO TECNOLOGIA S.A.;81.243.735/0009-03;4;DESPESAS DE CAPITAL;4;INVESTIMENTOS;52;EQUIPAMENTOS E MATERIAL PERMANENTE;90;APLICACOES DIRETAS;7;EQUIPAMENTOS DE INFORMATICA;97;TRANSFERENCIAS ESPECIAIS DE RECURSOS DA UNIAO - RECURSOS RECEBIDOS ATE 2023;4298,0;0,0;4298,0;4298,0;0,0;0,0;0;0,0;0,0;4246,42
9390036;1250071 000221/2024;392;2024-11-21;METODO SYSTEM COMERCIO E SERVICOS LTDA;07.346.478/0001-17;4;DESPESAS DE CAPITAL;4;INVESTIMENTOS;52;EQUIPAMENTOS E MATERIAL PERMANENTE;90;APLICACOES DIRETAS;6;EQUIPAMENTOS DE COMUNICACAO E TELEFONIA;97;TRANSFERENCIAS ESPECIAIS DE RECURSOS DA UNIAO - RECURSOS RECEBIDOS ATE 2023;115350,0;0,0;115350,0;115350,0;0,0;0,0;0;0,0;0,0;113965,8
9390036;1250071 000231/2024;541;2024-12-02;DRIVE A INFORMATICA LTDA;00.677.870/0001-08;4;DESPESAS DE CAPITAL;4;INVESTIMENTOS;52;EQUIPAMENTOS E MATERIAL PERMANENTE;90;APLICACOES DIRETAS;7;EQUIPAMENTOS DE INFORMATICA;97;TRANSFERENCIAS ESPECIAIS DE RECURSOS DA UNIAO - RECURSOS RECEBIDOS ATE 2023;27886,0;0,0;27886,0;27886,0;0,0;0,0;0;0,0;0,0;27551,37
9390036;1250071 000232/2024;391;2024-11-21;METODO SYSTEM COMERCIO E SERVICOS LTDA;07.346.478/0001-17;4;DESPESAS DE CAPITAL;4;INVESTIMENTOS;52;EQUIPAMENTOS E MATERIAL PERMANENTE;90;APLICACOES DIRETAS;6;EQUIPAMENTOS DE COMUNICACAO E TELEFONIA;97;TRANSFERENCIAS ESPECIAIS DE RECURSOS DA UNIAO - RECURSOS RECEBIDOS ATE 2023;2182,0;0,0;2182,0;2182,0;0,0;0,0;0;0,0;0,0;2155,82
9390036;1250071 000270/2024;551;2024-12-12;GRUPO MULTILASER S.A.;59.717.553/0006-17;4;DESPESAS DE CAPITAL;4;INVESTIMENTOS;52;EQUIPAMENTOS E MATERIAL PERMANENTE;90;APLICACOES DIRETAS;7;EQUIPAMENTOS DE INFORMATICA;97;TRANSFERENCIAS ESPECIAIS DE RECURSOS DA UNIAO - RECURSOS RECEBIDOS ATE 2023;25000,0;0,0;25000,0;25000,0;0,0;0,0;0;0,0;0,0;24700,0
9390036;1250071 000271/2024;549;2024-12-10;REPREMIG REPRESENTACAO E COMERCIO DE MINAS GERAIS LTDA;65.149.197/0002-51;4;DESPESAS DE CAPITAL;4;INVESTIMENTOS;52;EQUIPAMENTOS E MATERIAL PERMANENTE;90;APLICACOES DIRETAS;7;EQUIPAMENTOS DE INFORMATICA;97;TRANSFERENCIAS ESPECIAIS DE RECURSOS DA UNIAO - RECURSOS RECEBIDOS ATE 2023;14950,0;0,0;14950,0;14950,0;0,0;0,0;0;0,0;0,0;14770,6
9390036;1250071 000272/2024;556;2024-12-19;HOMEOFFICE CADEIRAS LTDA;26.242.393/0001-33;4;DESPESAS DE CAPITAL;4;INVESTIMENTOS;52;EQUIPAMENTOS E MATERIAL PERMANENTE;90;APLICACOES DIRETAS;14;MOBILIARIO;97;TRANSFERENCIAS ESPECIAIS DE RECURSOS DA UNIAO - RECURSOS RECEBIDOS ATE 2023;25464,0;0,0;25464,0;25464,0;0,0;0,0;0;0,0;0,0;25158,43
9390036;1250071 000273/2024;560;2024-12-19;DRIVE A INFORMATICA LTDA;00.677.870/0001-08;4;DESPESAS DE CAPITAL;4;INVESTIMENTOS;52;EQUIPAMENTOS E MATERIAL PERMANENTE;90;APLICACOES DIRETAS;7;EQUIPAMENTOS DE INFORMATICA;97;TRANSFERENCIAS ESPECIAIS DE RECURSOS DA UNIAO - RECURSOS RECEBIDOS ATE 2023;13943,0;0,0;13943,0;13943,0;0,0;0,0;0;0,0;0,0;13775,69
9390036;1250071 000275/2024;572;2024-12-27;53.964.373 NATHALIA SOARES DE OLIVEIRA SANTOS SIMOES;53.964.373/0001-49;4;DESPESAS DE CAPITAL;4;INVESTIMENTOS;52;EQUIPAMENTOS E MATERIAL PERMANENTE;90;APLICACOES DIRETAS;7;EQUIPAMENTOS DE INFORMATICA;97;TRANSFERENCIAS ESPECIAIS DE RECURSOS DA UNIAO - RECURSOS RECEBIDOS ATE 2023;5700,0;0,0;5700,0;5700,0;0,0;0,0;0;0,0;0,0;5700,0
9390036;1250071 000278/2024;558;2024-12-19;MULTIMIX DISTRIBUIDORA LTDA;38.588.648/0001-01;4;DESPESAS DE CAPITAL;4;INVESTIMENTOS;52;EQUIPAMENTOS E MATERIAL PERMANENTE;90;APLICACOES DIRETAS;7;EQUIPAMENTOS DE INFORMATICA;97;TRANSFERENCIAS ESPECIAIS DE RECURSOS DA UNIAO - RECURSOS RECEBIDOS ATE 2023;4680,0;0,0;4680,0;4680,0;0,0;0,0;0;0,0;0,0;4680,0
9390036;1250071 000280/2024;555;2024-12-19;REPREMIG REPRESENTACAO E COMERCIO DE MINAS GERAIS LTDA;65.149.197/0002-51;4;DESPESAS DE CAPITAL;4;INVESTIMENTOS;52;EQUIPAMENTOS E MATERIAL PERMANENTE;90;APLICACOES DIRETAS;7;EQUIPAMENTOS DE INFORMATICA;97;TRANSFERENCIAS ESPECIAIS DE RECURSOS DA UNIAO - RECURSOS RECEBIDOS ATE 2023;27000,0;0,0;27000,0;27000,0;0,0;0,0;0;0,0;0,0;26676,0
9390036;1250071 000281/2024;593;2024-12-27;DRIVE A INFORMATICA LTDA;00.677.870/0001-08;4;DESPESAS DE CAPITAL;4;INVESTIMENTOS;52;EQUIPAMENTOS E MATERIAL PERMANENTE;90;APLICACOES DIRETAS;7;EQUIPAMENTOS DE INFORMATICA;97;TRANSFERENCIAS ESPECIAIS DE RECURSOS DA UNIAO - RECURSOS RECEBIDOS ATE 2023;13943,0;0,0;13943,0;13943,0;0,0;0,0;0;0,0;0,0;13775,69
9390036;1250071 000282/2024;565;2024-12-26;TAIT COMUNICACOES BRASIL LTDA;67.116.715/0001-85;4;DESPESAS DE CAPITAL;4;INVESTIMENTOS;52;EQUIPAMENTOS E MATERIAL PERMANENTE;90;APLICACOES DIRETAS;6;EQUIPAMENTOS DE COMUNICACAO E TELEFONIA;97;TRANSFERENCIAS ESPECIAIS DE RECURSOS DA UNIAO - RECURSOS RECEBIDOS ATE 2023;102000,0;0,0;102000,0;102000,0;0,0;0,0;0;0,0;0,0;100776,0
9390036;1250071 000283/2024;569;2024-12-26;BT COMERCIO INTELIGENTE LTDA;45.329.312/0001-81;4;DESPESAS DE CAPITAL;4;INVESTIMENTOS;52;EQUIPAMENTOS E MATERIAL PERMANENTE;90;APLICACOES DIRETAS;12;MAQUINAS, APARELHOS, UTENSILIOS E EQUIPAMENTOS  USO ADMINISTRATIVO;97;TRANSFERENCIAS ESPECIAIS DE RECURSOS DA UNIAO - RECURSOS RECEBIDOS ATE 2023;94987,65;0,0;94987,65;94987,65;0,0;0,0;0;0,0;0,0;93847,8
9390036;1250071 000284/2024;570;2024-12-26;TECIDOS E ARMARINHOS MIGUEL BARTOLOMEU S/A;17.359.233/0001-88;4;DESPESAS DE CAPITAL;4;INVESTIMENTOS;52;EQUIPAMENTOS E MATERIAL PERMANENTE;90;APLICACOES DIRETAS;12;MAQUINAS, APARELHOS, UTENSILIOS E EQUIPAMENTOS  USO ADMINISTRATIVO;97;TRANSFERENCIAS ESPECIAIS DE RECURSOS DA UNIAO - RECURSOS RECEBIDOS ATE 2023;154800,0;0,0;154800,0;154800,0;0,0;0,0;0;0,0;0,0;152942,4
9390036;1250071 000293/2024;576;2024-12-27;GRUPO MULTILASER S.A.;59.717.553/0006-17;4;DESPESAS DE CAPITAL;4;INVESTIMENTOS;52;EQUIPAMENTOS E MATERIAL PERMANENTE;90;APLICACOES DIRETAS;7;EQUIPAMENTOS DE INFORMATICA;97;TRANSFERENCIAS ESPECIAIS DE RECURSOS DA UNIAO - RECURSOS RECEBIDOS ATE 2023;512448,0;0,0;512448,0;512448,0;0,0;0,0;0;0,0;0,0;506298,63
9390036;1250071 000298/2024;571;2024-12-26;MAMUTE BRASIL INDUSTRIA E COMERCIO DE MOVEIS LTDA -EPP;06.538.230/0001-95;4;DESPESAS DE CAPITAL;4;INVESTIMENTOS;52;EQUIPAMENTOS E MATERIAL PERMANENTE;90;APLICACOES DIRETAS;14;MOBILIARIO;97;TRANSFERENCIAS ESPECIAIS DE RECURSOS DA UNIAO - RECURSOS RECEBIDOS ATE 2023;51560,0;0,0;51560,0;51560,0;0,0;0,0;0;0,0;0,0;51560,0
9390036;1250072 000016/2024;113;2024-07-22;MABELE VEICULOS ESPECIAIS LTDA;35.457.127/0001-19;4;DESPESAS DE CAPITAL;4;INVESTIMENTOS;52;EQUIPAMENTOS E MATERIAL PERMANENTE;90;APLICACOES DIRETAS;17;VEICULOS;97;TRANSFERENCIAS ESPECIAIS DE RECURSOS DA UNIAO - RECURSOS RECEBIDOS ATE 2023;313000,0;0,0;313000,0;313000,0;0,0;0,0;0;0,0;0,0;309244,0
9390036;1250072 000062/2024;25;2025-04-02;EMPORIUM COMERCIO DE VEICULOS E EQUIPAMENTOS E SERVICOS LTDA;05.163.253/0001-08;4;DESPESAS DE CAPITAL;4;INVESTIMENTOS;52;EQUIPAMENTOS E MATERIAL PERMANENTE;90;APLICACOES DIRETAS;17;VEICULOS;97;TRANSFERENCIAS ESPECIAIS DE RECURSOS DA UNIAO - RECURSOS RECEBIDOS ATE 2023;0,0;600000,0;0,0;0,0;0,0;0,0;0;0,0;600000,0;0,0
9390036;1250084 000131/2025;397;2025-12-31;BENELLI ARMI S.P.A;28.123.395/0001-55;4;DESPESAS DE CAPITAL;4;INVESTIMENTOS;52;EQUIPAMENTOS E MATERIAL PERMANENTE;90;APLICACOES DIRETAS;3;ARMAMENTO E EQUIPAMENTO DE USO POLICIAL;97;TRANSFERENCIAS ESPECIAIS DE RECURSOS DA UNIAO - RECURSOS RECEBIDOS ATE 2023;43815,72;0,0;43815,72;43815,72;0,0;0,0;0;0,0;0,0;40168,9
9390036;1250084 000143/2025;357;2025-12-29;CESKA ZBROJOVKA A.S.;99.999.990/1101-05;4;DESPESAS DE CAPITAL;4;INVESTIMENTOS;52;EQUIPAMENTOS E MATERIAL PERMANENTE;90;APLICACOES DIRETAS;3;ARMAMENTO E EQUIPAMENTO DE USO POLICIAL;97;TRANSFERENCIAS ESPECIAIS DE RECURSOS DA UNIAO - RECURSOS RECEBIDOS ATE 2023;201376,0;0,0;201376,0;201376,0;0,0;0,0;0;0,0;0,0;188502,32
9390036;1250084 000148/2024;320;2024-11-28;COMPANHIA BRASILEIRA DE CARTUCHOS;57.494.031/0001-63;3;DESPESAS CORRENTES;3;OUTRAS DESPESAS CORRENTES;30;MATERIAL DE CONSUMO;90;APLICACOES DIRETAS;25;MATERIAL DE SEGURANCA, APETRECHOS OPERACIONAIS E POLICIAIS;97;TRANSFERENCIAS ESPECIAIS DE RECURSOS DA UNIAO - RECURSOS RECEBIDOS ATE 2023;175560,0;0,0;175560,0;175560,0;0,0;0,0;0;0,0;0,0;173453,28
9390036;1250084 000189/2024;432;2024-12-23;CESKA ZBROJOVKA A.S.;99.999.990/1101-05;4;DESPESAS DE CAPITAL;4;INVESTIMENTOS;52;EQUIPAMENTOS E MATERIAL PERMANENTE;90;APLICACOES DIRETAS;3;ARMAMENTO E EQUIPAMENTO DE USO POLICIAL;97;TRANSFERENCIAS ESPECIAIS DE RECURSOS DA UNIAO - RECURSOS RECEBIDOS ATE 2023;212647,68;0,0;235872,0;212647,68;0,0;23224,32;0;0,0;0,0;207567,36
9390036;1250165 000032/2024;179;2024-11-18;DHD PRESTACAO DE SERVICOS DE CONSTRUCAO CIVIL LTDA -EPP;08.334.857/0001-50;3;DESPESAS CORRENTES;3;OUTRAS DESPESAS CORRENTES;39;OUTROS SERVICOS DE TERCEIROS - PESSOA JURIDICA;90;APLICACOES DIRETAS;22;REPAROS DE BENS IMOVEIS;97;TRANSFERENCIAS ESPECIAIS DE RECURSOS DA UNIAO - RECURSOS RECEBIDOS ATE 2023;93323,45;0,0;93323,45;93323,45;0,0;0,0;0;0,0;0,0;87024,12
9390036;1250165 000051/2024;241;2024-12-23;VIANNA COMERCIO E SERVICOS DE CONSTRUCAO LTDA;37.916.470/0001-00;3;DESPESAS CORRENTES;3;OUTRAS DESPESAS CORRENTES;30;MATERIAL DE CONSUMO;90;APLICACOES DIRETAS;19;MATERIAL P/ MANUT. E REPAROS DE IMOVEIS DE PROPRIEDADE DA ADM. PUBLICA;97;TRANSFERENCIAS ESPECIAIS DE RECURSOS DA UNIAO - RECURSOS RECEBIDOS ATE 2023;14670,0;0,0;14680,0;14670,0;0,0;10,0;0;0,0;0,0;14670,0
9390036;1255125 000033/2024;879;2024-09-26;FAMA CONSTRUCOES INCORPORACAO E REFORMAS PREDIAIS LTDA;53.197.058/0001-33;3;DESPESAS CORRENTES;3;OUTRAS DESPESAS CORRENTES;39;OUTROS SERVICOS DE TERCEIROS - PESSOA JURIDICA;90;APLICACOES DIRETAS;22;REPAROS DE BENS IMOVEIS;97;TRANSFERENCIAS ESPECIAIS DE RECURSOS DA UNIAO - RECURSOS RECEBIDOS ATE 2023;162601,26;34982,72;162601,26;162601,26;0,0;0,0;0;0,0;34982,72;147804,54
9390036;1255125 000048/2024;956;2024-10-24;F J A COSTA CONSTRUCOES -ME;13.531.312/0001-73;3;DESPESAS CORRENTES;3;OUTRAS DESPESAS CORRENTES;39;OUTROS SERVICOS DE TERCEIROS - PESSOA JURIDICA;90;APLICACOES DIRETAS;22;REPAROS DE BENS IMOVEIS;97;TRANSFERENCIAS ESPECIAIS DE RECURSOS DA UNIAO - RECURSOS RECEBIDOS ATE 2023;211808,67;0,0;211808,67;211808,67;0,0;0,0;0;0,0;0,0;202861,97
9390036;1255125 000079/2024;1119;2024-12-16;DELIANE CRISTINA DA SILVA NOGUEIRA 10822247666;35.429.671/0001-57;3;DESPESAS CORRENTES;3;OUTRAS DESPESAS CORRENTES;39;OUTROS SERVICOS DE TERCEIROS - PESSOA JURIDICA;90;APLICACOES DIRETAS;31;LOCACAO DE SERVICOS GRAFICOS;97;TRANSFERENCIAS ESPECIAIS DE RECURSOS DA UNIAO - RECURSOS RECEBIDOS ATE 2023;1200,0;0,0;1200,0;1200,0;0,0;0,0;0;0,0;0,0;1200,0
9390036;1255125 000079/2024;1120;2024-12-16;DELIANE CRISTINA DA SILVA NOGUEIRA 10822247666;35.429.671/0001-57;3;DESPESAS CORRENTES;3;OUTRAS DESPESAS CORRENTES;39;OUTROS SERVICOS DE TERCEIROS - PESSOA JURIDICA;90;APLICACOES DIRETAS;31;LOCACAO DE SERVICOS GRAFICOS;97;TRANSFERENCIAS ESPECIAIS DE RECURSOS DA UNIAO - RECURSOS RECEBIDOS ATE 2023;4490,0;0,0;4490,0;4490,0;0,0;0,0;0;0,0;0,0;4490,0
9390036;1255125 000080/2024;1117;2024-12-16;BANDERTTINI COMERCIO E CONFECCOES DE BANDEIRAS LTDA - ME;07.936.583/0001-06;3;DESPESAS CORRENTES;3;OUTRAS DESPESAS CORRENTES;30;MATERIAL DE CONSUMO;90;APLICACOES DIRETAS;32;MATERIAL CIVICO E EDUCATIVO;97;TRANSFERENCIAS ESPECIAIS DE RECURSOS DA UNIAO - RECURSOS RECEBIDOS ATE 2023;318,0;0,0;318,0;318,0;0,0;0,0;0;0,0;0,0;318,0
9390036;1255125 000080/2024;1118;2024-12-16;DELIANE CRISTINA DA SILVA NOGUEIRA 10822247666;35.429.671/0001-57;3;DESPESAS CORRENTES;3;OUTRAS DESPESAS CORRENTES;30;MATERIAL DE CONSUMO;90;APLICACOES DIRETAS;19;MATERIAL P/ MANUT. E REPAROS DE IMOVEIS DE PROPRIEDADE DA ADM. PUBLICA;97;TRANSFERENCIAS ESPECIAIS DE RECURSOS DA UNIAO - RECURSOS RECEBIDOS ATE 2023;679,0;0,0;679,0;679,0;0,0;0,0;0;0,0;0,0;679,0
9390036;1255125 000083/2024;1125;2024-12-19;DELIANE CRISTINA DA SILVA NOGUEIRA 10822247666;35.429.671/0001-57;3;DESPESAS CORRENTES;3;OUTRAS DESPESAS CORRENTES;39;OUTROS SERVICOS DE TERCEIROS - PESSOA JURIDICA;90;APLICACOES DIRETAS;31;LOCACAO DE SERVICOS GRAFICOS;97;TRANSFERENCIAS ESPECIAIS DE RECURSOS DA UNIAO - RECURSOS RECEBIDOS ATE 2023;2780,0;0,0;2780,0;2780,0;0,0;0,0;0;0,0;0,0;2780,0
9390036;1255302 000216/2025;603;2025-06-02;DESTAK DISTRIBUIDORA DE PRODUTOS E EQUIPAMENTOS HOSPITALARES LTDA;35.797.639/0001-24;4;DESPESAS DE CAPITAL;4;INVESTIMENTOS;52;EQUIPAMENTOS E MATERIAL PERMANENTE;90;APLICACOES DIRETAS;14;MOBILIARIO;97;TRANSFERENCIAS ESPECIAIS DE RECURSOS DA UNIAO - RECURSOS RECEBIDOS ATE 2023;1674,0;0,0;1674,0;1674,0;0,0;0,0;0;0,0;0,0;1674,0
9390036;1255302 000337/2024;1780;2024-12-20;CEI COMERCIO EXPORTACAO E IMP DE MAT MEDICOS LTDA;40.175.705/0001-64;4;DESPESAS DE CAPITAL;4;INVESTIMENTOS;52;EQUIPAMENTOS E MATERIAL PERMANENTE;90;APLICACOES DIRETAS;9;EQUIPAMENTOS HOSPITALARES, ODONTOLOGICOS E DE LABORATORIO;97;TRANSFERENCIAS ESPECIAIS DE RECURSOS DA UNIAO - RECURSOS RECEBIDOS ATE 2023;20703,0;0,0;20703,0;20703,0;0,0;0,0;0;0,0;0,0;20454,56
9390036;1255302 000496/2025;1823;2025-11-25;JOVIC COMERCIAL E SERVICOS LTDA;15.464.751/0001-36;4;DESPESAS DE CAPITAL;4;INVESTIMENTOS;52;EQUIPAMENTOS E MATERIAL PERMANENTE;90;APLICACOES DIRETAS;20;EQUIPAMENTOS DE SEGURANCA ELETRONICA;97;TRANSFERENCIAS ESPECIAIS DE RECURSOS DA UNIAO - RECURSOS RECEBIDOS ATE 2023;30980,0;0,0;30980,0;30980,0;0,0;0,0;0;0,0;0,0;30980,0
9390036;1255302 000512/2025;1545;2025-10-22;SICA INOX PRODUTOS METALURGICOS LTDA;24.139.904/0001-60;4;DESPESAS DE CAPITAL;4;INVESTIMENTOS;52;EQUIPAMENTOS E MATERIAL PERMANENTE;90;APLICACOES DIRETAS;9;EQUIPAMENTOS HOSPITALARES, ODONTOLOGICOS E DE LABORATORIO;97;TRANSFERENCIAS ESPECIAIS DE RECURSOS DA UNIAO - RECURSOS RECEBIDOS ATE 2023;39920,0;0,0;39920,0;39920,0;0,0;0,0;0;0,0;0,0;39920,0
9390036;1255302 000566/2025;1825;2025-11-25;ARCADIA COMERCIO E SERVICO LTDA;57.651.596/0001-07;4;DESPESAS DE CAPITAL;4;INVESTIMENTOS;52;EQUIPAMENTOS E MATERIAL PERMANENTE;90;APLICACOES DIRETAS;12;MAQUINAS, APARELHOS, UTENSILIOS E EQUIPAMENTOS  USO ADMINISTRATIVO;97;TRANSFERENCIAS ESPECIAIS DE RECURSOS DA UNIAO - RECURSOS RECEBIDOS ATE 2023;19900,0;0,0;19900,0;19900,0;0,0;0,0;0;0,0;0,0;19900,0
9390036;1255302 000642/2025;1824;2025-11-25;SOMAR ELETROFERRAGENS LTDA;18.132.510/0001-88;4;DESPESAS DE CAPITAL;4;INVESTIMENTOS;52;EQUIPAMENTOS E MATERIAL PERMANENTE;90;APLICACOES DIRETAS;25;APARELHOS E UTENSILIOS DOMESTICOS;97;TRANSFERENCIAS ESPECIAIS DE RECURSOS DA UNIAO - RECURSOS RECEBIDOS ATE 2023;0,0;1493,4;0,0;0,0;0,0;0,0;0;0,0;1493,4;0,0
9390036;1255302 000665/2025;1973;2025-12-15;SABINO EMPREENDIMENTOS LTDA;52.042.924/0001-54;4;DESPESAS DE CAPITAL;4;INVESTIMENTOS;52;EQUIPAMENTOS E MATERIAL PERMANENTE;90;APLICACOES DIRETAS;14;MOBILIARIO;97;TRANSFERENCIAS ESPECIAIS DE RECURSOS DA UNIAO - RECURSOS RECEBIDOS ATE 2023;1002,24;0,0;1002,24;1002,24;0,0;0,0;0;0,0;0,0;1002,24
9390036;1255302 000680/2025;2016;2025-12-22;DUTRA E SILVA DISTRIBUIDORA LTDA;43.197.048/0001-44;3;DESPESAS CORRENTES;3;OUTRAS DESPESAS CORRENTES;30;MATERIAL DE CONSUMO;90;APLICACOES DIRETAS;7;MATERIAL DE ENSINO;97;TRANSFERENCIAS ESPECIAIS DE RECURSOS DA UNIAO - RECURSOS RECEBIDOS ATE 2023;2185,85;0,0;2185,85;2185,85;0,0;0,0;0;0,0;0,0;2185,85
9390036;1255302 000680/2025;2017;2025-12-22;PALADIR LTDA;46.418.740/0001-43;3;DESPESAS CORRENTES;3;OUTRAS DESPESAS CORRENTES;30;MATERIAL DE CONSUMO;90;APLICACOES DIRETAS;7;MATERIAL DE ENSINO;97;TRANSFERENCIAS ESPECIAIS DE RECURSOS DA UNIAO - RECURSOS RECEBIDOS ATE 2023;1802,5;0,0;1802,5;1802,5;0,0;0,0;0;0,0;0,0;1802,5
9390036;1255302 000680/2025;2018;2025-12-22;PALADIR LTDA;46.418.740/0001-43;3;DESPESAS CORRENTES;3;OUTRAS DESPESAS CORRENTES;30;MATERIAL DE CONSUMO;90;APLICACOES DIRETAS;6;MATERIAL DE DESENHO;97;TRANSFERENCIAS ESPECIAIS DE RECURSOS DA UNIAO - RECURSOS RECEBIDOS ATE 2023;888,0;0,0;888,0;888,0;0,0;0,0;0;0,0;0,0;888,0
9390036;1255302 000680/2025;2019;2025-12-22;INDUSTRIA E COMERCIO COLCHOES ORTHOVIDA LTDA;07.628.070/0001-38;3;DESPESAS CORRENTES;3;OUTRAS DESPESAS CORRENTES;30;MATERIAL DE CONSUMO;90;APLICACOES DIRETAS;2;ARTIGOS PARA ESPORTE;97;TRANSFERENCIAS ESPECIAIS DE RECURSOS DA UNIAO - RECURSOS RECEBIDOS ATE 2023;960,96;0,0;960,96;960,96;0,0;0,0;0;0,0;0,0;949,43
9390036;1255302 000682/2025;2082;2025-12-29;60.779.168 LEILA ALVES SIMOES;60.779.168/0001-79;4;DESPESAS DE CAPITAL;4;INVESTIMENTOS;52;EQUIPAMENTOS E MATERIAL PERMANENTE;90;APLICACOES DIRETAS;25;APARELHOS E UTENSILIOS DOMESTICOS;97;TRANSFERENCIAS ESPECIAIS DE RECURSOS DA UNIAO - RECURSOS RECEBIDOS ATE 2023;1690,0;0,0;1690,0;1690,0;0,0;0,0;0;0,0;0,0;1690,0
9390036;1255302 000701/2025;2093;2025-12-30;MHEDICA SERVICE COMERCIO E MANUTENCAO LTDA;08.245.855/0001-94;4;DESPESAS DE CAPITAL;4;INVESTIMENTOS;52;EQUIPAMENTOS E MATERIAL PERMANENTE;90;APLICACOES DIRETAS;9;EQUIPAMENTOS HOSPITALARES, ODONTOLOGICOS E DE LABORATORIO;97;TRANSFERENCIAS ESPECIAIS DE RECURSOS DA UNIAO - RECURSOS RECEBIDOS ATE 2023;317140,0;0,0;317140,0;317140,0;0,0;0,0;0;0,0;0,0;313334,32
9390036;1255302 000711/2025;2086;2025-12-30;MEDI-SAUDE PRODUTOS MEDICOS HOSPITALARES LTDA;02.563.570/0001-15;4;DESPESAS DE CAPITAL;4;INVESTIMENTOS;52;EQUIPAMENTOS E MATERIAL PERMANENTE;90;APLICACOES DIRETAS;14;MOBILIARIO;97;TRANSFERENCIAS ESPECIAIS DE RECURSOS DA UNIAO - RECURSOS RECEBIDOS ATE 2023;14000,0;0,0;14000,0;14000,0;0,0;0,0;0;0,0;0,0;13832,0
9390036;1255302 000711/2025;2087;2025-12-30;HORSE MOVEIS HOSPITALARES LTDA;23.291.398/0001-68;4;DESPESAS DE CAPITAL;4;INVESTIMENTOS;52;EQUIPAMENTOS E MATERIAL PERMANENTE;90;APLICACOES DIRETAS;14;MOBILIARIO;97;TRANSFERENCIAS ESPECIAIS DE RECURSOS DA UNIAO - RECURSOS RECEBIDOS ATE 2023;7870,0;0,0;7870,0;7870,0;0,0;0,0;0;0,0;0,0;7870,0
9390036;1255302 000711/2025;2088;2025-12-30;DESTAK DISTRIBUIDORA DE PRODUTOS E EQUIPAMENTOS HOSPITALARES LTDA;35.797.639/0001-24;4;DESPESAS DE CAPITAL;4;INVESTIMENTOS;52;EQUIPAMENTOS E MATERIAL PERMANENTE;90;APLICACOES DIRETAS;14;MOBILIARIO;97;TRANSFERENCIAS ESPECIAIS DE RECURSOS DA UNIAO - RECURSOS RECEBIDOS ATE 2023;7760,0;0,0;7760,0;7760,0;0,0;0,0;0;0,0;0,0;7760,0
9390036;1255302 000711/2025;2089;2025-12-30;CIRURGICA SAO FELIPE PRODUTOS PARA SAUDE LTDA;07.626.776/0001-60;4;DESPESAS DE CAPITAL;4;INVESTIMENTOS;52;EQUIPAMENTOS E MATERIAL PERMANENTE;90;APLICACOES DIRETAS;9;EQUIPAMENTOS HOSPITALARES, ODONTOLOGICOS E DE LABORATORIO;97;TRANSFERENCIAS ESPECIAIS DE RECURSOS DA UNIAO - RECURSOS RECEBIDOS ATE 2023;63200,0;0,0;63200,0;63200,0;0,0;0,0;0;0,0;0,0;62441,6
9390036;1255302 000711/2025;2090;2025-12-30;ANDES COMERCIAL LTDA;10.242.040/0001-01;4;DESPESAS DE CAPITAL;4;INVESTIMENTOS;52;EQUIPAMENTOS E MATERIAL PERMANENTE;90;APLICACOES DIRETAS;9;EQUIPAMENTOS HOSPITALARES, ODONTOLOGICOS E DE LABORATORIO;97;TRANSFERENCIAS ESPECIAIS DE RECURSOS DA UNIAO - RECURSOS RECEBIDOS ATE 2023;34790,0;0,0;34790,0;34790,0;0,0;0,0;0;0,0;0,0;34372,52
9390036;1255302 000711/2025;2105;2025-12-30;BHP PRODUTOS MEDICO HOSPITALARES LTDA;09.502.960/0001-24;4;DESPESAS DE CAPITAL;4;INVESTIMENTOS;52;EQUIPAMENTOS E MATERIAL PERMANENTE;90;APLICACOES DIRETAS;14;MOBILIARIO;97;TRANSFERENCIAS ESPECIAIS DE RECURSOS DA UNIAO - RECURSOS RECEBIDOS ATE 2023;32500,0;0,0;32500,0;32500,0;0,0;0,0;0;0,0;0,0;32500,0
9390036;1255302 000726/2025;2101;2025-12-30;FUJITECH EQUIPAMENTOS MEDICOS LTDA;03.606.427/0001-26;4;DESPESAS DE CAPITAL;4;INVESTIMENTOS;52;EQUIPAMENTOS E MATERIAL PERMANENTE;90;APLICACOES DIRETAS;9;EQUIPAMENTOS HOSPITALARES, ODONTOLOGICOS E DE LABORATORIO;97;TRANSFERENCIAS ESPECIAIS DE RECURSOS DA UNIAO - RECURSOS RECEBIDOS ATE 2023;187998,0;0,0;187998,0;187998,0;0,0;0,0;0;0,0;0,0;185742,02
9390036;1255302 000727/2025;2104;2025-12-30;DETTO MOBILIARIO CORPORATIVO LTDA;23.044.715/0002-22;4;DESPESAS DE CAPITAL;4;INVESTIMENTOS;52;EQUIPAMENTOS E MATERIAL PERMANENTE;90;APLICACOES DIRETAS;14;MOBILIARIO;97;TRANSFERENCIAS ESPECIAIS DE RECURSOS DA UNIAO - RECURSOS RECEBIDOS ATE 2023;10728,2;0,0;10728,2;10728,2;0,0;0,0;0;0,0;0,0;10599,46
9390036;1259759 000020/2025;404;2025-11-13;DRAGON PRO LTDA;50.423.853/0001-04;4;DESPESAS DE CAPITAL;4;INVESTIMENTOS;52;EQUIPAMENTOS E MATERIAL PERMANENTE;90;APLICACOES DIRETAS;13;MATERIAL ESPORTIVO E RECREATIVO;97;TRANSFERENCIAS ESPECIAIS DE RECURSOS DA UNIAO - RECURSOS RECEBIDOS ATE 2023;41999,91;0,0;41999,91;41999,91;0,0;0,0;0;0,0;0,0;41999,9
9390036;1259965 000021/2024;830;2024-06-24;THEON SENSORS SINGEL S.A.;99.999.990/1151-66;4;DESPESAS DE CAPITAL;4;INVESTIMENTOS;52;EQUIPAMENTOS E MATERIAL PERMANENTE;90;APLICACOES DIRETAS;3;ARMAMENTO E EQUIPAMENTO DE USO POLICIAL;97;TRANSFERENCIAS ESPECIAIS DE RECURSOS DA UNIAO - RECURSOS RECEBIDOS ATE 2023;261854,56;21377,93;261854,56;261854,56;21377,93;0,0;0;0,0;0,0;240476,63
9390037;1401068 000030/2023;45;2023-11-24;R FIGUEIRO PEREIRA & CIA LTDA;09.241.070/0001-06;4;DESPESAS DE CAPITAL;4;INVESTIMENTOS;52;EQUIPAMENTOS E MATERIAL PERMANENTE;90;APLICACOES DIRETAS;12;MAQUINAS, APARELHOS, UTENSILIOS E EQUIPAMENTOS  USO ADMINISTRATIVO;97;TRANSFERENCIAS ESPECIAIS DE RECURSOS DA UNIAO;23500,0;0,0;23500,0;23500,0;0,0;0,0;0;0,0;0,0;23218,0
9390037;1401068 000046/2023;76;2023-12-27;VS MOVEIS CORPORATIVOS LTDA;48.221.728/0001-70;4;DESPESAS DE CAPITAL;4;INVESTIMENTOS;52;EQUIPAMENTOS E MATERIAL PERMANENTE;90;APLICACOES DIRETAS;14;MOBILIARIO;97;TRANSFERENCIAS ESPECIAIS DE RECURSOS DA UNIAO;11477,28;0,0;131398,38;11477,28;0,0;119921,1;0;0,0;0,0;11477,28
9390037;1401068 000049/2024;143;2024-11-26;ERA DISTRIBUIDORA LTDA;49.569.592/0001-56;4;DESPESAS DE CAPITAL;4;INVESTIMENTOS;52;EQUIPAMENTOS E MATERIAL PERMANENTE;90;APLICACOES DIRETAS;10;FERRAMENTAS, EQUIP. E INSTRUMENTOS P/ OFICINA, MEDICAO E INSPECAO;97;TRANSFERENCIAS ESPECIAIS DE RECURSOS DA UNIAO - RECURSOS RECEBIDOS ATE 2023;1944,0;0,0;1944,0;1944,0;0,0;0,0;0;0,0;0,0;1944,0
9390037;1401104 000055/2023;319;2023-12-01;HPE AUTOMOTORES DO BRASIL LTDA;54.305.743/0011-70;4;DESPESAS DE CAPITAL;4;INVESTIMENTOS;52;EQUIPAMENTOS E MATERIAL PERMANENTE;90;APLICACOES DIRETAS;17;VEICULOS;97;TRANSFERENCIAS ESPECIAIS DE RECURSOS DA UNIAO;269990,0;0,0;269990,0;269990,0;0,0;0,0;0;0,0;0,0;266750,12
9390037;1401104 000107/2023;275;2023-11-23;COMERCIAL CEDRO EIRELI;10.732.150/0001-43;4;DESPESAS DE CAPITAL;4;INVESTIMENTOS;52;EQUIPAMENTOS E MATERIAL PERMANENTE;90;APLICACOES DIRETAS;4;MAQUINAS, APARELHOS, UTENSILIOS E EQUIPAMENTOS DE USO INDUSTRIAL;97;TRANSFERENCIAS ESPECIAIS DE RECURSOS DA UNIAO;6632,76;0,0;6632,76;6632,76;0,0;0,0;0;0,0;0,0;6632,76
9390037;1401104 000107/2023;315;2023-12-01;D E M - MAQUINAS, IMPLEMENTOS E SERVICOS LTDA;27.209.293/0001-78;4;DESPESAS DE CAPITAL;4;INVESTIMENTOS;52;EQUIPAMENTOS E MATERIAL PERMANENTE;90;APLICACOES DIRETAS;10;FERRAMENTAS, EQUIP. E INSTRUMENTOS P/ OFICINA, MEDICAO E INSPECAO;97;TRANSFERENCIAS ESPECIAIS DE RECURSOS DA UNIAO;3221,5;0,0;3221,5;3221,5;0,0;0,0;0;0,0;0,0;3221,5
9390037;1401104 000107/2023;316;2023-12-01;GUARANY INDUSTRIA E COMERCIO LTDA;61.089.835/0001-54;4;DESPESAS DE CAPITAL;4;INVESTIMENTOS;52;EQUIPAMENTOS E MATERIAL PERMANENTE;90;APLICACOES DIRETAS;26;EQUIPAMENTOS DE PROTECAO, SEGURANCA E SOCORRO;97;TRANSFERENCIAS ESPECIAIS DE RECURSOS DA UNIAO;40870,0;0,0;40870,0;40870,0;0,0;0,0;0;0,0;0,0;40379,56
9390037;1401104 000107/2023;317;2023-12-01;COMERCIAL CEDRO EIRELI;10.732.150/0001-43;4;DESPESAS DE CAPITAL;4;INVESTIMENTOS;52;EQUIPAMENTOS E MATERIAL PERMANENTE;90;APLICACOES DIRETAS;10;FERRAMENTAS, EQUIP. E INSTRUMENTOS P/ OFICINA, MEDICAO E INSPECAO;97;TRANSFERENCIAS ESPECIAIS DE RECURSOS DA UNIAO;79800,0;0,0;79800,0;79800,0;0,0;0,0;0;0,0;0,0;79800,0
9390037;1401152 000007/2024;32;2024-06-25;GRUPO MULTILASER S.A.;59.717.553/0006-17;4;DESPESAS DE CAPITAL;4;INVESTIMENTOS;52;EQUIPAMENTOS E MATERIAL PERMANENTE;90;APLICACOES DIRETAS;7;EQUIPAMENTOS DE INFORMATICA;97;TRANSFERENCIAS ESPECIAIS DE RECURSOS DA UNIAO - RECURSOS RECEBIDOS ATE 2023;3390,0;0,0;3390,0;3390,0;0,0;0,0;0;0,0;0,0;3349,32
9390042;1401408 000042/2024;2256;2024-12-12;MATHEUS THIAGO LOCH DE LIMA;10.015.793/0001-76;4;DESPESAS DE CAPITAL;4;INVESTIMENTOS;52;EQUIPAMENTOS E MATERIAL PERMANENTE;90;APLICACOES DIRETAS;5;EMBARCACOES, PONTOES, DIQUES, FLUTUANTES E COMP. ESTRUTURAIS;97;TRANSFERENCIAS ESPECIAIS DE RECURSOS DA UNIAO - RECURSOS RECEBIDOS ATE 2023;35000,0;0,0;35000,0;35000,0;0,0;0,0;0;0,0;0,0;35000,0
9390042;1401408 000043/2024;2255;2024-12-12;RESGATECNICA COMERCIO DE EQUIPAMENTOS DE RESGATE LTDA;15.453.449/0001-82;4;DESPESAS DE CAPITAL;4;INVESTIMENTOS;52;EQUIPAMENTOS E MATERIAL PERMANENTE;90;APLICACOES DIRETAS;4;MAQUINAS, APARELHOS, UTENSILIOS E EQUIPAMENTOS DE USO INDUSTRIAL;97;TRANSFERENCIAS ESPECIAIS DE RECURSOS DA UNIAO - RECURSOS RECEBIDOS ATE 2023;27000,0;0,0;27000,0;27000,0;0,0;0,0;0;0,0;0,0;26676,0
9390044;1511189 000183/2024;79;2024-08-08;ACHEI INDUSTRIA DE MOVEIS LTDA;08.221.047/0001-97;4;DESPESAS DE CAPITAL;4;INVESTIMENTOS;52;EQUIPAMENTOS E MATERIAL PERMANENTE;90;APLICACOES DIRETAS;14;MOBILIARIO;97;TRANSFERENCIAS ESPECIAIS DE RECURSOS DA UNIAO - RECURSOS RECEBIDOS ATE 2023;933,0;0,0;933,0;933,0;0,0;0,0;0;0,0;0,0;921,8
9390044;1511189 000186/2024;137;2024-10-31;KADOSHI COMERCIO E REPRESENTACOES LTDA;14.193.613/0001-05;4;DESPESAS DE CAPITAL;4;INVESTIMENTOS;52;EQUIPAMENTOS E MATERIAL PERMANENTE;90;APLICACOES DIRETAS;14;MOBILIARIO;97;TRANSFERENCIAS ESPECIAIS DE RECURSOS DA UNIAO - RECURSOS RECEBIDOS ATE 2023;17138,0;0,0;17138,0;17138,0;0,0;0,0;0;0,0;0,0;16932,34
9390044;1511189 000299/2024;161;2024-11-14;AMETTAL INDUSTRIA E COMERCIO DE MOVEIS LTDA;37.059.533/0001-59;4;DESPESAS DE CAPITAL;4;INVESTIMENTOS;52;EQUIPAMENTOS E MATERIAL PERMANENTE;90;APLICACOES DIRETAS;14;MOBILIARIO;97;TRANSFERENCIAS ESPECIAIS DE RECURSOS DA UNIAO - RECURSOS RECEBIDOS ATE 2023;5580,0;0,0;5580,0;5580,0;0,0;0,0;0;0,0;0,0;5580,0
9390044;1511189 000299/2024;162;2024-11-14;CLASSIC COMERCIO LTDA - ME;19.349.607/0001-00;4;DESPESAS DE CAPITAL;4;INVESTIMENTOS;52;EQUIPAMENTOS E MATERIAL PERMANENTE;90;APLICACOES DIRETAS;14;MOBILIARIO;97;TRANSFERENCIAS ESPECIAIS DE RECURSOS DA UNIAO - RECURSOS RECEBIDOS ATE 2023;0,0;8820,0;0,0;0,0;0,0;0,0;0;0,0;8714,16;0,0
9390044;1511189 000299/2024;164;2024-11-14;W3 INDUSTRIAS REUNIDAS S/A;81.114.803/0001-79;4;DESPESAS DE CAPITAL;4;INVESTIMENTOS;52;EQUIPAMENTOS E MATERIAL PERMANENTE;90;APLICACOES DIRETAS;14;MOBILIARIO;97;TRANSFERENCIAS ESPECIAIS DE RECURSOS DA UNIAO - RECURSOS RECEBIDOS ATE 2023;3943,78;0,0;3943,78;3943,78;0,0;0,0;0;0,0;0,0;3896,45
9390044;1511189 000305/2024;150;2024-11-14;TECIDOS E ARMARINHOS MIGUEL BARTOLOMEU S/A;17.359.233/0001-88;4;DESPESAS DE CAPITAL;4;INVESTIMENTOS;52;EQUIPAMENTOS E MATERIAL PERMANENTE;90;APLICACOES DIRETAS;12;MAQUINAS, APARELHOS, UTENSILIOS E EQUIPAMENTOS  USO ADMINISTRATIVO;97;TRANSFERENCIAS ESPECIAIS DE RECURSOS DA UNIAO - RECURSOS RECEBIDOS ATE 2023;736,0;0,0;736,0;736,0;0,0;0,0;0;0,0;0,0;727,17
9390044;1511189 000305/2024;151;2024-11-14;KADOSHI COMERCIO E REPRESENTACOES LTDA;14.193.613/0001-05;4;DESPESAS DE CAPITAL;4;INVESTIMENTOS;52;EQUIPAMENTOS E MATERIAL PERMANENTE;90;APLICACOES DIRETAS;14;MOBILIARIO;97;TRANSFERENCIAS ESPECIAIS DE RECURSOS DA UNIAO - RECURSOS RECEBIDOS ATE 2023;12345,2;0,0;12345,2;12345,2;0,0;0,0;0;0,0;0,0;12197,06
9390044;1511189 000305/2024;153;2024-11-14;TECIDOS E ARMARINHOS MIGUEL BARTOLOMEU S/A;17.359.233/0001-88;4;DESPESAS DE CAPITAL;4;INVESTIMENTOS;52;EQUIPAMENTOS E MATERIAL PERMANENTE;90;APLICACOES DIRETAS;25;APARELHOS E UTENSILIOS DOMESTICOS;97;TRANSFERENCIAS ESPECIAIS DE RECURSOS DA UNIAO - RECURSOS RECEBIDOS ATE 2023;1075,6;0,0;1075,6;1075,6;0,0;0,0;0;0,0;0,0;1062,69
9390044;1511189 000311/2024;230;2024-12-19;MICROTECNICA INFORMATICA LTDA;01.590.728/0002-64;4;DESPESAS DE CAPITAL;4;INVESTIMENTOS;52;EQUIPAMENTOS E MATERIAL PERMANENTE;90;APLICACOES DIRETAS;25;APARELHOS E UTENSILIOS DOMESTICOS;97;TRANSFERENCIAS ESPECIAIS DE RECURSOS DA UNIAO - RECURSOS RECEBIDOS ATE 2023;6402,71;0,0;6402,71;6402,71;0,0;0,0;0;0,0;0,0;6325,87
9390047;1401460 000068/2023;563;2023-12-28;RYCIM CONSTRUCOES LTDA;40.760.030/0001-10;4;DESPESAS DE CAPITAL;4;INVESTIMENTOS;51;OBRAS E INSTALACOES;90;APLICACOES DIRETAS;3;EXECUCAO DE OBRAS POR CONTRATO DE BENS PATRIMONIAVEIS;97;TRANSFERENCIAS ESPECIAIS DE RECURSOS DA UNIAO;458683,95;0,0;459770,88;458683,95;0,0;0,0;0;0,0;0,0;441876,96
9390047;1401460 000068/2023;1182;2024-12-17;RYCIM CONSTRUCOES LTDA;40.760.030/0001-10;4;DESPESAS DE CAPITAL;4;INVESTIMENTOS;51;OBRAS E INSTALACOES;90;APLICACOES DIRETAS;3;EXECUCAO DE OBRAS POR CONTRATO DE BENS PATRIMONIAVEIS;97;TRANSFERENCIAS ESPECIAIS DE RECURSOS DA UNIAO - RECURSOS RECEBIDOS ATE 2023;4919,56;0,0;4919,56;4919,56;0,0;0,0;0;0,0;0,0;4673,58
9390583;0000000 000000/0000;4141;2023-09-27;ASSOCIACAO DE PAIS E AMIGOS DOS EXCEPCIONAIS DE MURIAE;18.990.499/0001-97;3;DESPESAS CORRENTES;3;OUTRAS DESPESAS CORRENTES;41;CONTRIBUICOES;50;TRANSFERENCIAS A INSTITUICOES PRIVADAS SEM FINS LUCRATIVOS;1;CONTRIBUICOES;62;TRANSFERENCIAS DA UNIAO VINCULADAS A SAUDE - BLOCO MANUTENCAO - EMENDAS INDIVIDUAIS;0,0;293257,0;0,0;0,0;0,0;0,0;0;0,0;293257,0;0,0
9390583;0000000 000000/0000;4819;2023-10-10;HOSPITAL DE NOSSA SENHORA DA CONCEICAO DE RIO CASCA;24.163.453/0001-05;3;DESPESAS CORRENTES;3;OUTRAS DESPESAS CORRENTES;41;CONTRIBUICOES;50;TRANSFERENCIAS A INSTITUICOES PRIVADAS SEM FINS LUCRATIVOS;1;CONTRIBUICOES;62;TRANSFERENCIAS DA UNIAO VINCULADAS A SAUDE - BLOCO MANUTENCAO - EMENDAS INDIVIDUAIS;0,0;0,0;900000,0;0,0;0,0;0,0;0;0,0;0,0;0,0
9394425;1511189 000197/2024;2;2025-02-06;MRENERGY RAONI ALDERETE LTDA;39.603.847/0001-04;4;DESPESAS DE CAPITAL;4;INVESTIMENTOS;51;OBRAS E INSTALACOES;90;APLICACOES DIRETAS;7;EXECUCAO DE OBRAS POR CONTRATO DE BENS NAO PATRIMONIAVEIS;97;TRANSFERENCIAS ESPECIAIS DE RECURSOS DA UNIAO - RECURSOS RECEBIDOS ATE 2023;59105,69;0,0;59105,69;59105,69;0,0;0,0;0;0,0;0,0;59105,69
9396374;2301520 000007/2024;318;2024-11-22;HORIZONTE CONSTRUTORA LTDA;78.134.194/0001-05;4;DESPESAS DE CAPITAL;4;INVESTIMENTOS;51;OBRAS E INSTALACOES;90;APLICACOES DIRETAS;7;EXECUCAO DE OBRAS POR CONTRATO DE BENS NAO PATRIMONIAVEIS;10;RECURSOS ORDINARIOS - RECURSOS NAO VINCULADOS DE IMPOSTOS;416930,78;0,0;2583068,22;416930,78;0,0;1083069,22;0;0,0;0,0;411927,61
9396374;2301520 000007/2024;319;2024-11-25;HORIZONTE CONSTRUTORA LTDA;78.134.194/0001-05;4;DESPESAS DE CAPITAL;4;INVESTIMENTOS;51;OBRAS E INSTALACOES;90;APLICACOES DIRETAS;7;EXECUCAO DE OBRAS POR CONTRATO DE BENS NAO PATRIMONIAVEIS;97;TRANSFERENCIAS ESPECIAIS DE RECURSOS DA UNIAO - RECURSOS RECEBIDOS ATE 2023;67550,39;0,0;2932449,61;67550,39;0,0;1432449,61;0;0,0;0,0;66739,79
9396940;0000000 000000/0000;6598;2023-12-29;SOCIEDADE BENEFICENTE SAO CAMILO;60.975.737/0064-35;3;DESPESAS CORRENTES;3;OUTRAS DESPESAS CORRENTES;41;CONTRIBUICOES;50;TRANSFERENCIAS A INSTITUICOES PRIVADAS SEM FINS LUCRATIVOS;1;CONTRIBUICOES;62;TRANSFERENCIAS DA UNIAO VINCULADAS A SAUDE - BLOCO MANUTENCAO - EMENDAS INDIVIDUAIS;200000,0;0,0;200000,0;200000,0;0,0;0,0;0;0,0;0,0;200000,0
9397805;0000000 000000/0000;5961;2023-12-18;FUNDACAO ITAU DE ASSISTENCIA SOCIAL;24.031.080/0001-00;3;DESPESAS CORRENTES;3;OUTRAS DESPESAS CORRENTES;41;CONTRIBUICOES;50;TRANSFERENCIAS A INSTITUICOES PRIVADAS SEM FINS LUCRATIVOS;1;CONTRIBUICOES;63;TRANSFERENCIAS DA UNIAO VINCULADAS A SAUDE - BLOCO MANUTENCAO - EMENDAS DE BANCADA;70000,0;0,0;70000,0;70000,0;0,0;0,0;0;0,0;0,0;70000,0
9397805;0000000 000000/0000;5963;2023-12-18;ASSOCIACAO HOSPITAL BELIZARIO MIRANDA;21.073.234/0001-39;3;DESPESAS CORRENTES;3;OUTRAS DESPESAS CORRENTES;41;CONTRIBUICOES;50;TRANSFERENCIAS A INSTITUICOES PRIVADAS SEM FINS LUCRATIVOS;1;CONTRIBUICOES;63;TRANSFERENCIAS DA UNIAO VINCULADAS A SAUDE - BLOCO MANUTENCAO - EMENDAS DE BANCADA;100000,0;0,0;100000,0;100000,0;0,0;0,0;0;0,0;0,0;100000,0
9397805;0000000 000000/0000;5986;2023-12-18;SANTA CASA DE MISRICORDIA DE RIO PRETO;24.287.484/0001-60;3;DESPESAS CORRENTES;3;OUTRAS DESPESAS CORRENTES;41;CONTRIBUICOES;50;TRANSFERENCIAS A INSTITUICOES PRIVADAS SEM FINS LUCRATIVOS;1;CONTRIBUICOES;63;TRANSFERENCIAS DA UNIAO VINCULADAS A SAUDE - BLOCO MANUTENCAO - EMENDAS DE BANCADA;0,0;50861,0;0,0;0,0;0,0;0,0;0;0,0;50861,0;0,0
9397805;0000000 000000/0000;6093;2023-12-18;HOSPITAL SAO VICENTE DE PAULO DE CARBONITA;21.082.433/0001-03;3;DESPESAS CORRENTES;3;OUTRAS DESPESAS CORRENTES;41;CONTRIBUICOES;50;TRANSFERENCIAS A INSTITUICOES PRIVADAS SEM FINS LUCRATIVOS;1;CONTRIBUICOES;63;TRANSFERENCIAS DA UNIAO VINCULADAS A SAUDE - BLOCO MANUTENCAO - EMENDAS DE BANCADA;200000,0;0,0;200000,0;200000,0;0,0;0,0;0;0,0;0,0;200000,0
9397805;0000000 000000/0000;6102;2023-12-19;HOSPITAL SAO SALVADOR;16.607.509/0001-37;3;DESPESAS CORRENTES;3;OUTRAS DESPESAS CORRENTES;41;CONTRIBUICOES;50;TRANSFERENCIAS A INSTITUICOES PRIVADAS SEM FINS LUCRATIVOS;1;CONTRIBUICOES;63;TRANSFERENCIAS DA UNIAO VINCULADAS A SAUDE - BLOCO MANUTENCAO - EMENDAS DE BANCADA;0,0;0,0;600000,0;0,0;0,0;0,0;0;0,0;0,0;0,0
9397805;0000000 000000/0000;6103;2023-12-19;HOSPITAL SAO SALVADOR;16.607.509/0001-37;3;DESPESAS CORRENTES;3;OUTRAS DESPESAS CORRENTES;41;CONTRIBUICOES;50;TRANSFERENCIAS A INSTITUICOES PRIVADAS SEM FINS LUCRATIVOS;1;CONTRIBUICOES;63;TRANSFERENCIAS DA UNIAO VINCULADAS A SAUDE - BLOCO MANUTENCAO - EMENDAS DE BANCADA;0,0;0,0;600000,0;0,0;0,0;0,0;0;0,0;0,0;0,0
9397805;0000000 000000/0000;6584;2023-12-29;ASSOCIACAO DE PAIS E AMIGOS DOS EXCEPCIONAIS DE MURIAE;18.990.499/0001-97;3;DESPESAS CORRENTES;3;OUTRAS DESPESAS CORRENTES;41;CONTRIBUICOES;50;TRANSFERENCIAS A INSTITUICOES PRIVADAS SEM FINS LUCRATIVOS;1;CONTRIBUICOES;63;TRANSFERENCIAS DA UNIAO VINCULADAS A SAUDE - BLOCO MANUTENCAO - EMENDAS DE BANCADA;65467,0;0,0;65467,0;65467,0;0,0;0,0;0;0,0;0,0;65467,0
9397806;0000000 000000/0000;5277;2023-11-29;FUNDACAO ITAU DE ASSISTENCIA SOCIAL;24.031.080/0001-00;3;DESPESAS CORRENTES;3;OUTRAS DESPESAS CORRENTES;41;CONTRIBUICOES;50;TRANSFERENCIAS A INSTITUICOES PRIVADAS SEM FINS LUCRATIVOS;1;CONTRIBUICOES;62;TRANSFERENCIAS DA UNIAO VINCULADAS A SAUDE - BLOCO MANUTENCAO - EMENDAS INDIVIDUAIS;0,0;150000,0;0,0;0,0;0,0;0,0;0;0,0;150000,0;0,0
9398857;0000000 000000/0000;6018;2023-12-18;FUNDACAO MOEMENSE DE SAUDE;09.269.235/0001-58;3;DESPESAS CORRENTES;3;OUTRAS DESPESAS CORRENTES;41;CONTRIBUICOES;50;TRANSFERENCIAS A INSTITUICOES PRIVADAS SEM FINS LUCRATIVOS;1;CONTRIBUICOES;63;TRANSFERENCIAS DA UNIAO VINCULADAS A SAUDE - BLOCO MANUTENCAO - EMENDAS DE BANCADA;288573,0;0,0;288573,0;288573,0;0,0;0,0;0;0,0;0,0;288573,0
9398857;0000000 000000/0000;6022;2023-12-18;CEMAC - CENTRO MURIAEENSE DE APOIO A CIDADANIA;04.875.146/0001-31;3;DESPESAS CORRENTES;3;OUTRAS DESPESAS CORRENTES;41;CONTRIBUICOES;50;TRANSFERENCIAS A INSTITUICOES PRIVADAS SEM FINS LUCRATIVOS;1;CONTRIBUICOES;63;TRANSFERENCIAS DA UNIAO VINCULADAS A SAUDE - BLOCO MANUTENCAO - EMENDAS DE BANCADA;2200000,0;0,0;2200000,0;2200000,0;0,0;0,0;0;0,0;0,0;2200000,0
9398857;0000000 000000/0000;6026;2023-12-18;CEMAC - CENTRO MURIAEENSE DE APOIO A CIDADANIA;04.875.146/0001-31;3;DESPESAS CORRENTES;3;OUTRAS DESPESAS CORRENTES;41;CONTRIBUICOES;50;TRANSFERENCIAS A INSTITUICOES PRIVADAS SEM FINS LUCRATIVOS;1;CONTRIBUICOES;63;TRANSFERENCIAS DA UNIAO VINCULADAS A SAUDE - BLOCO MANUTENCAO - EMENDAS DE BANCADA;1404533,0;0,0;1404533,0;1404533,0;0,0;0,0;0;0,0;0,0;1404533,0
9398945;0000000 000000/0000;5421;2023-12-06;SANTA CASA DE MISERICORDIA CARMO DA MATA;20.919.452/0001-89;3;DESPESAS CORRENTES;3;OUTRAS DESPESAS CORRENTES;41;CONTRIBUICOES;50;TRANSFERENCIAS A INSTITUICOES PRIVADAS SEM FINS LUCRATIVOS;1;CONTRIBUICOES;62;TRANSFERENCIAS DA UNIAO VINCULADAS A SAUDE - BLOCO MANUTENCAO - EMENDAS INDIVIDUAIS;81596,0;0,0;81596,0;81596,0;0,0;0,0;0;0,0;0,0;81596,0
9398945;0000000 000000/0000;6540;2023-12-27;ASSOCIACAO DE PAIS E AMIGOS DOS EXCEPCIONAIS - APAE/UBA;17.759.168/0001-88;3;DESPESAS CORRENTES;3;OUTRAS DESPESAS CORRENTES;41;CONTRIBUICOES;50;TRANSFERENCIAS A INSTITUICOES PRIVADAS SEM FINS LUCRATIVOS;1;CONTRIBUICOES;62;TRANSFERENCIAS DA UNIAO VINCULADAS A SAUDE - BLOCO MANUTENCAO - EMENDAS INDIVIDUAIS;546500,0;0,0;546500,0;546500,0;0,0;0,0;0;0,0;0,0;546500,0
9398945;0000000 000000/0000;6541;2023-12-27;ASSOCIACAO DE PAIS E AMIGOS DOS EXCEPCIONAIS;17.417.569/0001-50;3;DESPESAS CORRENTES;3;OUTRAS DESPESAS CORRENTES;41;CONTRIBUICOES;50;TRANSFERENCIAS A INSTITUICOES PRIVADAS SEM FINS LUCRATIVOS;1;CONTRIBUICOES;62;TRANSFERENCIAS DA UNIAO VINCULADAS A SAUDE - BLOCO MANUTENCAO - EMENDAS INDIVIDUAIS;0,0;257640,0;0,0;0,0;0,0;0,0;0;0,0;257640,0;0,0
9398945;0000000 000000/0000;6542;2023-12-27;ASSOCIACAO DE PAIS E AMIGOS DOS EXCEPCIONAIS DE ALEM PARAIBA;17.707.274/0001-18;3;DESPESAS CORRENTES;3;OUTRAS DESPESAS CORRENTES;41;CONTRIBUICOES;50;TRANSFERENCIAS A INSTITUICOES PRIVADAS SEM FINS LUCRATIVOS;1;CONTRIBUICOES;62;TRANSFERENCIAS DA UNIAO VINCULADAS A SAUDE - BLOCO MANUTENCAO - EMENDAS INDIVIDUAIS;0,0;108313,0;0,0;0,0;0,0;0,0;0;0,0;108313,0;0,0
9398945;0000000 000000/0000;6543;2023-12-27;ASSOCIACAO DE PAIS E AMIGOS DOS EXCEPCIONAIS DE ALEM PARAIBA;17.707.274/0001-18;3;DESPESAS CORRENTES;3;OUTRAS DESPESAS CORRENTES;41;CONTRIBUICOES;50;TRANSFERENCIAS A INSTITUICOES PRIVADAS SEM FINS LUCRATIVOS;1;CONTRIBUICOES;62;TRANSFERENCIAS DA UNIAO VINCULADAS A SAUDE - BLOCO MANUTENCAO - EMENDAS INDIVIDUAIS;0,0;546507,0;0,0;0,0;0,0;0,0;0;0,0;546507,0;0,0
9400066;1511189 000291/2023;121;2024-07-04;GENERAL MOTORS DO BRASIL LTDA;59.275.792/0001-50;4;DESPESAS DE CAPITAL;4;INVESTIMENTOS;52;EQUIPAMENTOS E MATERIAL PERMANENTE;90;APLICACOES DIRETAS;17;VEICULOS;10;RECURSOS ORDINARIOS - RECURSOS NAO VINCULADOS DE IMPOSTOS;0,0;253106,0;0,0;0,0;0,0;0,0;0;0,0;501026,73;0,0
9400066;1511189 000291/2023;122;2024-07-04;GENERAL MOTORS DO BRASIL LTDA;59.275.792/0001-50;4;DESPESAS DE CAPITAL;4;INVESTIMENTOS;52;EQUIPAMENTOS E MATERIAL PERMANENTE;90;APLICACOES DIRETAS;17;VEICULOS;2;CONVENIOS COM A UNIAO E SUAS ENTIDADES - EMENDAS DE BANCADA;0,0;12276894,0;0,0;0,0;0,0;0,0;0;0,0;24258253,27;0,0
9400067;1451977 000050/2023;118;2024-06-28;RIO DOCE COMERCIO DE VEICULOS LTDA;13.426.763/0001-40;4;DESPESAS DE CAPITAL;4;INVESTIMENTOS;52;EQUIPAMENTOS E MATERIAL PERMANENTE;90;APLICACOES DIRETAS;17;VEICULOS;1;CONVENIOS COM A UNIAO E SUAS ENTIDADES - EMENDAS INDIVIDUAIS;0,0;190000,0;0,0;0,0;0,0;0,0;0;0,0;187720,0;0,0
9400067;1451977 000050/2023;128;2024-07-29;RIO DOCE COMERCIO DE VEICULOS LTDA;13.426.763/0001-40;4;DESPESAS DE CAPITAL;4;INVESTIMENTOS;52;EQUIPAMENTOS E MATERIAL PERMANENTE;90;APLICACOES DIRETAS;17;VEICULOS;1;CONVENIOS COM A UNIAO E SUAS ENTIDADES - EMENDAS INDIVIDUAIS;0,0;95000,0;0,0;0,0;0,0;0,0;0;0,0;93860,0;0,0
9400067;1511189 000048/2024;130;2024-12-13;LENOVO TECNOLOGIA (BRASIL) LIMITADA;07.275.920/0001-61;4;DESPESAS DE CAPITAL;4;INVESTIMENTOS;52;EQUIPAMENTOS E MATERIAL PERMANENTE;90;APLICACOES DIRETAS;7;EQUIPAMENTOS DE INFORMATICA;1;CONVENIOS COM A UNIAO E SUAS ENTIDADES - EMENDAS INDIVIDUAIS;23169,24;0,0;23169,24;23169,24;0,0;0,0;0;0,0;0,0;22891,21
9400067;1511189 000089/2024;3;2024-12-16;PRESTOBAT LTDA -EPP;65.313.538/0001-00;4;DESPESAS DE CAPITAL;4;INVESTIMENTOS;52;EQUIPAMENTOS E MATERIAL PERMANENTE;90;APLICACOES DIRETAS;8;EQUIPAMENTOS DE SOM, VIDEO, FOTOGRAFICO E CINEMATOGRAFICO;10;RECURSOS ORDINARIOS - RECURSOS NAO VINCULADOS DE IMPOSTOS;0,0;3059,7;0,0;0,0;0,0;0,0;0;0,0;3022,98;0,0
9400067;1511189 000089/2024;4;2024-12-16;PRESTOBAT LTDA -EPP;65.313.538/0001-00;4;DESPESAS DE CAPITAL;4;INVESTIMENTOS;52;EQUIPAMENTOS E MATERIAL PERMANENTE;90;APLICACOES DIRETAS;8;EQUIPAMENTOS DE SOM, VIDEO, FOTOGRAFICO E CINEMATOGRAFICO;1;CONVENIOS COM A UNIAO E SUAS ENTIDADES - EMENDAS INDIVIDUAIS;0,0;149925,3;0,0;0,0;0,0;0,0;0;0,0;148126,2;0,0
9400067;1511189 000170/2025;35;2025-12-23;DRIVE A INFORMATICA LTDA;00.677.870/0001-08;4;DESPESAS DE CAPITAL;4;INVESTIMENTOS;52;EQUIPAMENTOS E MATERIAL PERMANENTE;90;APLICACOES DIRETAS;7;EQUIPAMENTOS DE INFORMATICA;1;CONVENIOS COM A UNIAO E SUAS ENTIDADES - EMENDAS INDIVIDUAIS;0,0;0,0;111544,0;0,0;0,0;111544,0;0;0,0;0,0;0,0
9400067;1511189 000257/2024;131;2024-12-19;MICROTECNICA INFORMATICA LTDA;01.590.728/0009-30;4;DESPESAS DE CAPITAL;4;INVESTIMENTOS;52;EQUIPAMENTOS E MATERIAL PERMANENTE;90;APLICACOES DIRETAS;7;EQUIPAMENTOS DE INFORMATICA;1;CONVENIOS COM A UNIAO E SUAS ENTIDADES - EMENDAS INDIVIDUAIS;0,0;0,0;15305,42;0,0;0,0;15305,42;0;0,0;0,0;0,0
9401388;1401104 000117/2024;275;2024-08-21;MITREN - SISTEMAS E MONTAGENS VEICULARES S.A.;92.249.150/0001-51;4;DESPESAS DE CAPITAL;4;INVESTIMENTOS;52;EQUIPAMENTOS E MATERIAL PERMANENTE;90;APLICACOES DIRETAS;17;VEICULOS;10;RECURSOS ORDINARIOS - RECURSOS NAO VINCULADOS DE IMPOSTOS;514174,4;0,0;514174,4;514174,4;0,0;0,0;0;0,0;0,0;514174,4
9401388;1401104 000117/2024;293;2024-08-23;MITREN - SISTEMAS E MONTAGENS VEICULARES S.A.;92.249.150/0001-51;4;DESPESAS DE CAPITAL;4;INVESTIMENTOS;52;EQUIPAMENTOS E MATERIAL PERMANENTE;90;APLICACOES DIRETAS;17;VEICULOS;2;CONVENIOS COM A UNIAO E SUAS ENTIDADES - EMENDAS DE BANCADA;9990000,0;0,0;9990000,0;9990000,0;0,0;0,0;0;0,0;0,0;9870120,0
9401388;1401104 000117/2024;309;2024-09-03;MITREN - SISTEMAS E MONTAGENS VEICULARES S.A.;92.249.150/0001-51;4;DESPESAS DE CAPITAL;4;INVESTIMENTOS;52;EQUIPAMENTOS E MATERIAL PERMANENTE;90;APLICACOES DIRETAS;17;VEICULOS;2;CONVENIOS COM A UNIAO E SUAS ENTIDADES - EMENDAS DE BANCADA;1442955,6;0,0;1483825,6;1442955,6;0,0;40870,0;0;0,0;0,0;1418979,6
9402578;0000000 000000/0000;6534;2023-12-27;IRMANDADE DA SANTA CASA DE MISERICORDIA DE PASSOS;23.278.898/0001-60;3;DESPESAS CORRENTES;3;OUTRAS DESPESAS CORRENTES;41;CONTRIBUICOES;50;TRANSFERENCIAS A INSTITUICOES PRIVADAS SEM FINS LUCRATIVOS;1;CONTRIBUICOES;62;TRANSFERENCIAS DA UNIAO VINCULADAS A SAUDE - BLOCO MANUTENCAO - EMENDAS INDIVIDUAIS;261980,0;0,0;261980,0;261980,0;0,0;0,0;0;0,0;0,0;261980,0
9402578;0000000 000000/0000;6535;2023-12-27;ASSOCIACAO BENEFICENTE CATOLICA;25.335.803/0001-28;3;DESPESAS CORRENTES;3;OUTRAS DESPESAS CORRENTES;41;CONTRIBUICOES;50;TRANSFERENCIAS A INSTITUICOES PRIVADAS SEM FINS LUCRATIVOS;1;CONTRIBUICOES;62;TRANSFERENCIAS DA UNIAO VINCULADAS A SAUDE - BLOCO MANUTENCAO - EMENDAS INDIVIDUAIS;50000,0;0,0;50000,0;50000,0;0,0;0,0;0;0,0;0,0;50000,0
9402578;0000000 000000/0000;6536;2023-12-27;SANTA CASA DE MISERICORDIA DE UNIAO;20.059.028/0001-01;3;DESPESAS CORRENTES;3;OUTRAS DESPESAS CORRENTES;41;CONTRIBUICOES;50;TRANSFERENCIAS A INSTITUICOES PRIVADAS SEM FINS LUCRATIVOS;1;CONTRIBUICOES;62;TRANSFERENCIAS DA UNIAO VINCULADAS A SAUDE - BLOCO MANUTENCAO - EMENDAS INDIVIDUAIS;150000,0;0,0;150000,0;150000,0;0,0;0,0;0;0,0;0,0;150000,0
9402578;0000000 000000/0000;6537;2023-12-27;FUNDACAO SAO CARLOS;02.877.511/0001-11;3;DESPESAS CORRENTES;3;OUTRAS DESPESAS CORRENTES;41;CONTRIBUICOES;50;TRANSFERENCIAS A INSTITUICOES PRIVADAS SEM FINS LUCRATIVOS;1;CONTRIBUICOES;62;TRANSFERENCIAS DA UNIAO VINCULADAS A SAUDE - BLOCO MANUTENCAO - EMENDAS INDIVIDUAIS;150000,0;0,0;150000,0;150000,0;0,0;0,0;0;0,0;0,0;150000,0
9402578;0000000 000000/0000;6538;2023-12-27;ASSOCIACAO BENEFICENTE CATOLICA;25.335.803/0001-28;3;DESPESAS CORRENTES;3;OUTRAS DESPESAS CORRENTES;41;CONTRIBUICOES;50;TRANSFERENCIAS A INSTITUICOES PRIVADAS SEM FINS LUCRATIVOS;1;CONTRIBUICOES;62;TRANSFERENCIAS DA UNIAO VINCULADAS A SAUDE - BLOCO MANUTENCAO - EMENDAS INDIVIDUAIS;50000,0;0,0;50000,0;50000,0;0,0;0,0;0;0,0;0,0;50000,0
9402578;0000000 000000/0000;6585;2023-12-29;AASOCIACAO DE PAIS E AMIGOS DOS EXCEPCIONAIS DE LAGOA DA PRATA;20.897.203/0001-30;3;DESPESAS CORRENTES;3;OUTRAS DESPESAS CORRENTES;41;CONTRIBUICOES;50;TRANSFERENCIAS A INSTITUICOES PRIVADAS SEM FINS LUCRATIVOS;1;CONTRIBUICOES;62;TRANSFERENCIAS DA UNIAO VINCULADAS A SAUDE - BLOCO MANUTENCAO - EMENDAS INDIVIDUAIS;50000,0;0,0;50000,0;50000,0;0,0;0,0;0;0,0;0,0;50000,0
9402578;0000000 000000/0000;6587;2023-12-29;ASSOCIACAO DE PAIS E AMIGOS EXCEPCIONAIS DE MUTUM;02.998.992/0001-13;3;DESPESAS CORRENTES;3;OUTRAS DESPESAS CORRENTES;41;CONTRIBUICOES;50;TRANSFERENCIAS A INSTITUICOES PRIVADAS SEM FINS LUCRATIVOS;1;CONTRIBUICOES;62;TRANSFERENCIAS DA UNIAO VINCULADAS A SAUDE - BLOCO MANUTENCAO - EMENDAS INDIVIDUAIS;50000,0;0,0;50000,0;50000,0;0,0;0,0;0;0,0;0,0;50000,0
9404003;1250071 000111/2024;561;2024-12-20;TAIT COMUNICACOES BRASIL LTDA;67.116.715/0001-85;4;DESPESAS DE CAPITAL;4;INVESTIMENTOS;52;EQUIPAMENTOS E MATERIAL PERMANENTE;90;APLICACOES DIRETAS;6;EQUIPAMENTOS DE COMUNICACAO E TELEFONIA;2;CONVENIOS COM A UNIAO E SUAS ENTIDADES - EMENDAS DE BANCADA;1076250,0;0,0;1076250,0;1076250,0;0,0;0,0;0;0,0;0,0;1063335,0
9404003;1250072 000023/2024;142;2024-09-03;HANBAI COMERCIO DE MOTOS LTDA;15.082.489/0001-65;4;DESPESAS DE CAPITAL;4;INVESTIMENTOS;52;EQUIPAMENTOS E MATERIAL PERMANENTE;90;APLICACOES DIRETAS;17;VEICULOS;10;RECURSOS ORDINARIOS - RECURSOS NAO VINCULADOS DE IMPOSTOS;471510,0;0,0;471510,0;471510,0;0,0;0,0;0;0,0;0,0;465851,88
9404003;1250072 000023/2024;144;2024-09-03;HANBAI COMERCIO DE MOTOS LTDA;15.082.489/0001-65;4;DESPESAS DE CAPITAL;4;INVESTIMENTOS;52;EQUIPAMENTOS E MATERIAL PERMANENTE;90;APLICACOES DIRETAS;17;VEICULOS;2;CONVENIOS COM A UNIAO E SUAS ENTIDADES - EMENDAS DE BANCADA;3981640,0;0,0;3981640,0;3981640,0;0,0;0,0;0;0,0;0,0;3933860,32
9404003;1250072 000023/2024;146;2024-09-03;HANBAI COMERCIO DE MOTOS LTDA;15.082.489/0001-65;4;DESPESAS DE CAPITAL;4;INVESTIMENTOS;52;EQUIPAMENTOS E MATERIAL PERMANENTE;90;APLICACOES DIRETAS;17;VEICULOS;10;RECURSOS ORDINARIOS - RECURSOS NAO VINCULADOS DE IMPOSTOS;11033,33;0,0;11033,33;11033,33;0,0;0,0;0;0,0;0,0;11033,33
9404003;1250072 000023/2024;147;2024-09-03;HANBAI COMERCIO DE MOTOS LTDA;15.082.489/0001-65;4;DESPESAS DE CAPITAL;4;INVESTIMENTOS;52;EQUIPAMENTOS E MATERIAL PERMANENTE;90;APLICACOES DIRETAS;17;VEICULOS;2;CONVENIOS COM A UNIAO E SUAS ENTIDADES - EMENDAS DE BANCADA;41356,66;0,0;41356,66;41356,66;0,0;0,0;0;0,0;0,0;40727,98
9404005;1250072 000023/2024;290;2024-12-23;HANBAI COMERCIO DE MOTOS LTDA;15.082.489/0001-65;4;DESPESAS DE CAPITAL;4;INVESTIMENTOS;52;EQUIPAMENTOS E MATERIAL PERMANENTE;90;APLICACOES DIRETAS;17;VEICULOS;10;RECURSOS ORDINARIOS - RECURSOS NAO VINCULADOS DE IMPOSTOS;52390,0;0,0;52390,0;52390,0;0,0;0,0;0;0,0;0,0;51761,32
9404005;1250072 000023/2024;291;2024-12-23;HANBAI COMERCIO DE MOTOS LTDA;15.082.489/0001-65;4;DESPESAS DE CAPITAL;4;INVESTIMENTOS;52;EQUIPAMENTOS E MATERIAL PERMANENTE;90;APLICACOES DIRETAS;17;VEICULOS;10;RECURSOS ORDINARIOS - RECURSOS NAO VINCULADOS DE IMPOSTOS;4610,32;0,0;4610,32;4610,32;0,0;0,0;0;0,0;0,0;4610,32
9404005;1250072 000023/2024;292;2024-12-23;HANBAI COMERCIO DE MOTOS LTDA;15.082.489/0001-65;4;DESPESAS DE CAPITAL;4;INVESTIMENTOS;52;EQUIPAMENTOS E MATERIAL PERMANENTE;90;APLICACOES DIRETAS;17;VEICULOS;1;CONVENIOS COM A UNIAO E SUAS ENTIDADES - EMENDAS INDIVIDUAIS;47779,68;0,0;47779,68;47779,68;0,0;0,0;0;0,0;0,0;47151,0
9404005;1250072 000023/2024;293;2024-12-23;HANBAI COMERCIO DE MOTOS LTDA;15.082.489/0001-65;4;DESPESAS DE CAPITAL;4;INVESTIMENTOS;52;EQUIPAMENTOS E MATERIAL PERMANENTE;90;APLICACOES DIRETAS;17;VEICULOS;1;CONVENIOS COM A UNIAO E SUAS ENTIDADES - EMENDAS INDIVIDUAIS;943020,0;0,0;943020,0;943020,0;0,0;0,0;0;0,0;0,0;931703,76
9406388;0000000 000000/0000;458;2023-12-27;PM NOVA BELEM;01.613.169/0001-80;4;DESPESAS DE CAPITAL;4;INVESTIMENTOS;41;CONTRIBUICOES;40;TRANSFERENCIAS A MUNICIPIOS;1;CONTRIBUICOES;97;TRANSFERENCIAS ESPECIAIS DE RECURSOS DA UNIAO;0,0;1200000,0;0,0;0,0;0,0;0,0;0;0,0;1200000,0;0,0
9406393;0000000 000000/0000;465;2023-12-27;PM CAJURI;18.132.456/0001-70;4;DESPESAS DE CAPITAL;4;INVESTIMENTOS;41;CONTRIBUICOES;40;TRANSFERENCIAS A MUNICIPIOS;1;CONTRIBUICOES;97;TRANSFERENCIAS ESPECIAIS DE RECURSOS DA UNIAO;0,0;504215,84;0,0;0,0;0,0;0,0;0;0,0;504215,84;0,0
9406395;0000000 000000/0000;466;2023-12-27;PM SAO JOSE DA SAFIRA;18.409.235/0001-05;4;DESPESAS DE CAPITAL;4;INVESTIMENTOS;41;CONTRIBUICOES;40;TRANSFERENCIAS A MUNICIPIOS;1;CONTRIBUICOES;97;TRANSFERENCIAS ESPECIAIS DE RECURSOS DA UNIAO;0,0;1200000,0;0,0;0,0;0,0;0,0;0;0,0;1200000,0;0,0
9406399;0000000 000000/0000;464;2023-12-27;PM SERRA DOS AIMORES;18.398.966/0001-94;4;DESPESAS DE CAPITAL;4;INVESTIMENTOS;41;CONTRIBUICOES;40;TRANSFERENCIAS A MUNICIPIOS;1;CONTRIBUICOES;97;TRANSFERENCIAS ESPECIAIS DE RECURSOS DA UNIAO;0,0;547623,35;0,0;0,0;0,0;0,0;0;0,0;547623,35;0,0
9407910;1511189 000183/2024;70;2024-08-07;ACHEI INDUSTRIA DE MOVEIS LTDA;08.221.047/0001-97;4;DESPESAS DE CAPITAL;4;INVESTIMENTOS;52;EQUIPAMENTOS E MATERIAL PERMANENTE;90;APLICACOES DIRETAS;14;MOBILIARIO;97;TRANSFERENCIAS ESPECIAIS DE RECURSOS DA UNIAO - RECURSOS RECEBIDOS ATE 2023;410,0;0,0;410,0;410,0;0,0;0,0;0;0,0;0,0;405,08
9407910;1511189 000186/2024;138;2024-10-31;KADOSHI COMERCIO E REPRESENTACOES LTDA;14.193.613/0001-05;4;DESPESAS DE CAPITAL;4;INVESTIMENTOS;52;EQUIPAMENTOS E MATERIAL PERMANENTE;90;APLICACOES DIRETAS;14;MOBILIARIO;97;TRANSFERENCIAS ESPECIAIS DE RECURSOS DA UNIAO - RECURSOS RECEBIDOS ATE 2023;6968,0;0,0;6968,0;6968,0;0,0;0,0;0;0,0;0,0;6884,38
9407910;1511189 000224/2024;31;2024-10-29;TAURUS ARMAS S.A.;92.781.335/0001-02;4;DESPESAS DE CAPITAL;4;INVESTIMENTOS;52;EQUIPAMENTOS E MATERIAL PERMANENTE;90;APLICACOES DIRETAS;3;ARMAMENTO E EQUIPAMENTO DE USO POLICIAL;97;TRANSFERENCIAS ESPECIAIS DE RECURSOS DA UNIAO - RECURSOS RECEBIDOS ATE 2023;0,0;49091,4;0,0;0,0;0,0;0,0;0;0,0;48502,3;0,0
9407910;1511189 000299/2024;169;2024-11-14;LOGGERAIS, INDUSTRIA, COMERCIO E DISTRIBUIDORA LTDA - ME;09.368.381/0001-30;4;DESPESAS DE CAPITAL;4;INVESTIMENTOS;52;EQUIPAMENTOS E MATERIAL PERMANENTE;90;APLICACOES DIRETAS;14;MOBILIARIO;97;TRANSFERENCIAS ESPECIAIS DE RECURSOS DA UNIAO - RECURSOS RECEBIDOS ATE 2023;720,0;0,0;720,0;720,0;0,0;0,0;0;0,0;0,0;711,36
9407910;1511189 000299/2024;170;2024-11-14;AMETTAL INDUSTRIA E COMERCIO DE MOVEIS LTDA;37.059.533/0001-59;4;DESPESAS DE CAPITAL;4;INVESTIMENTOS;52;EQUIPAMENTOS E MATERIAL PERMANENTE;90;APLICACOES DIRETAS;14;MOBILIARIO;97;TRANSFERENCIAS ESPECIAIS DE RECURSOS DA UNIAO - RECURSOS RECEBIDOS ATE 2023;1395,0;0,0;1395,0;1395,0;0,0;0,0;0;0,0;0,0;1395,0
9407910;1511189 000301/2024;197;2024-11-26;TECIDOS E ARMARINHOS MIGUEL BARTOLOMEU S/A;17.359.233/0001-88;4;DESPESAS DE CAPITAL;4;INVESTIMENTOS;52;EQUIPAMENTOS E MATERIAL PERMANENTE;90;APLICACOES DIRETAS;25;APARELHOS E UTENSILIOS DOMESTICOS;97;TRANSFERENCIAS ESPECIAIS DE RECURSOS DA UNIAO - RECURSOS RECEBIDOS ATE 2023;160,0;0,0;160,0;160,0;0,0;0,0;0;0,0;0,0;158,08
9407910;1511189 000305/2024;158;2024-11-14;KADOSHI COMERCIO E REPRESENTACOES LTDA;14.193.613/0001-05;4;DESPESAS DE CAPITAL;4;INVESTIMENTOS;52;EQUIPAMENTOS E MATERIAL PERMANENTE;90;APLICACOES DIRETAS;14;MOBILIARIO;97;TRANSFERENCIAS ESPECIAIS DE RECURSOS DA UNIAO - RECURSOS RECEBIDOS ATE 2023;4404,0;0,0;4404,0;4404,0;0,0;0,0;0;0,0;0,0;4351,15
9407910;1511189 000307/2024;184;2024-11-19;TECIDOS E ARMARINHOS MIGUEL BARTOLOMEU S/A;17.359.233/0001-88;4;DESPESAS DE CAPITAL;4;INVESTIMENTOS;52;EQUIPAMENTOS E MATERIAL PERMANENTE;90;APLICACOES DIRETAS;25;APARELHOS E UTENSILIOS DOMESTICOS;97;TRANSFERENCIAS ESPECIAIS DE RECURSOS DA UNIAO - RECURSOS RECEBIDOS ATE 2023;140,0;0,0;140,0;140,0;0,0;0,0;0;0,0;0,0;138,32
9407910;1511189 000307/2024;185;2024-11-19;MICROTECNICA INFORMATICA LTDA;01.590.728/0009-30;4;DESPESAS DE CAPITAL;4;INVESTIMENTOS;52;EQUIPAMENTOS E MATERIAL PERMANENTE;90;APLICACOES DIRETAS;25;APARELHOS E UTENSILIOS DOMESTICOS;97;TRANSFERENCIAS ESPECIAIS DE RECURSOS DA UNIAO - RECURSOS RECEBIDOS ATE 2023;2193,38;0,0;2193,38;2193,38;0,0;0,0;0;0,0;0,0;2167,06
9407910;1511189 000311/2024;231;2024-12-19;MICROTECNICA INFORMATICA LTDA;01.590.728/0002-64;4;DESPESAS DE CAPITAL;4;INVESTIMENTOS;52;EQUIPAMENTOS E MATERIAL PERMANENTE;90;APLICACOES DIRETAS;25;APARELHOS E UTENSILIOS DOMESTICOS;97;TRANSFERENCIAS ESPECIAIS DE RECURSOS DA UNIAO - RECURSOS RECEBIDOS ATE 2023;2334,52;0,0;2334,52;2334,52;0,0;0,0;0;0,0;0,0;2306,51
9407911;1250072 000028/2024;138;2024-09-02;HANBAI COMERCIO DE MOTOS LTDA;15.082.489/0001-65;4;DESPESAS DE CAPITAL;4;INVESTIMENTOS;52;EQUIPAMENTOS E MATERIAL PERMANENTE;90;APLICACOES DIRETAS;17;VEICULOS;97;TRANSFERENCIAS ESPECIAIS DE RECURSOS DA UNIAO - RECURSOS RECEBIDOS ATE 2023;628680,0;0,0;628680,0;628680,0;0,0;0,0;0;0,0;0,0;621135,84
9407911;1250072 000028/2024;227;2024-10-31;HANBAI COMERCIO DE MOTOS LTDA;15.082.489/0001-65;4;DESPESAS DE CAPITAL;4;INVESTIMENTOS;52;EQUIPAMENTOS E MATERIAL PERMANENTE;90;APLICACOES DIRETAS;17;VEICULOS;97;TRANSFERENCIAS ESPECIAIS DE RECURSOS DA UNIAO - RECURSOS RECEBIDOS ATE 2023;104780,0;0,0;104780,0;104780,0;0,0;0,0;0;0,0;0,0;103522,64
9407911;1250084 000079/2024;135;2024-08-13;GLOCK AMERICA S.A.;99.999.990/1090-00;4;DESPESAS DE CAPITAL;4;INVESTIMENTOS;52;EQUIPAMENTOS E MATERIAL PERMANENTE;90;APLICACOES DIRETAS;3;ARMAMENTO E EQUIPAMENTO DE USO POLICIAL;97;TRANSFERENCIAS ESPECIAIS DE RECURSOS DA UNIAO - RECURSOS RECEBIDOS ATE 2023;0,0;201,83;0,0;0,0;0,0;0,0;0;0,0;0,0;0,0
9407911;1250084 000079/2024;136;2024-08-13;CESKA ZBROJOVKA A.S.;99.999.990/1101-05;4;DESPESAS DE CAPITAL;4;INVESTIMENTOS;52;EQUIPAMENTOS E MATERIAL PERMANENTE;90;APLICACOES DIRETAS;3;ARMAMENTO E EQUIPAMENTO DE USO POLICIAL;97;TRANSFERENCIAS ESPECIAIS DE RECURSOS DA UNIAO - RECURSOS RECEBIDOS ATE 2023;0,0;911,87;0,0;0,0;0,0;0,0;0;0,0;0,0;0,0
9407919;1401104 000128/2025;207;2025-12-30;COMERCIO DE MAQUINAS ERECHIM LTDA;32.709.219/0001-50;4;DESPESAS DE CAPITAL;4;INVESTIMENTOS;52;EQUIPAMENTOS E MATERIAL PERMANENTE;90;APLICACOES DIRETAS;4;MAQUINAS, APARELHOS, UTENSILIOS E EQUIPAMENTOS DE USO INDUSTRIAL;97;TRANSFERENCIAS ESPECIAIS DE RECURSOS DA UNIAO - RECURSOS RECEBIDOS ATE 2023;21640,0;0,0;21640,0;21640,0;0,0;0,0;0;0,0;0,0;21640,0
9407919;1401104 000128/2025;208;2025-12-30;TRIAMA NORTE TRATORES, IMPLEMENTOS AGRICOLAS E MAQUINAS LTDA;01.563.351/0001-73;4;DESPESAS DE CAPITAL;4;INVESTIMENTOS;52;EQUIPAMENTOS E MATERIAL PERMANENTE;90;APLICACOES DIRETAS;4;MAQUINAS, APARELHOS, UTENSILIOS E EQUIPAMENTOS DE USO INDUSTRIAL;97;TRANSFERENCIAS ESPECIAIS DE RECURSOS DA UNIAO - RECURSOS RECEBIDOS ATE 2023;68904,48;0,0;68904,48;68904,48;0,0;0,0;0;0,0;0,0;68077,63
9409727;1451044 000198/2024;514;2024-08-30;GLOCK AMERICA S.A.;99.999.990/1090-00;4;DESPESAS DE CAPITAL;4;INVESTIMENTOS;52;EQUIPAMENTOS E MATERIAL PERMANENTE;90;APLICACOES DIRETAS;3;ARMAMENTO E EQUIPAMENTO DE USO POLICIAL;1;CONVENIOS COM A UNIAO E SUAS ENTIDADES - EMENDAS INDIVIDUAIS;63689,04;0,0;63689,04;63689,04;0,0;0,0;0;0,0;0,0;63689,04
9409729;1451044 000310/2024;89;2025-02-04;HPE AUTOMOTORES DO BRASIL LTDA;54.305.743/0011-70;4;DESPESAS DE CAPITAL;4;INVESTIMENTOS;52;EQUIPAMENTOS E MATERIAL PERMANENTE;90;APLICACOES DIRETAS;17;VEICULOS;2;CONVENIOS COM A UNIAO E SUAS ENTIDADES - EMENDAS DE BANCADA;0,0;3663736,39;0,0;0,0;0,0;0,0;0;0,0;3619806,07;0,0
9409729;1451044 000310/2024;90;2025-02-04;HPE AUTOMOTORES DO BRASIL LTDA;54.305.743/0011-70;4;DESPESAS DE CAPITAL;4;INVESTIMENTOS;52;EQUIPAMENTOS E MATERIAL PERMANENTE;90;APLICACOES DIRETAS;17;VEICULOS;10;RECURSOS ORDINARIOS - RECURSOS NAO VINCULADOS DE IMPOSTOS;0,0;258613,61;0,0;0,0;0,0;0,0;0;0,0;255475,73;0,0
9409731;1451044 000310/2024;108;2025-02-05;HPE AUTOMOTORES DO BRASIL LTDA;54.305.743/0011-70;4;DESPESAS DE CAPITAL;4;INVESTIMENTOS;52;EQUIPAMENTOS E MATERIAL PERMANENTE;90;APLICACOES DIRETAS;17;VEICULOS;1;CONVENIOS COM A UNIAO E SUAS ENTIDADES - EMENDAS INDIVIDUAIS;0,0;254952,75;0,0;0,0;0,0;0,0;0;0,0;251814,87;0,0
9409731;1451044 000310/2024;109;2025-02-05;HPE AUTOMOTORES DO BRASIL LTDA;54.305.743/0011-70;4;DESPESAS DE CAPITAL;4;INVESTIMENTOS;52;EQUIPAMENTOS E MATERIAL PERMANENTE;90;APLICACOES DIRETAS;17;VEICULOS;10;RECURSOS ORDINARIOS - RECURSOS NAO VINCULADOS DE IMPOSTOS;0,0;6537,25;0,0;0,0;0,0;0,0;0;0,0;6537,25;0,0
9411184;1250071 000096/2024;236;2024-08-30;GRUPO MULTILASER S.A.;59.717.553/0006-17;4;DESPESAS DE CAPITAL;4;INVESTIMENTOS;52;EQUIPAMENTOS E MATERIAL PERMANENTE;90;APLICACOES DIRETAS;7;EQUIPAMENTOS DE INFORMATICA;97;TRANSFERENCIAS ESPECIAIS DE RECURSOS DA UNIAO - RECURSOS RECEBIDOS ATE 2023;12500,0;0,0;12500,0;12500,0;0,0;0,0;0;0,0;0,0;12350,0
9411184;1250071 000097/2024;238;2024-08-30;GRUPO MULTILASER S.A.;59.717.553/0006-17;4;DESPESAS DE CAPITAL;4;INVESTIMENTOS;52;EQUIPAMENTOS E MATERIAL PERMANENTE;90;APLICACOES DIRETAS;7;EQUIPAMENTOS DE INFORMATICA;97;TRANSFERENCIAS ESPECIAIS DE RECURSOS DA UNIAO - RECURSOS RECEBIDOS ATE 2023;3125,0;0,0;3125,0;3125,0;0,0;0,0;0;0,0;0,0;3087,5
9411184;1250071 000098/2024;237;2024-08-30;GRUPO MULTILASER S.A.;59.717.553/0006-17;4;DESPESAS DE CAPITAL;4;INVESTIMENTOS;52;EQUIPAMENTOS E MATERIAL PERMANENTE;90;APLICACOES DIRETAS;7;EQUIPAMENTOS DE INFORMATICA;97;TRANSFERENCIAS ESPECIAIS DE RECURSOS DA UNIAO - RECURSOS RECEBIDOS ATE 2023;3125,0;0,0;3125,0;3125,0;0,0;0,0;0;0,0;0,0;3087,5
9411184;1250071 000128/2024;243;2024-08-30;GRUPO MULTILASER S.A.;59.717.553/0006-17;4;DESPESAS DE CAPITAL;4;INVESTIMENTOS;52;EQUIPAMENTOS E MATERIAL PERMANENTE;90;APLICACOES DIRETAS;7;EQUIPAMENTOS DE INFORMATICA;97;TRANSFERENCIAS ESPECIAIS DE RECURSOS DA UNIAO - RECURSOS RECEBIDOS ATE 2023;6780,0;0,0;6780,0;6780,0;0,0;0,0;0;0,0;0,0;6698,64
9411184;1250071 000128/2024;244;2024-08-30;GRUPO MULTILASER S.A.;59.717.553/0006-17;4;DESPESAS DE CAPITAL;4;INVESTIMENTOS;52;EQUIPAMENTOS E MATERIAL PERMANENTE;90;APLICACOES DIRETAS;7;EQUIPAMENTOS DE INFORMATICA;97;TRANSFERENCIAS ESPECIAIS DE RECURSOS DA UNIAO - RECURSOS RECEBIDOS ATE 2023;0,0;6250,0;0,0;0,0;0,0;0,0;0;0,0;6175,0;0,0
9411184;1250071 000128/2024;247;2024-08-30;LIDER NOTEBOOKS COMERCIO E SERVICOS LTDA;12.477.490/0002-81;4;DESPESAS DE CAPITAL;4;INVESTIMENTOS;52;EQUIPAMENTOS E MATERIAL PERMANENTE;90;APLICACOES DIRETAS;7;EQUIPAMENTOS DE INFORMATICA;97;TRANSFERENCIAS ESPECIAIS DE RECURSOS DA UNIAO - RECURSOS RECEBIDOS ATE 2023;11721,0;0,0;11721,0;11721,0;0,0;0,0;0;0,0;0,0;11580,35
9411184;1250071 000131/2024;281;2024-09-17;MICROTECNICA INFORMATICA LTDA;01.590.728/0009-30;4;DESPESAS DE CAPITAL;4;INVESTIMENTOS;52;EQUIPAMENTOS E MATERIAL PERMANENTE;90;APLICACOES DIRETAS;20;EQUIPAMENTOS DE SEGURANCA ELETRONICA;97;TRANSFERENCIAS ESPECIAIS DE RECURSOS DA UNIAO - RECURSOS RECEBIDOS ATE 2023;2354,68;0,0;2354,68;2354,68;0,0;0,0;0;0,0;0,0;2326,42
9411184;1250071 000133/2024;252;2024-09-03;MICROTECNICA INFORMATICA LTDA;01.590.728/0009-30;4;DESPESAS DE CAPITAL;4;INVESTIMENTOS;52;EQUIPAMENTOS E MATERIAL PERMANENTE;90;APLICACOES DIRETAS;7;EQUIPAMENTOS DE INFORMATICA;97;TRANSFERENCIAS ESPECIAIS DE RECURSOS DA UNIAO - RECURSOS RECEBIDOS ATE 2023;0,0;958,14;0,0;0,0;0,0;0,0;0;0,0;946,64;0,0
9411184;1250071 000134/2024;253;2024-09-03;MICROTECNICA INFORMATICA LTDA;01.590.728/0009-30;4;DESPESAS DE CAPITAL;4;INVESTIMENTOS;52;EQUIPAMENTOS E MATERIAL PERMANENTE;90;APLICACOES DIRETAS;7;EQUIPAMENTOS DE INFORMATICA;97;TRANSFERENCIAS ESPECIAIS DE RECURSOS DA UNIAO - RECURSOS RECEBIDOS ATE 2023;2943,35;0,0;5886,7;2943,35;0,0;0,0;0;0,0;0,0;2908,03
9411184;1250071 000168/2024;357;2024-11-05;GRUPO MULTILASER S.A.;59.717.553/0006-17;4;DESPESAS DE CAPITAL;4;INVESTIMENTOS;52;EQUIPAMENTOS E MATERIAL PERMANENTE;90;APLICACOES DIRETAS;7;EQUIPAMENTOS DE INFORMATICA;97;TRANSFERENCIAS ESPECIAIS DE RECURSOS DA UNIAO - RECURSOS RECEBIDOS ATE 2023;0,0;9375,0;0,0;0,0;0,0;0,0;0;0,0;9262,5;0,0
9411184;1250071 000169/2024;328;2024-10-16;MICROTECNICA INFORMATICA LTDA;01.590.728/0009-30;4;DESPESAS DE CAPITAL;4;INVESTIMENTOS;52;EQUIPAMENTOS E MATERIAL PERMANENTE;90;APLICACOES DIRETAS;7;EQUIPAMENTOS DE INFORMATICA;97;TRANSFERENCIAS ESPECIAIS DE RECURSOS DA UNIAO - RECURSOS RECEBIDOS ATE 2023;319,38;0,0;319,38;319,38;0,0;0,0;0;0,0;0,0;315,55
9411184;1250071 000275/2024;573;2024-12-27;53.964.373 NATHALIA SOARES DE OLIVEIRA SANTOS SIMOES;53.964.373/0001-49;4;DESPESAS DE CAPITAL;4;INVESTIMENTOS;52;EQUIPAMENTOS E MATERIAL PERMANENTE;90;APLICACOES DIRETAS;7;EQUIPAMENTOS DE INFORMATICA;97;TRANSFERENCIAS ESPECIAIS DE RECURSOS DA UNIAO - RECURSOS RECEBIDOS ATE 2023;5700,0;0,0;5700,0;5700,0;0,0;0,0;0;0,0;0,0;5700,0
9411184;1250071 000290/2024;568;2024-12-26;REPREMIG REPRESENTACAO E COMERCIO DE MINAS GERAIS LTDA;65.149.197/0002-51;4;DESPESAS DE CAPITAL;4;INVESTIMENTOS;52;EQUIPAMENTOS E MATERIAL PERMANENTE;90;APLICACOES DIRETAS;7;EQUIPAMENTOS DE INFORMATICA;97;TRANSFERENCIAS ESPECIAIS DE RECURSOS DA UNIAO - RECURSOS RECEBIDOS ATE 2023;1088,0;0,0;1088,0;1088,0;0,0;0,0;0;0,0;0,0;1074,94
9411184;1250072 000029/2024;248;2024-11-12;HANBAI COMERCIO DE MOTOS LTDA;15.082.489/0001-65;4;DESPESAS DE CAPITAL;4;INVESTIMENTOS;52;EQUIPAMENTOS E MATERIAL PERMANENTE;90;APLICACOES DIRETAS;17;VEICULOS;97;TRANSFERENCIAS ESPECIAIS DE RECURSOS DA UNIAO - RECURSOS RECEBIDOS ATE 2023;109864,0;0,0;109864,0;109864,0;0,0;0,0;0;0,0;0,0;108545,64
9411184;1250072 000029/2024;249;2024-11-12;HANBAI COMERCIO DE MOTOS LTDA;15.082.489/0001-65;4;DESPESAS DE CAPITAL;4;INVESTIMENTOS;52;EQUIPAMENTOS E MATERIAL PERMANENTE;90;APLICACOES DIRETAS;17;VEICULOS;97;TRANSFERENCIAS ESPECIAIS DE RECURSOS DA UNIAO - RECURSOS RECEBIDOS ATE 2023;109864,0;0,0;109864,0;109864,0;0,0;0,0;0;0,0;0,0;108545,63
9411184;1250072 000029/2024;250;2024-11-12;HANBAI COMERCIO DE MOTOS LTDA;15.082.489/0001-65;4;DESPESAS DE CAPITAL;4;INVESTIMENTOS;52;EQUIPAMENTOS E MATERIAL PERMANENTE;90;APLICACOES DIRETAS;17;VEICULOS;97;TRANSFERENCIAS ESPECIAIS DE RECURSOS DA UNIAO - RECURSOS RECEBIDOS ATE 2023;219728,0;0,0;219728,0;219728,0;0,0;0,0;0;0,0;0,0;217091,26
9411184;1250072 000029/2024;254;2024-11-12;HANBAI COMERCIO DE MOTOS LTDA;15.082.489/0001-65;4;DESPESAS DE CAPITAL;4;INVESTIMENTOS;52;EQUIPAMENTOS E MATERIAL PERMANENTE;90;APLICACOES DIRETAS;17;VEICULOS;97;TRANSFERENCIAS ESPECIAIS DE RECURSOS DA UNIAO - RECURSOS RECEBIDOS ATE 2023;54932,0;0,0;54932,0;54932,0;0,0;0,0;0;0,0;0,0;54272,82
9411184;1250084 000107/2024;194;2024-10-02;ISRAEL WEAPON INDUSTRIES (I.W.I) LTD;99.999.990/1104-40;4;DESPESAS DE CAPITAL;4;INVESTIMENTOS;52;EQUIPAMENTOS E MATERIAL PERMANENTE;90;APLICACOES DIRETAS;3;ARMAMENTO E EQUIPAMENTO DE USO POLICIAL;97;TRANSFERENCIAS ESPECIAIS DE RECURSOS DA UNIAO - RECURSOS RECEBIDOS ATE 2023;0,0;184,93;0,0;0,0;0,0;0,0;0;0,0;0,0;0,0
9411184;1250084 000107/2024;195;2024-10-02;GLOCK AMERICA S.A.;99.999.990/1090-00;4;DESPESAS DE CAPITAL;4;INVESTIMENTOS;52;EQUIPAMENTOS E MATERIAL PERMANENTE;90;APLICACOES DIRETAS;3;ARMAMENTO E EQUIPAMENTO DE USO POLICIAL;97;TRANSFERENCIAS ESPECIAIS DE RECURSOS DA UNIAO - RECURSOS RECEBIDOS ATE 2023;0,0;321,11;0,0;0,0;0,0;0,0;0;0,0;0,0;0,0
9411184;1250084 000107/2024;196;2024-10-02;CESKA ZBROJOVKA A.S.;99.999.990/1101-05;4;DESPESAS DE CAPITAL;4;INVESTIMENTOS;52;EQUIPAMENTOS E MATERIAL PERMANENTE;90;APLICACOES DIRETAS;3;ARMAMENTO E EQUIPAMENTO DE USO POLICIAL;97;TRANSFERENCIAS ESPECIAIS DE RECURSOS DA UNIAO - RECURSOS RECEBIDOS ATE 2023;39613,6;0,0;41912,0;39613,6;0,0;2298,4;0;0,0;0,0;38667,2
9411184;1250084 000115/2024;404;2024-12-19;COMPANHIA BRASILEIRA DE CARTUCHOS;57.494.031/0010-54;4;DESPESAS DE CAPITAL;4;INVESTIMENTOS;52;EQUIPAMENTOS E MATERIAL PERMANENTE;90;APLICACOES DIRETAS;3;ARMAMENTO E EQUIPAMENTO DE USO POLICIAL;97;TRANSFERENCIAS ESPECIAIS DE RECURSOS DA UNIAO - RECURSOS RECEBIDOS ATE 2023;38766,6;0,0;38766,6;38766,6;0,0;0,0;0;0,0;0,0;38301,4
9411184;1250084 000135/2024;307;2024-11-26;GLAGIO DO BRASIL PROTECAO BALISTICA LTDA;66.260.415/0001-02;3;DESPESAS CORRENTES;3;OUTRAS DESPESAS CORRENTES;30;MATERIAL DE CONSUMO;90;APLICACOES DIRETAS;25;MATERIAL DE SEGURANCA, APETRECHOS OPERACIONAIS E POLICIAIS;97;TRANSFERENCIAS ESPECIAIS DE RECURSOS DA UNIAO - RECURSOS RECEBIDOS ATE 2023;31335,0;0,0;31335,0;31335,0;0,0;0,0;0;0,0;0,0;30958,98
9411184;1250084 000144/2024;350;2024-11-29;MAQNETE COMERCIO E SERVICOS LTDA -ME;18.152.404/0001-66;3;DESPESAS CORRENTES;3;OUTRAS DESPESAS CORRENTES;30;MATERIAL DE CONSUMO;90;APLICACOES DIRETAS;25;MATERIAL DE SEGURANCA, APETRECHOS OPERACIONAIS E POLICIAIS;97;TRANSFERENCIAS ESPECIAIS DE RECURSOS DA UNIAO - RECURSOS RECEBIDOS ATE 2023;8092,5;0,0;8092,5;8092,5;0,0;0,0;0;0,0;0,0;7995,39
9411184;1250084 000146/2024;326;2024-11-29;M. TOZZI VESTUARIOS LTDA;19.879.447/0001-00;3;DESPESAS CORRENTES;3;OUTRAS DESPESAS CORRENTES;30;MATERIAL DE CONSUMO;90;APLICACOES DIRETAS;25;MATERIAL DE SEGURANCA, APETRECHOS OPERACIONAIS E POLICIAIS;97;TRANSFERENCIAS ESPECIAIS DE RECURSOS DA UNIAO - RECURSOS RECEBIDOS ATE 2023;1912,35;0,0;1912,35;1912,35;0,0;0,0;0;0,0;0,0;1912,35
9411184;1250084 000146/2024;383;2024-12-06;M. TOZZI VESTUARIOS LTDA;19.879.447/0001-00;3;DESPESAS CORRENTES;3;OUTRAS DESPESAS CORRENTES;30;MATERIAL DE CONSUMO;90;APLICACOES DIRETAS;25;MATERIAL DE SEGURANCA, APETRECHOS OPERACIONAIS E POLICIAIS;97;TRANSFERENCIAS ESPECIAIS DE RECURSOS DA UNIAO - RECURSOS RECEBIDOS ATE 2023;2318,0;0,0;2318,0;2318,0;0,0;0,0;0;0,0;0,0;2318,0
9411184;1250084 000147/2024;346;2024-11-29;M. TOZZI VESTUARIOS LTDA;19.879.447/0001-00;3;DESPESAS CORRENTES;3;OUTRAS DESPESAS CORRENTES;30;MATERIAL DE CONSUMO;90;APLICACOES DIRETAS;25;MATERIAL DE SEGURANCA, APETRECHOS OPERACIONAIS E POLICIAIS;97;TRANSFERENCIAS ESPECIAIS DE RECURSOS DA UNIAO - RECURSOS RECEBIDOS ATE 2023;3005,45;0,0;3005,45;3005,45;0,0;0,0;0;0,0;0,0;3005,45
9411184;1250084 000147/2024;351;2024-11-29;MAQNETE COMERCIO E SERVICOS LTDA -ME;18.152.404/0001-66;3;DESPESAS CORRENTES;3;OUTRAS DESPESAS CORRENTES;30;MATERIAL DE CONSUMO;90;APLICACOES DIRETAS;25;MATERIAL DE SEGURANCA, APETRECHOS OPERACIONAIS E POLICIAIS;97;TRANSFERENCIAS ESPECIAIS DE RECURSOS DA UNIAO - RECURSOS RECEBIDOS ATE 2023;0,0;3332,0;0,0;0,0;0,0;0,0;0;0,0;3292,02;0,0
9411184;1250084 000178/2024;401;2024-12-19;INBRA-TECNOLOGIA E DEFESA INDUSTRIA E COMERCIO LTDA.;26.836.227/0001-65;4;DESPESAS DE CAPITAL;4;INVESTIMENTOS;52;EQUIPAMENTOS E MATERIAL PERMANENTE;90;APLICACOES DIRETAS;3;ARMAMENTO E EQUIPAMENTO DE USO POLICIAL;97;TRANSFERENCIAS ESPECIAIS DE RECURSOS DA UNIAO - RECURSOS RECEBIDOS ATE 2023;27600,0;0,0;27600,0;27600,0;0,0;0,0;0;0,0;0,0;27268,8
9411184;1250084 000182/2024;406;2024-12-20;MEPROLIGHT LTD;99.999.990/1112-50;4;DESPESAS DE CAPITAL;4;INVESTIMENTOS;52;EQUIPAMENTOS E MATERIAL PERMANENTE;90;APLICACOES DIRETAS;3;ARMAMENTO E EQUIPAMENTO DE USO POLICIAL;97;TRANSFERENCIAS ESPECIAIS DE RECURSOS DA UNIAO - RECURSOS RECEBIDOS ATE 2023;11513,0;0,0;12307,0;11513,0;0,0;794,0;0;0,0;0,0;11354,2
9411184;1250165 000021/2024;176;2024-11-08;MAXIMUS ESPORTES COMERCIO LTDA;08.738.035/0001-34;4;DESPESAS DE CAPITAL;4;INVESTIMENTOS;52;EQUIPAMENTOS E MATERIAL PERMANENTE;90;APLICACOES DIRETAS;13;MATERIAL ESPORTIVO E RECREATIVO;97;TRANSFERENCIAS ESPECIAIS DE RECURSOS DA UNIAO - RECURSOS RECEBIDOS ATE 2023;54306,0;0,0;54306,0;54306,0;0,0;0,0;0;0,0;0,0;54306,0
9411184;1250165 000021/2024;177;2024-11-08;MAXIMUS ESPORTES COMERCIO LTDA;08.738.035/0001-34;4;DESPESAS DE CAPITAL;4;INVESTIMENTOS;52;EQUIPAMENTOS E MATERIAL PERMANENTE;90;APLICACOES DIRETAS;13;MATERIAL ESPORTIVO E RECREATIVO;97;TRANSFERENCIAS ESPECIAIS DE RECURSOS DA UNIAO - RECURSOS RECEBIDOS ATE 2023;117690,0;0,0;117690,0;117690,0;0,0;0,0;0;0,0;0,0;117690,0
9411184;1255125 000066/2025;1263;2025-12-22;SABINO EMPREENDIMENTOS LTDA;52.042.924/0001-54;4;DESPESAS DE CAPITAL;4;INVESTIMENTOS;52;EQUIPAMENTOS E MATERIAL PERMANENTE;90;APLICACOES DIRETAS;8;EQUIPAMENTOS DE SOM, VIDEO, FOTOGRAFICO E CINEMATOGRAFICO;97;TRANSFERENCIAS ESPECIAIS DE RECURSOS DA UNIAO - RECURSOS RECEBIDOS ATE 2023;3799,99;0,0;3799,99;3799,99;0,0;0,0;0;0,0;0,0;3799,99
9411184;1257654 000032/2024;3983;2024-10-31;UFFICIO INDUSTRIA E COMERCIO DE MOVEIS LTDA;04.443.182/0001-26;4;DESPESAS DE CAPITAL;4;INVESTIMENTOS;52;EQUIPAMENTOS E MATERIAL PERMANENTE;90;APLICACOES DIRETAS;14;MOBILIARIO;97;TRANSFERENCIAS ESPECIAIS DE RECURSOS DA UNIAO - RECURSOS RECEBIDOS ATE 2023;848,84;15551,16;848,84;848,84;0,0;0,0;0;0,0;15364,55;838,65
9411184;1259965 000051/2024;818;2025-09-04;BERKANA DEFENSE & SECURITY, LLC.;17.386.569/0001-30;4;DESPESAS DE CAPITAL;4;INVESTIMENTOS;52;EQUIPAMENTOS E MATERIAL PERMANENTE;90;APLICACOES DIRETAS;6;EQUIPAMENTOS DE COMUNICACAO E TELEFONIA;97;TRANSFERENCIAS ESPECIAIS DE RECURSOS DA UNIAO - RECURSOS RECEBIDOS ATE 2023;0,0;0,0;16037,5;0,0;0,0;16037,5;0;0,0;0,0;0,0
9411184;1259965 000071/2024;1529;2024-12-10;CNB CONSTRUCOES E SERVICOS LTDA -EPP;12.832.710/0001-67;3;DESPESAS CORRENTES;3;OUTRAS DESPESAS CORRENTES;39;OUTROS SERVICOS DE TERCEIROS - PESSOA JURIDICA;90;APLICACOES DIRETAS;22;REPAROS DE BENS IMOVEIS;97;TRANSFERENCIAS ESPECIAIS DE RECURSOS DA UNIAO - RECURSOS RECEBIDOS ATE 2023;0,0;0,0;95200,0;0,0;0,0;95200,0;0;0,0;0,0;0,0
9411184;1259966 000076/2024;1090;2024-12-19;DISTRIBUIDORA PERES & ARAUJO LTDA - ME;21.641.059/0001-39;4;DESPESAS DE CAPITAL;4;INVESTIMENTOS;52;EQUIPAMENTOS E MATERIAL PERMANENTE;90;APLICACOES DIRETAS;25;APARELHOS E UTENSILIOS DOMESTICOS;97;TRANSFERENCIAS ESPECIAIS DE RECURSOS DA UNIAO - RECURSOS RECEBIDOS ATE 2023;6387,0;0,0;6387,0;6387,0;0,0;0,0;0;0,0;0,0;6310,36
9411184;1259966 000083/2024;1103;2024-12-26;NUCLEO EPI, SALVAMENTO E OUTROS LTDA;51.411.904/0001-40;4;DESPESAS DE CAPITAL;4;INVESTIMENTOS;52;EQUIPAMENTOS E MATERIAL PERMANENTE;90;APLICACOES DIRETAS;13;MATERIAL ESPORTIVO E RECREATIVO;97;TRANSFERENCIAS ESPECIAIS DE RECURSOS DA UNIAO - RECURSOS RECEBIDOS ATE 2023;2945,12;0,0;2945,12;2945,12;0,0;0,0;0;0,0;0,0;2945,12
9411184;1259966 000083/2024;1104;2024-12-27;CENTURY COMERCIAL LTDA;02.885.591/0001-57;4;DESPESAS DE CAPITAL;4;INVESTIMENTOS;52;EQUIPAMENTOS E MATERIAL PERMANENTE;90;APLICACOES DIRETAS;13;MATERIAL ESPORTIVO E RECREATIVO;97;TRANSFERENCIAS ESPECIAIS DE RECURSOS DA UNIAO - RECURSOS RECEBIDOS ATE 2023;59556,31;0,0;59556,31;59556,31;0,0;0,0;0;0,0;0,0;59556,31
9411184;1259968 000012/2024;2785;2024-09-13;MTV.NET INFORMATICA E ELETRONICA LTDA;08.164.723/0001-38;3;DESPESAS CORRENTES;3;OUTRAS DESPESAS CORRENTES;30;MATERIAL DE CONSUMO;90;APLICACOES DIRETAS;16;MATERIAL DE INFORMATICA;97;TRANSFERENCIAS ESPECIAIS DE RECURSOS DA UNIAO - RECURSOS RECEBIDOS ATE 2023;1418,98;0,0;1418,98;1418,98;0,0;0,0;0;0,0;0,0;1418,98
9411184;1259968 000012/2024;2991;2024-09-30;MTV.NET INFORMATICA E ELETRONICA LTDA;08.164.723/0001-38;3;DESPESAS CORRENTES;3;OUTRAS DESPESAS CORRENTES;30;MATERIAL DE CONSUMO;90;APLICACOES DIRETAS;16;MATERIAL DE INFORMATICA;97;TRANSFERENCIAS ESPECIAIS DE RECURSOS DA UNIAO - RECURSOS RECEBIDOS ATE 2023;1599,98;0,0;1599,98;1599,98;0,0;0,0;0;0,0;0,0;1599,98
9411184;1259968 000012/2024;3335;2024-10-23;GOMAP COMERCIO DE MOVEIS E EQUIPAMENTOS LTDA;44.384.524/0001-07;4;DESPESAS DE CAPITAL;4;INVESTIMENTOS;52;EQUIPAMENTOS E MATERIAL PERMANENTE;90;APLICACOES DIRETAS;14;MOBILIARIO;97;TRANSFERENCIAS ESPECIAIS DE RECURSOS DA UNIAO - RECURSOS RECEBIDOS ATE 2023;616,48;0,0;616,48;616,48;0,0;0,0;0;0,0;0,0;616,48
9411184;1259968 000012/2024;3336;2024-10-23;GOMAP COMERCIO DE MOVEIS E EQUIPAMENTOS LTDA;44.384.524/0001-07;4;DESPESAS DE CAPITAL;4;INVESTIMENTOS;52;EQUIPAMENTOS E MATERIAL PERMANENTE;90;APLICACOES DIRETAS;14;MOBILIARIO;97;TRANSFERENCIAS ESPECIAIS DE RECURSOS DA UNIAO - RECURSOS RECEBIDOS ATE 2023;2436,44;0,0;2436,44;2436,44;0,0;0,0;0;0,0;0,0;2436,44
9411184;1259968 000012/2024;3338;2024-10-23;GOMAP COMERCIO DE MOVEIS E EQUIPAMENTOS LTDA;44.384.524/0001-07;4;DESPESAS DE CAPITAL;4;INVESTIMENTOS;52;EQUIPAMENTOS E MATERIAL PERMANENTE;90;APLICACOES DIRETAS;14;MOBILIARIO;97;TRANSFERENCIAS ESPECIAIS DE RECURSOS DA UNIAO - RECURSOS RECEBIDOS ATE 2023;2387,89;0,0;2387,89;2387,89;0,0;0,0;0;0,0;0,0;2387,89
9411184;1259968 000024/2024;2658;2024-09-09;SAMUEL PADOVAM;05.808.628/0001-31;4;DESPESAS DE CAPITAL;4;INVESTIMENTOS;52;EQUIPAMENTOS E MATERIAL PERMANENTE;90;APLICACOES DIRETAS;25;APARELHOS E UTENSILIOS DOMESTICOS;97;TRANSFERENCIAS ESPECIAIS DE RECURSOS DA UNIAO - RECURSOS RECEBIDOS ATE 2023;2482,24;0,0;2482,24;2482,24;0,0;0,0;0;0,0;0,0;2482,24
9411184;1259968 000030/2024;3260;2024-10-18;JULIANY LACERDA PRATES LTDA;46.051.350/0001-88;4;DESPESAS DE CAPITAL;4;INVESTIMENTOS;52;EQUIPAMENTOS E MATERIAL PERMANENTE;90;APLICACOES DIRETAS;25;APARELHOS E UTENSILIOS DOMESTICOS;97;TRANSFERENCIAS ESPECIAIS DE RECURSOS DA UNIAO - RECURSOS RECEBIDOS ATE 2023;0,0;5733,32;0,0;0,0;0,0;0,0;0;0,0;5733,32;0,0
9411184;1259968 000031/2024;3259;2024-10-18;MICROTECNICA INFORMATICA LTDA;01.590.728/0009-30;4;DESPESAS DE CAPITAL;4;INVESTIMENTOS;52;EQUIPAMENTOS E MATERIAL PERMANENTE;90;APLICACOES DIRETAS;7;EQUIPAMENTOS DE INFORMATICA;97;TRANSFERENCIAS ESPECIAIS DE RECURSOS DA UNIAO - RECURSOS RECEBIDOS ATE 2023;0,0;0,0;588,67;0,0;0,0;588,67;0;0,0;0,0;0,0
9411184;1259970 000052/2024;2598;2024-11-14;NK DISTRIBUICAO LTDA;55.543.562/0001-73;4;DESPESAS DE CAPITAL;4;INVESTIMENTOS;52;EQUIPAMENTOS E MATERIAL PERMANENTE;90;APLICACOES DIRETAS;4;MAQUINAS, APARELHOS, UTENSILIOS E EQUIPAMENTOS DE USO INDUSTRIAL;97;TRANSFERENCIAS ESPECIAIS DE RECURSOS DA UNIAO - RECURSOS RECEBIDOS ATE 2023;0,0;639,99;0,0;0,0;0,0;0,0;0;0,0;639,99;0,0
9411184;1259970 000053/2024;2908;2024-11-27;AGENES S.DA SILVA SUPRIMENTOS DE INFORMATICA LTDA;19.561.435/0001-33;4;DESPESAS DE CAPITAL;4;INVESTIMENTOS;52;EQUIPAMENTOS E MATERIAL PERMANENTE;90;APLICACOES DIRETAS;8;EQUIPAMENTOS DE SOM, VIDEO, FOTOGRAFICO E CINEMATOGRAFICO;97;TRANSFERENCIAS ESPECIAIS DE RECURSOS DA UNIAO - RECURSOS RECEBIDOS ATE 2023;0,0;19414,76;0,0;0,0;0,0;0,0;0;0,0;19414,76;0,0
9411184;1259970 000054/2024;2882;2024-11-25;HEDER COSTA DA SILVA & CIA LTDA -ME;07.301.838/0001-64;4;DESPESAS DE CAPITAL;4;INVESTIMENTOS;52;EQUIPAMENTOS E MATERIAL PERMANENTE;90;APLICACOES DIRETAS;8;EQUIPAMENTOS DE SOM, VIDEO, FOTOGRAFICO E CINEMATOGRAFICO;97;TRANSFERENCIAS ESPECIAIS DE RECURSOS DA UNIAO - RECURSOS RECEBIDOS ATE 2023;3899,99;0,0;3899,99;3899,99;0,0;0,0;0;0,0;0,0;3899,99
9411184;1259970 000054/2024;3070;2024-11-27;LIMA E LIMA COMERCIO E LICITACOES LTDA;53.483.081/0001-94;4;DESPESAS DE CAPITAL;4;INVESTIMENTOS;52;EQUIPAMENTOS E MATERIAL PERMANENTE;90;APLICACOES DIRETAS;14;MOBILIARIO;97;TRANSFERENCIAS ESPECIAIS DE RECURSOS DA UNIAO - RECURSOS RECEBIDOS ATE 2023;9582,67;0,0;9582,67;9582,67;0,0;0,0;0;0,0;0,0;9582,67
9411184;1259970 000066/2024;3297;2024-12-09;46.214.983 SARA COELHO LOPES DE ARAUJO;46.214.983/0001-60;4;DESPESAS DE CAPITAL;4;INVESTIMENTOS;52;EQUIPAMENTOS E MATERIAL PERMANENTE;90;APLICACOES DIRETAS;25;APARELHOS E UTENSILIOS DOMESTICOS;97;TRANSFERENCIAS ESPECIAIS DE RECURSOS DA UNIAO - RECURSOS RECEBIDOS ATE 2023;5400,0;0,0;5400,0;5400,0;0,0;0,0;0;0,0;0,0;5400,0
9411220;1451044 000029/2024;278;2024-04-12;MICROTECNICA INFORMATICA LTDA;01.590.728/0008-50;4;DESPESAS DE CAPITAL;4;INVESTIMENTOS;52;EQUIPAMENTOS E MATERIAL PERMANENTE;90;APLICACOES DIRETAS;8;EQUIPAMENTOS DE SOM, VIDEO, FOTOGRAFICO E CINEMATOGRAFICO;97;TRANSFERENCIAS ESPECIAIS DE RECURSOS DA UNIAO - RECURSOS RECEBIDOS ATE 2023;0,0;2793,0;0,0;0,0;0,0;0,0;0;0,0;2759,48;0,0
9411220;1451044 000029/2024;280;2024-04-12;MICROTECNICA INFORMATICA LTDA;01.590.728/0008-50;4;DESPESAS DE CAPITAL;4;INVESTIMENTOS;52;EQUIPAMENTOS E MATERIAL PERMANENTE;90;APLICACOES DIRETAS;25;APARELHOS E UTENSILIOS DOMESTICOS;97;TRANSFERENCIAS ESPECIAIS DE RECURSOS DA UNIAO - RECURSOS RECEBIDOS ATE 2023;2193,38;0,0;2193,38;2193,38;0,0;0,0;0;0,0;0,0;2167,06
9440827;1231021 000101/2025;615;2025-12-30;BC AGRO COMERCIO LTDA;29.220.447/0001-58;3;DESPESAS CORRENTES;3;OUTRAS DESPESAS CORRENTES;32;MATERIAL, BEM OU SERVICO PARA DISTRIBUICAO GRATUITA;90;APLICACOES DIRETAS;1;MATERIAL DE DISTRIBUICAO GRATUITA;1;CONVENIOS COM A UNIAO E SUAS ENTIDADES - EMENDAS INDIVIDUAIS;0,0;0,0;95739,0;0,0;0,0;95739,0;0;0,0;0,0;0,0
9440827;1231021 000101/2025;616;2025-12-30;FORTLEV INDUSTRIA E COMERCIO DE PLASTICOS LTDA;10.921.911/0005-39;3;DESPESAS CORRENTES;3;OUTRAS DESPESAS CORRENTES;32;MATERIAL, BEM OU SERVICO PARA DISTRIBUICAO GRATUITA;90;APLICACOES DIRETAS;1;MATERIAL DE DISTRIBUICAO GRATUITA;1;CONVENIOS COM A UNIAO E SUAS ENTIDADES - EMENDAS INDIVIDUAIS;67919,36;0,0;67919,36;67919,36;0,0;0,0;0;0,0;0,0;67104,33
9440827;1231021 000101/2025;625;2025-12-30;FORTLEV INDUSTRIA E COMERCIO DE PLASTICOS LTDA;10.921.911/0005-39;3;DESPESAS CORRENTES;3;OUTRAS DESPESAS CORRENTES;32;MATERIAL, BEM OU SERVICO PARA DISTRIBUICAO GRATUITA;90;APLICACOES DIRETAS;1;MATERIAL DE DISTRIBUICAO GRATUITA;10;RECURSOS ORDINARIOS - RECURSOS NAO VINCULADOS DE IMPOSTOS;1431,04;0,0;1431,04;1431,04;0,0;0,0;0;0,0;0,0;1413,87
9440827;1231021 000101/2025;626;2025-12-30;BC AGRO COMERCIO LTDA;29.220.447/0001-58;3;DESPESAS CORRENTES;3;OUTRAS DESPESAS CORRENTES;32;MATERIAL, BEM OU SERVICO PARA DISTRIBUICAO GRATUITA;90;APLICACOES DIRETAS;1;MATERIAL DE DISTRIBUICAO GRATUITA;10;RECURSOS ORDINARIOS - RECURSOS NAO VINCULADOS DE IMPOSTOS;0,0;0,0;2037,0;0,0;0,0;2037,0;0;0,0;0,0;0,0
9440827;1231021 000102/2025;597;2025-12-29;FORTLEV INDUSTRIA E COMERCIO DE PLASTICOS LTDA;10.921.911/0005-39;3;DESPESAS CORRENTES;3;OUTRAS DESPESAS CORRENTES;32;MATERIAL, BEM OU SERVICO PARA DISTRIBUICAO GRATUITA;90;APLICACOES DIRETAS;1;MATERIAL DE DISTRIBUICAO GRATUITA;1;CONVENIOS COM A UNIAO E SUAS ENTIDADES - EMENDAS INDIVIDUAIS;248987,2;0,0;248987,2;248987,2;0,0;0,0;0;0,0;0,0;245999,35
9440827;1231021 000102/2025;628;2025-12-30;FORTLEV INDUSTRIA E COMERCIO DE PLASTICOS LTDA;10.921.911/0005-39;3;DESPESAS CORRENTES;3;OUTRAS DESPESAS CORRENTES;32;MATERIAL, BEM OU SERVICO PARA DISTRIBUICAO GRATUITA;90;APLICACOES DIRETAS;1;MATERIAL DE DISTRIBUICAO GRATUITA;10;RECURSOS ORDINARIOS - RECURSOS NAO VINCULADOS DE IMPOSTOS;5297,6;0,0;5297,6;5297,6;0,0;0,0;0;0,0;0,0;5234,03
9440827;1231021 000103/2025;598;2025-12-29;BC AGRO COMERCIO LTDA;29.220.447/0001-58;3;DESPESAS CORRENTES;3;OUTRAS DESPESAS CORRENTES;32;MATERIAL, BEM OU SERVICO PARA DISTRIBUICAO GRATUITA;90;APLICACOES DIRETAS;1;MATERIAL DE DISTRIBUICAO GRATUITA;1;CONVENIOS COM A UNIAO E SUAS ENTIDADES - EMENDAS INDIVIDUAIS;0,0;0,0;351043,0;0,0;0,0;351043,0;0;0,0;0,0;0,0
9440827;1231021 000103/2025;630;2025-12-30;BC AGRO COMERCIO LTDA;29.220.447/0001-58;3;DESPESAS CORRENTES;3;OUTRAS DESPESAS CORRENTES;32;MATERIAL, BEM OU SERVICO PARA DISTRIBUICAO GRATUITA;90;APLICACOES DIRETAS;1;MATERIAL DE DISTRIBUICAO GRATUITA;10;RECURSOS ORDINARIOS - RECURSOS NAO VINCULADOS DE IMPOSTOS;0,0;0,0;7469,0;0,0;0,0;7469,0;0;0,0;0,0;0,0
9445569;1401104 000067/2025;77;2025-09-05;STELLANTIS AUTOMOVEIS BRASIL LTDA.;16.701.716/0036-86;4;DESPESAS DE CAPITAL;4;INVESTIMENTOS;52;EQUIPAMENTOS E MATERIAL PERMANENTE;90;APLICACOES DIRETAS;17;VEICULOS;98;TRANSFERENCIAS ESPECIAIS DE RECURSOS DA UNIAO;172000,0;0,0;172000,0;172000,0;0,0;0,0;0;0,0;0,0;169987,02
9445569;1401104 000117/2024;11;2025-03-20;MITREN - SISTEMAS E MONTAGENS VEICULARES S.A.;92.249.150/0001-51;4;DESPESAS DE CAPITAL;4;INVESTIMENTOS;52;EQUIPAMENTOS E MATERIAL PERMANENTE;90;APLICACOES DIRETAS;17;VEICULOS;98;TRANSFERENCIAS ESPECIAIS DE RECURSOS DA UNIAO;1998000,0;0,0;1998000,0;1998000,0;0,0;0,0;0;0,0;0,0;1974024,0
9445599;1511189 000140/2025;65;2025-09-30;GENERAL MOTORS DO BRASIL LTDA;59.275.792/0001-50;4;DESPESAS DE CAPITAL;4;INVESTIMENTOS;52;EQUIPAMENTOS E MATERIAL PERMANENTE;90;APLICACOES DIRETAS;17;VEICULOS;98;TRANSFERENCIAS ESPECIAIS DE RECURSOS DA UNIAO;273623,22;0,0;273623,22;273623,22;0,0;0,0;0;0,0;0,0;270339,74
9445601;1511189 000126/2025;141;2025-11-05;51.943.396 HELENO CLAUDIO DA SILVA;51.943.396/0001-41;4;DESPESAS DE CAPITAL;4;INVESTIMENTOS;52;EQUIPAMENTOS E MATERIAL PERMANENTE;90;APLICACOES DIRETAS;25;APARELHOS E UTENSILIOS DOMESTICOS;98;TRANSFERENCIAS ESPECIAIS DE RECURSOS DA UNIAO;157,55;0,0;157,55;157,55;0,0;0,0;0;0,0;0,0;157,55
9445601;1511189 000128/2025;10;2025-09-02;GLOCK AMERICA S.A.;99.999.990/1090-00;4;DESPESAS DE CAPITAL;4;INVESTIMENTOS;52;EQUIPAMENTOS E MATERIAL PERMANENTE;90;APLICACOES DIRETAS;3;ARMAMENTO E EQUIPAMENTO DE USO POLICIAL;98;TRANSFERENCIAS ESPECIAIS DE RECURSOS DA UNIAO;0,0;151421,92;0,0;0,0;0,0;0,0;0;0,0;128889,92;0,0
9445601;1511189 000144/2025;113;2025-08-19;ADELIO JOSE DO NASCIMENTO;12.281.362/0001-87;4;DESPESAS DE CAPITAL;4;INVESTIMENTOS;52;EQUIPAMENTOS E MATERIAL PERMANENTE;90;APLICACOES DIRETAS;7;EQUIPAMENTOS DE INFORMATICA;98;TRANSFERENCIAS ESPECIAIS DE RECURSOS DA UNIAO;0,0;0,0;2658,8;0,0;0,0;0,0;0;0,0;0,0;0,0
9445601;1511189 000159/2025;63;2025-09-11;HPE AUTOMOTORES DO BRASIL LTDA;54.305.743/0011-70;4;DESPESAS DE CAPITAL;4;INVESTIMENTOS;52;EQUIPAMENTOS E MATERIAL PERMANENTE;90;APLICACOES DIRETAS;17;VEICULOS;98;TRANSFERENCIAS ESPECIAIS DE RECURSOS DA UNIAO;321000,0;0,0;321000,0;321000,0;0,0;0,0;0;0,0;0,0;317148,0
9445601;1511189 000193/2025;68;2025-10-14;EMPORIUM COMERCIO DE VEICULOS E EQUIPAMENTOS E SERVICOS LTDA;05.163.253/0001-08;4;DESPESAS DE CAPITAL;4;INVESTIMENTOS;52;EQUIPAMENTOS E MATERIAL PERMANENTE;90;APLICACOES DIRETAS;17;VEICULOS;98;TRANSFERENCIAS ESPECIAIS DE RECURSOS DA UNIAO;549000,0;0,0;549000,0;549000,0;0,0;0,0;0;0,0;0,0;542412,0
9445603;1511189 000137/2025;123;2025-08-28;ALERTA SISTEMAS DE TECNOLOGIA E SOLUCOES LTDA;26.040.310/0001-23;4;DESPESAS DE CAPITAL;4;INVESTIMENTOS;52;EQUIPAMENTOS E MATERIAL PERMANENTE;90;APLICACOES DIRETAS;8;EQUIPAMENTOS DE SOM, VIDEO, FOTOGRAFICO E CINEMATOGRAFICO;98;TRANSFERENCIAS ESPECIAIS DE RECURSOS DA UNIAO;11440,0;0,0;11440,0;11440,0;0,0;0,0;0;0,0;0,0;11302,72
9445603;1511189 000144/2025;115;2025-08-19;ADELIO JOSE DO NASCIMENTO;12.281.362/0001-87;4;DESPESAS DE CAPITAL;4;INVESTIMENTOS;52;EQUIPAMENTOS E MATERIAL PERMANENTE;90;APLICACOES DIRETAS;7;EQUIPAMENTOS DE INFORMATICA;98;TRANSFERENCIAS ESPECIAIS DE RECURSOS DA UNIAO;0,0;0,0;1156,0;0,0;0,0;0,0;0;0,0;0,0;0,0
9445603;1511189 000271/2025;188;2025-11-26;DATEN TECNOLOGIA LTDA;04.602.789/0001-01;4;DESPESAS DE CAPITAL;4;INVESTIMENTOS;52;EQUIPAMENTOS E MATERIAL PERMANENTE;90;APLICACOES DIRETAS;7;EQUIPAMENTOS DE INFORMATICA;98;TRANSFERENCIAS ESPECIAIS DE RECURSOS DA UNIAO;0,0;0,0;7487,48;0,0;0,0;7487,48;0;0,0;0,0;0,0
9445611;1511189 000128/2025;12;2025-09-02;GLOCK AMERICA S.A.;99.999.990/1090-00;4;DESPESAS DE CAPITAL;4;INVESTIMENTOS;52;EQUIPAMENTOS E MATERIAL PERMANENTE;90;APLICACOES DIRETAS;3;ARMAMENTO E EQUIPAMENTO DE USO POLICIAL;98;TRANSFERENCIAS ESPECIAIS DE RECURSOS DA UNIAO;0,0;29932,24;0,0;0,0;0,0;0,0;0;0,0;25478,04;0,0
9445611;1511189 000137/2025;127;2025-09-18;ALERTA SISTEMAS DE TECNOLOGIA E SOLUCOES LTDA;26.040.310/0001-23;4;DESPESAS DE CAPITAL;4;INVESTIMENTOS;52;EQUIPAMENTOS E MATERIAL PERMANENTE;90;APLICACOES DIRETAS;8;EQUIPAMENTOS DE SOM, VIDEO, FOTOGRAFICO E CINEMATOGRAFICO;98;TRANSFERENCIAS ESPECIAIS DE RECURSOS DA UNIAO;2200,0;0,0;2200,0;2200,0;0,0;0,0;0;0,0;0,0;2173,6
9445611;1511189 000144/2025;116;2025-08-19;ADELIO JOSE DO NASCIMENTO;12.281.362/0001-87;4;DESPESAS DE CAPITAL;4;INVESTIMENTOS;52;EQUIPAMENTOS E MATERIAL PERMANENTE;90;APLICACOES DIRETAS;7;EQUIPAMENTOS DE INFORMATICA;98;TRANSFERENCIAS ESPECIAIS DE RECURSOS DA UNIAO;0,0;0,0;1271,6;0,0;0,0;0,0;0;0,0;0,0;0,0
9445611;1511189 000224/2024;13;2025-09-09;TAURUS ARMAS S.A.;92.781.335/0001-02;4;DESPESAS DE CAPITAL;4;INVESTIMENTOS;52;EQUIPAMENTOS E MATERIAL PERMANENTE;90;APLICACOES DIRETAS;3;ARMAMENTO E EQUIPAMENTO DE USO POLICIAL;98;TRANSFERENCIAS ESPECIAIS DE RECURSOS DA UNIAO;0,0;8181,9;0,0;0,0;0,0;0,0;0;0,0;8083,72;0,0
9445614;1511189 000123/2025;54;2025-08-29;RENAULT DO BRASIL S.A.;00.913.443/0001-73;4;DESPESAS DE CAPITAL;4;INVESTIMENTOS;52;EQUIPAMENTOS E MATERIAL PERMANENTE;90;APLICACOES DIRETAS;17;VEICULOS;98;TRANSFERENCIAS ESPECIAIS DE RECURSOS DA UNIAO;336825,25;0,0;336825,25;336825,25;0,0;0,0;0;0,0;0,0;332783,35
9445617;1511189 000158/2025;36;2025-10-30;SANTIAGO & CINTRA IMPORTACAO E EXPORTACAO LTDA;51.536.795/0006-00;4;DESPESAS DE CAPITAL;4;INVESTIMENTOS;52;EQUIPAMENTOS E MATERIAL PERMANENTE;90;APLICACOES DIRETAS;1;AERONAVES E COMPONENTES ESTRUTURAIS;98;TRANSFERENCIAS ESPECIAIS DE RECURSOS DA UNIAO;66308,0;0,0;66308,0;66308,0;0,0;0,0;0;0,0;0,0;65512,3
9445621;1511189 000137/2025;128;2025-09-18;ALERTA SISTEMAS DE TECNOLOGIA E SOLUCOES LTDA;26.040.310/0001-23;4;DESPESAS DE CAPITAL;4;INVESTIMENTOS;52;EQUIPAMENTOS E MATERIAL PERMANENTE;90;APLICACOES DIRETAS;8;EQUIPAMENTOS DE SOM, VIDEO, FOTOGRAFICO E CINEMATOGRAFICO;98;TRANSFERENCIAS ESPECIAIS DE RECURSOS DA UNIAO;1320,0;0,0;1320,0;1320,0;0,0;0,0;0;0,0;0,0;1304,16
9445621;1511189 000144/2025;114;2025-08-19;ADELIO JOSE DO NASCIMENTO;12.281.362/0001-87;4;DESPESAS DE CAPITAL;4;INVESTIMENTOS;52;EQUIPAMENTOS E MATERIAL PERMANENTE;90;APLICACOES DIRETAS;7;EQUIPAMENTOS DE INFORMATICA;98;TRANSFERENCIAS ESPECIAIS DE RECURSOS DA UNIAO;0,0;0,0;231,2;0,0;0,0;0,0;0;0,0;0,0;0,0
9445621;1511189 000274/2025;148;2025-11-05;UFFICIO INDUSTRIA E COMERCIO DE MOVEIS LTDA;04.443.182/0001-26;4;DESPESAS DE CAPITAL;4;INVESTIMENTOS;52;EQUIPAMENTOS E MATERIAL PERMANENTE;90;APLICACOES DIRETAS;14;MOBILIARIO;98;TRANSFERENCIAS ESPECIAIS DE RECURSOS DA UNIAO;0,0;185,29;0,0;0,0;0,0;0,0;0;0,0;183,07;0,0
9445621;1511189 000275/2025;170;2025-11-07;TECNO 2000 INDUSTRIA E COMERCIO LTDA;21.306.287/0001-52;4;DESPESAS DE CAPITAL;4;INVESTIMENTOS;52;EQUIPAMENTOS E MATERIAL PERMANENTE;90;APLICACOES DIRETAS;14;MOBILIARIO;98;TRANSFERENCIAS ESPECIAIS DE RECURSOS DA UNIAO;761,93;0,0;761,93;761,93;0,0;0,0;0;0,0;0,0;752,79
9445625;1401104 000004/2025;14;2025-03-27;HPE AUTOMOTORES DO BRASIL LTDA;54.305.743/0011-70;4;DESPESAS DE CAPITAL;4;INVESTIMENTOS;52;EQUIPAMENTOS E MATERIAL PERMANENTE;90;APLICACOES DIRETAS;17;VEICULOS;98;TRANSFERENCIAS ESPECIAIS DE RECURSOS DA UNIAO;289990,0;0,0;289990,0;289990,0;0,0;0,0;0;0,0;0,0;286510,12
9445625;1401104 000087/2025;116;2025-11-25;ITURRI COIMPAR INDUSTRIA E COMERCIO DE EPI S LTDA;61.451.654/0009-83;4;DESPESAS DE CAPITAL;4;INVESTIMENTOS;52;EQUIPAMENTOS E MATERIAL PERMANENTE;90;APLICACOES DIRETAS;26;EQUIPAMENTOS DE PROTECAO, SEGURANCA E SOCORRO;98;TRANSFERENCIAS ESPECIAIS DE RECURSOS DA UNIAO;73716,0;0,0;73716,0;73716,0;0,0;0,0;0;0,0;0,0;72831,41
9445625;1401104 000089/2025;114;2025-11-19;RESGATECNICA COMERCIO DE EQUIPAMENTOS DE RESGATE LTDA;15.453.449/0001-82;4;DESPESAS DE CAPITAL;4;INVESTIMENTOS;52;EQUIPAMENTOS E MATERIAL PERMANENTE;90;APLICACOES DIRETAS;26;EQUIPAMENTOS DE PROTECAO, SEGURANCA E SOCORRO;98;TRANSFERENCIAS ESPECIAIS DE RECURSOS DA UNIAO;23956,0;0,0;23956,0;23956,0;0,0;0,0;0;0,0;0,0;23668,53
9445625;1401408 000025/2025;1433;2025-10-02;CLASSIC COMERCIO LTDA - ME;19.349.607/0001-00;4;DESPESAS DE CAPITAL;4;INVESTIMENTOS;52;EQUIPAMENTOS E MATERIAL PERMANENTE;90;APLICACOES DIRETAS;9;EQUIPAMENTOS HOSPITALARES, ODONTOLOGICOS E DE LABORATORIO;98;TRANSFERENCIAS ESPECIAIS DE RECURSOS DA UNIAO;39800,0;0,0;39800,0;39800,0;0,0;0,0;0;0,0;0,0;39322,4
9445625;1401408 000047/2025;1772;2025-12-11;E P B LONDRINA COMERCIO E IMPORTACAO DE EQUIPAMENTOS HOSPITALAR LTDA;22.540.455/0001-32;4;DESPESAS DE CAPITAL;4;INVESTIMENTOS;52;EQUIPAMENTOS E MATERIAL PERMANENTE;90;APLICACOES DIRETAS;9;EQUIPAMENTOS HOSPITALARES, ODONTOLOGICOS E DE LABORATORIO;98;TRANSFERENCIAS ESPECIAIS DE RECURSOS DA UNIAO;7300,0;0,0;7300,0;7300,0;0,0;0,0;0;0,0;0,0;7300,0
9445626;1401408 000003/2025;597;2025-05-09;CONSTRUTORA NATIVA LTDA -EPP;04.899.663/0001-40;4;DESPESAS DE CAPITAL;4;INVESTIMENTOS;51;OBRAS E INSTALACOES;90;APLICACOES DIRETAS;3;EXECUCAO DE OBRAS POR CONTRATO DE BENS PATRIMONIAVEIS;98;TRANSFERENCIAS ESPECIAIS DE RECURSOS DA UNIAO;14044,82;0,0;47462,74;14044,82;0,0;0,0;0;0,0;0,0;13454,95
9445633;1401104 000013/2025;12;2025-03-26;HPE AUTOMOTORES DO BRASIL LTDA;54.305.743/0011-70;4;DESPESAS DE CAPITAL;4;INVESTIMENTOS;52;EQUIPAMENTOS E MATERIAL PERMANENTE;90;APLICACOES DIRETAS;17;VEICULOS;98;TRANSFERENCIAS ESPECIAIS DE RECURSOS DA UNIAO;289990,0;0,0;289990,0;289990,0;0,0;0,0;0;0,0;0,0;286510,12
9445633;1401104 000014/2025;17;2025-03-28;STELLANTIS AUTOMOVEIS BRASIL LTDA.;16.701.716/0036-86;4;DESPESAS DE CAPITAL;4;INVESTIMENTOS;52;EQUIPAMENTOS E MATERIAL PERMANENTE;90;APLICACOES DIRETAS;17;VEICULOS;98;TRANSFERENCIAS ESPECIAIS DE RECURSOS DA UNIAO;217572,0;0,0;217572,0;217572,0;0,0;0,0;0;0,0;0,0;215027,74
9445633;1401104 000046/2025;80;2025-09-09;STELLANTIS AUTOMOVEIS BRASIL LTDA.;16.701.716/0001-56;4;DESPESAS DE CAPITAL;4;INVESTIMENTOS;52;EQUIPAMENTOS E MATERIAL PERMANENTE;90;APLICACOES DIRETAS;17;VEICULOS;98;TRANSFERENCIAS ESPECIAIS DE RECURSOS DA UNIAO;363252,0;0,0;363252,0;363252,0;0,0;0,0;0;0,0;0,0;358892,97
9445633;1401460 000017/2025;401;2025-12-04;FERREIRA DE ALBUQUERQUE PROJETOS E OBRAS LTDA;46.323.375/0001-93;4;DESPESAS DE CAPITAL;4;INVESTIMENTOS;51;OBRAS E INSTALACOES;90;APLICACOES DIRETAS;3;EXECUCAO DE OBRAS POR CONTRATO DE BENS PATRIMONIAVEIS;98;TRANSFERENCIAS ESPECIAIS DE RECURSOS DA UNIAO;688331,82;0,0;845513,27;688331,82;0,0;0,0;0;0,0;0,0;655091,41
9445636;1401104 000002/2025;15;2025-03-27;HPE AUTOMOTORES DO BRASIL LTDA;54.305.743/0011-70;4;DESPESAS DE CAPITAL;4;INVESTIMENTOS;52;EQUIPAMENTOS E MATERIAL PERMANENTE;90;APLICACOES DIRETAS;17;VEICULOS;98;TRANSFERENCIAS ESPECIAIS DE RECURSOS DA UNIAO;289990,0;0,0;289990,0;289990,0;0,0;0,0;0;0,0;0,0;286510,12
9445639;1401104 000002/2025;16;2025-03-28;HPE AUTOMOTORES DO BRASIL LTDA;54.305.743/0011-70;4;DESPESAS DE CAPITAL;4;INVESTIMENTOS;52;EQUIPAMENTOS E MATERIAL PERMANENTE;90;APLICACOES DIRETAS;17;VEICULOS;98;TRANSFERENCIAS ESPECIAIS DE RECURSOS DA UNIAO;289990,0;0,0;289990,0;289990,0;0,0;0,0;0;0,0;0,0;286510,12
9445641;0000000 000000/0000;2305;2025-06-16;CX. ESC PROFA JANETE ANDRADE VALVERDE;22.734.289/0001-05;4;DESPESAS DE CAPITAL;4;INVESTIMENTOS;42;AUXILIOS;50;TRANSFERENCIAS A INSTITUICOES PRIVADAS SEM FINS LUCRATIVOS;1;AUXILIOS;98;TRANSFERENCIAS ESPECIAIS DE RECURSOS DA UNIAO;0,0;755000,0;0,0;0,0;0,0;0,0;0;0,0;755000,0;0,0
9445644;1250071 000117/2025;299;2025-10-20;TAIT COMUNICACOES BRASIL LTDA;67.116.715/0001-85;4;DESPESAS DE CAPITAL;4;INVESTIMENTOS;52;EQUIPAMENTOS E MATERIAL PERMANENTE;90;APLICACOES DIRETAS;6;EQUIPAMENTOS DE COMUNICACAO E TELEFONIA;98;TRANSFERENCIAS ESPECIAIS DE RECURSOS DA UNIAO;60000,0;0,0;60000,0;60000,0;0,0;0,0;0;0,0;0,0;59280,0
9445644;1250072 000005/2025;55;2025-06-26;HPE AUTOMOTORES DO BRASIL LTDA;54.305.743/0011-70;4;DESPESAS DE CAPITAL;4;INVESTIMENTOS;52;EQUIPAMENTOS E MATERIAL PERMANENTE;90;APLICACOES DIRETAS;17;VEICULOS;98;TRANSFERENCIAS ESPECIAIS DE RECURSOS DA UNIAO;816000,0;0,0;816000,0;816000,0;0,0;0,0;0;0,0;0,0;806208,0
9445644;1250072 000030/2025;143;2025-09-19;RENAULT DO BRASIL S.A.;00.913.443/0001-73;4;DESPESAS DE CAPITAL;4;INVESTIMENTOS;52;EQUIPAMENTOS E MATERIAL PERMANENTE;90;APLICACOES DIRETAS;17;VEICULOS;98;TRANSFERENCIAS ESPECIAIS DE RECURSOS DA UNIAO;550971,72;0,0;550971,72;550971,72;0,0;0,0;0;0,0;0,0;544360,05
9445644;1250084 000099/2025;309;2025-12-03;ISRAEL WEAPON INDUSTRIES (I.W.I) LTD;99.999.990/1104-40;4;DESPESAS DE CAPITAL;4;INVESTIMENTOS;52;EQUIPAMENTOS E MATERIAL PERMANENTE;90;APLICACOES DIRETAS;3;ARMAMENTO E EQUIPAMENTO DE USO POLICIAL;98;TRANSFERENCIAS ESPECIAIS DE RECURSOS DA UNIAO;300,8;0,0;300,8;300,8;0,0;0,0;0;0,0;0,0;300,8
9445644;1250084 000100/2025;291;2025-12-02;ISRAEL WEAPON INDUSTRIES (I.W.I) LTD;99.999.990/1104-40;4;DESPESAS DE CAPITAL;4;INVESTIMENTOS;52;EQUIPAMENTOS E MATERIAL PERMANENTE;90;APLICACOES DIRETAS;3;ARMAMENTO E EQUIPAMENTO DE USO POLICIAL;98;TRANSFERENCIAS ESPECIAIS DE RECURSOS DA UNIAO;1728,0;0,0;1728,0;1728,0;0,0;0,0;0;0,0;0,0;1728,0
9445644;1250084 000131/2025;396;2025-12-31;BENELLI ARMI S.P.A;28.123.395/0001-55;4;DESPESAS DE CAPITAL;4;INVESTIMENTOS;52;EQUIPAMENTOS E MATERIAL PERMANENTE;90;APLICACOES DIRETAS;3;ARMAMENTO E EQUIPAMENTO DE USO POLICIAL;98;TRANSFERENCIAS ESPECIAIS DE RECURSOS DA UNIAO;49475,12;0,0;49475,12;49475,12;0,0;0,0;0;0,0;0,0;45357,23
9445646;1511189 000128/2025;11;2025-09-02;GLOCK AMERICA S.A.;99.999.990/1090-00;4;DESPESAS DE CAPITAL;4;INVESTIMENTOS;52;EQUIPAMENTOS E MATERIAL PERMANENTE;90;APLICACOES DIRETAS;3;ARMAMENTO E EQUIPAMENTO DE USO POLICIAL;98;TRANSFERENCIAS ESPECIAIS DE RECURSOS DA UNIAO;0,0;369751,2;0,0;0,0;0,0;0,0;0;0,0;314728,72;0,0
9445646;1511189 000271/2025;183;2025-11-26;DATEN TECNOLOGIA LTDA;04.602.789/0001-01;4;DESPESAS DE CAPITAL;4;INVESTIMENTOS;52;EQUIPAMENTOS E MATERIAL PERMANENTE;90;APLICACOES DIRETAS;7;EQUIPAMENTOS DE INFORMATICA;98;TRANSFERENCIAS ESPECIAIS DE RECURSOS DA UNIAO;0,0;0,0;3743,74;0,0;0,0;3743,74;0;0,0;0,0;0,0
9445646;1511189 000280/2025;73;2025-12-11;VALE COMERCIO DE MOTOS LTDA;12.939.753/0001-46;4;DESPESAS DE CAPITAL;4;INVESTIMENTOS;52;EQUIPAMENTOS E MATERIAL PERMANENTE;90;APLICACOES DIRETAS;17;VEICULOS;98;TRANSFERENCIAS ESPECIAIS DE RECURSOS DA UNIAO;39980,0;0,0;39980,0;39980,0;0,0;0,0;0;0,0;0,0;39500,24
9445723;1257654 000022/2025;1771;2025-06-27;SOUSA GUIMARAES ENGENHARIA E CONSTRUCOES LTDA;35.547.112/0001-41;4;DESPESAS DE CAPITAL;4;INVESTIMENTOS;51;OBRAS E INSTALACOES;90;APLICACOES DIRETAS;3;EXECUCAO DE OBRAS POR CONTRATO DE BENS PATRIMONIAVEIS;98;TRANSFERENCIAS ESPECIAIS DE RECURSOS DA UNIAO;383603,19;0,0;383603,19;383603,19;0,0;0,0;0;0,0;0,0;352914,94
9445726;1250072 000030/2025;175;2025-10-02;RENAULT DO BRASIL S.A.;00.913.443/0001-73;4;DESPESAS DE CAPITAL;4;INVESTIMENTOS;52;EQUIPAMENTOS E MATERIAL PERMANENTE;90;APLICACOES DIRETAS;17;VEICULOS;98;TRANSFERENCIAS ESPECIAIS DE RECURSOS DA UNIAO;183657,24;0,0;183657,24;183657,24;0,0;0,0;0;0,0;0,0;181453,35
9445730;1250072 000015/2025;120;2025-09-02;MANUPA COMERCIO EXPORTACAO IMPORTACAO DE EQUIPAMENTOS E VEICULOS ADAPT;03.093.776/0011-63;4;DESPESAS DE CAPITAL;4;INVESTIMENTOS;52;EQUIPAMENTOS E MATERIAL PERMANENTE;90;APLICACOES DIRETAS;17;VEICULOS;98;TRANSFERENCIAS ESPECIAIS DE RECURSOS DA UNIAO;0,0;0,0;1500000,0;0,0;0,0;0,0;0;0,0;0,0;0,0
9445733;1250071 000064/2025;285;2025-10-06;TAIT COMUNICACOES BRASIL LTDA;67.116.715/0001-85;4;DESPESAS DE CAPITAL;4;INVESTIMENTOS;52;EQUIPAMENTOS E MATERIAL PERMANENTE;90;APLICACOES DIRETAS;6;EQUIPAMENTOS DE COMUNICACAO E TELEFONIA;98;TRANSFERENCIAS ESPECIAIS DE RECURSOS DA UNIAO;8100,0;0,0;8100,0;8100,0;0,0;0,0;0;0,0;0,0;8002,8
9445733;1250071 000064/2025;286;2025-10-06;TAIT COMUNICACOES BRASIL LTDA;67.116.715/0001-85;4;DESPESAS DE CAPITAL;4;INVESTIMENTOS;52;EQUIPAMENTOS E MATERIAL PERMANENTE;90;APLICACOES DIRETAS;6;EQUIPAMENTOS DE COMUNICACAO E TELEFONIA;98;TRANSFERENCIAS ESPECIAIS DE RECURSOS DA UNIAO;8100,0;0,0;8100,0;8100,0;0,0;0,0;0;0,0;0,0;8002,8
9445733;1250072 000030/2025;176;2025-10-02;RENAULT DO BRASIL S.A.;00.913.443/0001-73;4;DESPESAS DE CAPITAL;4;INVESTIMENTOS;52;EQUIPAMENTOS E MATERIAL PERMANENTE;90;APLICACOES DIRETAS;17;VEICULOS;98;TRANSFERENCIAS ESPECIAIS DE RECURSOS DA UNIAO;367314,48;0,0;367314,48;367314,48;0,0;0,0;0;0,0;0,0;362906,7
9445738;1402007 000013/2025;907;2025-09-15;GLOBAL EQUIPAMENTOS DE RESGATE LTDA;49.944.751/0001-55;4;DESPESAS DE CAPITAL;4;INVESTIMENTOS;52;EQUIPAMENTOS E MATERIAL PERMANENTE;90;APLICACOES DIRETAS;17;VEICULOS;98;TRANSFERENCIAS ESPECIAIS DE RECURSOS DA UNIAO;21000,0;0,0;21000,0;21000,0;0,0;0,0;0;0,0;0,0;21000,0
9445738;1402007 000044/2025;1146;2025-12-16;AGRO COMERCIAL GES LTDA;22.011.004/0001-08;4;DESPESAS DE CAPITAL;4;INVESTIMENTOS;52;EQUIPAMENTOS E MATERIAL PERMANENTE;90;APLICACOES DIRETAS;10;FERRAMENTAS, EQUIP. E INSTRUMENTOS P/ OFICINA, MEDICAO E INSPECAO;98;TRANSFERENCIAS ESPECIAIS DE RECURSOS DA UNIAO;0,0;0,0;6838,0;0,0;0,0;0,0;0;0,0;0,0;0,0
9445739;1402027 000008/2025;1394;2025-09-12;AGENES S.DA SILVA SUPRIMENTOS DE INFORMATICA LTDA;19.561.435/0001-33;4;DESPESAS DE CAPITAL;4;INVESTIMENTOS;52;EQUIPAMENTOS E MATERIAL PERMANENTE;90;APLICACOES DIRETAS;99;OUTROS MATERIAIS PERMANENTES;98;TRANSFERENCIAS ESPECIAIS DE RECURSOS DA UNIAO;0,0;3752,98;0,0;0,0;0,0;0,0;0;0,0;3752,98;0,0
9445739;1402027 000008/2025;1395;2025-09-12;AGENES S.DA SILVA SUPRIMENTOS DE INFORMATICA LTDA;19.561.435/0001-33;4;DESPESAS DE CAPITAL;4;INVESTIMENTOS;52;EQUIPAMENTOS E MATERIAL PERMANENTE;90;APLICACOES DIRETAS;10;FERRAMENTAS, EQUIP. E INSTRUMENTOS P/ OFICINA, MEDICAO E INSPECAO;98;TRANSFERENCIAS ESPECIAIS DE RECURSOS DA UNIAO;0,0;75020,92;0,0;0,0;0,0;0,0;0;0,0;75020,92;0,0
9445739;1402027 000008/2025;1396;2025-09-12;AGENES S.DA SILVA SUPRIMENTOS DE INFORMATICA LTDA;19.561.435/0001-33;4;DESPESAS DE CAPITAL;4;INVESTIMENTOS;52;EQUIPAMENTOS E MATERIAL PERMANENTE;90;APLICACOES DIRETAS;26;EQUIPAMENTOS DE PROTECAO, SEGURANCA E SOCORRO;98;TRANSFERENCIAS ESPECIAIS DE RECURSOS DA UNIAO;0,0;36867,96;0,0;0,0;0,0;0,0;0;0,0;36867,96;0,0
9445739;1402027 000008/2025;1397;2025-09-12;ELIANE MEIRE BATISTA FIUZA BORBA;33.557.716/0001-43;4;DESPESAS DE CAPITAL;4;INVESTIMENTOS;52;EQUIPAMENTOS E MATERIAL PERMANENTE;90;APLICACOES DIRETAS;17;VEICULOS;98;TRANSFERENCIAS ESPECIAIS DE RECURSOS DA UNIAO;0,0;25889,0;0,0;0,0;0,0;0,0;0;0,0;25889,0;0,0
9445996;1250071 000166/2025;345;2025-11-14;XPTI TECNOLOGIAS EM SEGURANCA LTDA;18.190.216/0002-03;4;DESPESAS DE CAPITAL;4;INVESTIMENTOS;52;EQUIPAMENTOS E MATERIAL PERMANENTE;90;APLICACOES DIRETAS;6;EQUIPAMENTOS DE COMUNICACAO E TELEFONIA;98;TRANSFERENCIAS ESPECIAIS DE RECURSOS DA UNIAO;68215,0;0,0;68215,0;68215,0;0,0;0,0;0;0,0;0,0;67396,42
9445996;1250071 000166/2025;346;2025-11-14;ALERTA SISTEMAS DE TECNOLOGIA E SOLUCOES LTDA;26.040.310/0001-23;4;DESPESAS DE CAPITAL;4;INVESTIMENTOS;52;EQUIPAMENTOS E MATERIAL PERMANENTE;90;APLICACOES DIRETAS;6;EQUIPAMENTOS DE COMUNICACAO E TELEFONIA;98;TRANSFERENCIAS ESPECIAIS DE RECURSOS DA UNIAO;4840,0;0,0;4840,0;4840,0;0,0;0,0;0;0,0;0,0;4781,92
9445996;1250071 000166/2025;347;2025-11-14;METODO SYSTEM COMERCIO E SERVICOS LTDA;07.346.478/0001-17;4;DESPESAS DE CAPITAL;4;INVESTIMENTOS;52;EQUIPAMENTOS E MATERIAL PERMANENTE;90;APLICACOES DIRETAS;6;EQUIPAMENTOS DE COMUNICACAO E TELEFONIA;98;TRANSFERENCIAS ESPECIAIS DE RECURSOS DA UNIAO;108364,57;0,0;108364,57;108364,57;0,0;0,0;0;0,0;0,0;107064,19
9445996;1250071 000167/2025;396;2025-12-02;PLANEJE TECNOLOGIA E SERVICOS LTDA;28.482.916/0001-44;4;DESPESAS DE CAPITAL;4;INVESTIMENTOS;52;EQUIPAMENTOS E MATERIAL PERMANENTE;90;APLICACOES DIRETAS;7;EQUIPAMENTOS DE INFORMATICA;98;TRANSFERENCIAS ESPECIAIS DE RECURSOS DA UNIAO;18515,0;0,0;18515,0;18515,0;0,0;0,0;0;0,0;0,0;18292,82
9447476;1481751 000003/2025;3;2025-12-30;RENOVA ENGENHARIA E ENERGIA LTDA;15.593.944/0001-97;4;DESPESAS DE CAPITAL;4;INVESTIMENTOS;52;EQUIPAMENTOS E MATERIAL PERMANENTE;90;APLICACOES DIRETAS;30;MÁQUINAS E EQUIPAMENTOS ENERGÉTICOS;98;TRANSFERENCIAS ESPECIAIS DE RECURSOS DA UNIAO;122400,0;0,0;448449,51;122400,0;0,0;0,0;0;0,0;0,0;122400,0
9447476;1481751 000003/2025;4;2025-12-30;POCOS ARTESIANOS MINAS LTDA;09.511.840/0001-93;4;DESPESAS DE CAPITAL;4;INVESTIMENTOS;52;EQUIPAMENTOS E MATERIAL PERMANENTE;90;APLICACOES DIRETAS;30;MÁQUINAS E EQUIPAMENTOS ENERGÉTICOS;98;TRANSFERENCIAS ESPECIAIS DE RECURSOS DA UNIAO;84961,88;0,0;84961,88;84961,88;0,0;0,0;0;0,0;0,0;83942,34
9447747;1401104 000028/2025;32;2025-06-23;RESGATECNICA COMERCIO DE EQUIPAMENTOS DE RESGATE LTDA;15.453.449/0001-82;4;DESPESAS DE CAPITAL;4;INVESTIMENTOS;52;EQUIPAMENTOS E MATERIAL PERMANENTE;90;APLICACOES DIRETAS;26;EQUIPAMENTOS DE PROTECAO, SEGURANCA E SOCORRO;2;CONVENIOS COM A UNIAO E SUAS ENTIDADES - EMENDAS DE BANCADA;1827763,0;0,0;1827763,0;1827763,0;0,0;0,0;0;0,0;0,0;1805829,85
9447803;1250072 000035/2025;139;2025-09-19;STELLANTIS AUTOMOVEIS BRASIL LTDA.;16.701.716/0051-15;4;DESPESAS DE CAPITAL;4;INVESTIMENTOS;52;EQUIPAMENTOS E MATERIAL PERMANENTE;90;APLICACOES DIRETAS;17;VEICULOS;10;RECURSOS ORDINARIOS - RECURSOS NAO VINCULADOS DE IMPOSTOS;130836,0;0,0;130836,0;130836,0;0,0;0,0;0;0,0;0,0;129265,97
9447803;1250072 000035/2025;140;2025-09-19;STELLANTIS AUTOMOVEIS BRASIL LTDA.;16.701.716/0051-15;4;DESPESAS DE CAPITAL;4;INVESTIMENTOS;52;EQUIPAMENTOS E MATERIAL PERMANENTE;90;APLICACOES DIRETAS;17;VEICULOS;2;CONVENIOS COM A UNIAO E SUAS ENTIDADES - EMENDAS DE BANCADA;79692,19;0,0;79692,19;79692,19;0,0;0,0;0;0,0;0,0;78122,16
9447803;1250072 000035/2025;141;2025-09-19;STELLANTIS AUTOMOVEIS BRASIL LTDA.;16.701.716/0051-15;4;DESPESAS DE CAPITAL;4;INVESTIMENTOS;52;EQUIPAMENTOS E MATERIAL PERMANENTE;90;APLICACOES DIRETAS;17;VEICULOS;10;RECURSOS ORDINARIOS - RECURSOS NAO VINCULADOS DE IMPOSTOS;51143,79;0,0;51143,79;51143,79;0,0;0,0;0;0,0;0,0;51143,79
9447803;1250072 000035/2025;142;2025-09-19;STELLANTIS AUTOMOVEIS BRASIL LTDA.;16.701.716/0051-15;4;DESPESAS DE CAPITAL;4;INVESTIMENTOS;52;EQUIPAMENTOS E MATERIAL PERMANENTE;90;APLICACOES DIRETAS;17;VEICULOS;2;CONVENIOS COM A UNIAO E SUAS ENTIDADES - EMENDAS DE BANCADA;8766012,0;0,0;8766012,0;8766012,0;0,0;0,0;0;0,0;0,0;8660819,99
9451351;1451044 000163/2025;1003;2025-12-12;LOBO SOLUCOES EM LICITACOES E COMERCIO LTDA;36.996.487/0001-51;4;DESPESAS DE CAPITAL;4;INVESTIMENTOS;52;EQUIPAMENTOS E MATERIAL PERMANENTE;90;APLICACOES DIRETAS;8;EQUIPAMENTOS DE SOM, VIDEO, FOTOGRAFICO E CINEMATOGRAFICO;2;CONVENIOS COM A UNIAO E SUAS ENTIDADES - EMENDAS DE BANCADA;4299,88;0,0;4299,88;4299,88;0,0;0,0;0;0,0;0,0;4248,29
9451351;1451044 000163/2025;1006;2025-12-12;E TUDO BARATO COMERCIO DE ELETROELETRONICOS LTDA;37.165.739/0001-63;4;DESPESAS DE CAPITAL;4;INVESTIMENTOS;52;EQUIPAMENTOS E MATERIAL PERMANENTE;90;APLICACOES DIRETAS;8;EQUIPAMENTOS DE SOM, VIDEO, FOTOGRAFICO E CINEMATOGRAFICO;2;CONVENIOS COM A UNIAO E SUAS ENTIDADES - EMENDAS DE BANCADA;17940,0;0,0;17940,0;17940,0;0,0;0,0;0;0,0;0,0;17940,0
9480535;1231021 000087/2025;546;2025-12-22;OUTLET COMERCIO DE MATERIAIS LTDA;08.235.765/0001-12;3;DESPESAS CORRENTES;3;OUTRAS DESPESAS CORRENTES;32;MATERIAL, BEM OU SERVICO PARA DISTRIBUICAO GRATUITA;90;APLICACOES DIRETAS;1;MATERIAL DE DISTRIBUICAO GRATUITA;98;TRANSFERENCIAS ESPECIAIS DE RECURSOS DA UNIAO;0,0;2756,0;0,0;0,0;0,0;0,0;0;0,0;2722,93;0,0
9480797;1250084 000127/2025;380;2025-12-30;ISRAEL WEAPON INDUSTRIES (I.W.I) LTD;99.999.990/1104-40;4;DESPESAS DE CAPITAL;4;INVESTIMENTOS;52;EQUIPAMENTOS E MATERIAL PERMANENTE;90;APLICACOES DIRETAS;3;ARMAMENTO E EQUIPAMENTO DE USO POLICIAL;98;TRANSFERENCIAS ESPECIAIS DE RECURSOS DA UNIAO;0,0;0,0;115808,0;0,0;0,0;0,0;0;0,0;0,0;107908,24
9480797;1250084 000131/2025;399;2025-12-31;BENELLI ARMI S.P.A;28.123.395/0001-55;4;DESPESAS DE CAPITAL;4;INVESTIMENTOS;52;EQUIPAMENTOS E MATERIAL PERMANENTE;90;APLICACOES DIRETAS;3;ARMAMENTO E EQUIPAMENTO DE USO POLICIAL;98;TRANSFERENCIAS ESPECIAIS DE RECURSOS DA UNIAO;45093,43;0,0;45093,49;45093,43;0,0;0,0;0;0,0;0,0;41340,26
9480797;1250084 000143/2025;368;2025-12-30;GLOCK AMERICA S.A.;99.999.990/1090-00;4;DESPESAS DE CAPITAL;4;INVESTIMENTOS;52;EQUIPAMENTOS E MATERIAL PERMANENTE;90;APLICACOES DIRETAS;3;ARMAMENTO E EQUIPAMENTO DE USO POLICIAL;98;TRANSFERENCIAS ESPECIAIS DE RECURSOS DA UNIAO;150168,71;0,0;150168,71;150168,71;0,0;0,0;0;0,0;0,0;135634,52
9480797;1250084 000155/2025;394;2025-12-31;ISRAEL WEAPON INDUSTRIES (I.W.I) LTD;99.999.990/1104-40;4;DESPESAS DE CAPITAL;4;INVESTIMENTOS;52;EQUIPAMENTOS E MATERIAL PERMANENTE;90;APLICACOES DIRETAS;3;ARMAMENTO E EQUIPAMENTO DE USO POLICIAL;98;TRANSFERENCIAS ESPECIAIS DE RECURSOS DA UNIAO;10528,0;0,0;10528,0;10528,0;0,0;0,0;0;0,0;0,0;9809,84
9480812;1250072 000046/2025;212;2025-12-19;MINAS MOTOS LTDA;01.566.501/0001-00;4;DESPESAS DE CAPITAL;4;INVESTIMENTOS;52;EQUIPAMENTOS E MATERIAL PERMANENTE;90;APLICACOES DIRETAS;17;VEICULOS;98;TRANSFERENCIAS ESPECIAIS DE RECURSOS DA UNIAO;227600,0;0,0;227600,0;227600,0;0,0;0,0;0;0,0;0,0;224868,8
9480812;1250084 000124/2025;322;2025-12-18;INBRA-TECNOLOGIA E DEFESA INDUSTRIA E COMERCIO LTDA.;26.836.227/0001-65;4;DESPESAS DE CAPITAL;4;INVESTIMENTOS;52;EQUIPAMENTOS E MATERIAL PERMANENTE;90;APLICACOES DIRETAS;3;ARMAMENTO E EQUIPAMENTO DE USO POLICIAL;98;TRANSFERENCIAS ESPECIAIS DE RECURSOS DA UNIAO;41400,0;0,0;41400,0;41400,0;0,0;0,0;0;0,0;0,0;40903,2
9480812;1259975 000074/2025;3344;2025-12-29;DISTRIBUIDORA PERES & ARAUJO LTDA - ME;21.641.059/0001-39;4;DESPESAS DE CAPITAL;4;INVESTIMENTOS;52;EQUIPAMENTOS E MATERIAL PERMANENTE;90;APLICACOES DIRETAS;4;MAQUINAS, APARELHOS, UTENSILIOS E EQUIPAMENTOS DE USO INDUSTRIAL;98;TRANSFERENCIAS ESPECIAIS DE RECURSOS DA UNIAO;2700,0;0,0;2700,0;2700,0;0,0;0,0;0;0,0;0,0;2667,6
9480812;1259975 000074/2025;3345;2025-12-29;DISTRIBUIDORA PERES & ARAUJO LTDA - ME;21.641.059/0001-39;4;DESPESAS DE CAPITAL;4;INVESTIMENTOS;52;EQUIPAMENTOS E MATERIAL PERMANENTE;90;APLICACOES DIRETAS;10;FERRAMENTAS, EQUIP. E INSTRUMENTOS P/ OFICINA, MEDICAO E INSPECAO;98;TRANSFERENCIAS ESPECIAIS DE RECURSOS DA UNIAO;4110,0;0,0;4110,0;4110,0;0,0;0,0;0;0,0;0,0;4060,68
9480812;1259975 000074/2025;3346;2025-12-29;DISTRIBUIDORA PERES & ARAUJO LTDA - ME;21.641.059/0001-39;4;DESPESAS DE CAPITAL;4;INVESTIMENTOS;52;EQUIPAMENTOS E MATERIAL PERMANENTE;90;APLICACOES DIRETAS;12;MAQUINAS, APARELHOS, UTENSILIOS E EQUIPAMENTOS  USO ADMINISTRATIVO;98;TRANSFERENCIAS ESPECIAIS DE RECURSOS DA UNIAO;8400,0;0,0;8400,0;8400,0;0,0;0,0;0;0,0;0,0;8299,2
9480812;1259975 000074/2025;3347;2025-12-29;DISTRIBUIDORA PERES & ARAUJO LTDA - ME;21.641.059/0001-39;4;DESPESAS DE CAPITAL;4;INVESTIMENTOS;52;EQUIPAMENTOS E MATERIAL PERMANENTE;90;APLICACOES DIRETAS;25;APARELHOS E UTENSILIOS DOMESTICOS;98;TRANSFERENCIAS ESPECIAIS DE RECURSOS DA UNIAO;3600,0;0,0;3600,0;3600,0;0,0;0,0;0;0,0;0,0;3556,8
9480812;1259975 000074/2025;3348;2025-12-29;DISTRIBUIDORA PERES & ARAUJO LTDA - ME;21.641.059/0001-39;4;DESPESAS DE CAPITAL;4;INVESTIMENTOS;52;EQUIPAMENTOS E MATERIAL PERMANENTE;90;APLICACOES DIRETAS;8;EQUIPAMENTOS DE SOM, VIDEO, FOTOGRAFICO E CINEMATOGRAFICO;98;TRANSFERENCIAS ESPECIAIS DE RECURSOS DA UNIAO;2574,87;0,0;2574,87;2574,87;0,0;0,0;0;0,0;0,0;2543,97
9480816;1250071 000209/2025;431;2025-12-18;TAIT COMUNICACOES BRASIL LTDA;67.116.715/0001-85;4;DESPESAS DE CAPITAL;4;INVESTIMENTOS;52;EQUIPAMENTOS E MATERIAL PERMANENTE;90;APLICACOES DIRETAS;6;EQUIPAMENTOS DE COMUNICACAO E TELEFONIA;98;TRANSFERENCIAS ESPECIAIS DE RECURSOS DA UNIAO;0,0;0,0;8450,0;0,0;0,0;8450,0;0;0,0;0,0;0,0
9480816;1250072 000044/2025;215;2025-12-19;EMPORIUM COMERCIO DE VEICULOS E EQUIPAMENTOS E SERVICOS LTDA;05.163.253/0001-08;4;DESPESAS DE CAPITAL;4;INVESTIMENTOS;52;EQUIPAMENTOS E MATERIAL PERMANENTE;90;APLICACOES DIRETAS;17;VEICULOS;98;TRANSFERENCIAS ESPECIAIS DE RECURSOS DA UNIAO;0,0;0,0;183000,0;0,0;0,0;183000,0;0;0,0;0,0;0,0
9480818;1250072 000043/2025;209;2025-12-18;HPE AUTOMOTORES DO BRASIL LTDA;54.305.743/0011-70;4;DESPESAS DE CAPITAL;4;INVESTIMENTOS;52;EQUIPAMENTOS E MATERIAL PERMANENTE;90;APLICACOES DIRETAS;17;VEICULOS;98;TRANSFERENCIAS ESPECIAIS DE RECURSOS DA UNIAO;321000,0;0,0;321000,0;321000,0;0,0;0,0;0;0,0;0,0;0,0
9480820;1250071 000205/2025;418;2025-12-12;TAIT COMUNICACOES BRASIL LTDA;67.116.715/0001-85;4;DESPESAS DE CAPITAL;4;INVESTIMENTOS;52;EQUIPAMENTOS E MATERIAL PERMANENTE;90;APLICACOES DIRETAS;6;EQUIPAMENTOS DE COMUNICACAO E TELEFONIA;98;TRANSFERENCIAS ESPECIAIS DE RECURSOS DA UNIAO;8450,0;0,0;8450,0;8450,0;0,0;0,0;0;0,0;0,0;8348,6
9480820;1250071 000205/2025;419;2025-12-12;TAIT COMUNICACOES BRASIL LTDA;67.116.715/0001-85;4;DESPESAS DE CAPITAL;4;INVESTIMENTOS;52;EQUIPAMENTOS E MATERIAL PERMANENTE;90;APLICACOES DIRETAS;6;EQUIPAMENTOS DE COMUNICACAO E TELEFONIA;98;TRANSFERENCIAS ESPECIAIS DE RECURSOS DA UNIAO;8450,0;0,0;8450,0;8450,0;0,0;0,0;0;0,0;0,0;8348,6
9480820;1250071 000205/2025;420;2025-12-12;TAIT COMUNICACOES BRASIL LTDA;67.116.715/0001-85;4;DESPESAS DE CAPITAL;4;INVESTIMENTOS;52;EQUIPAMENTOS E MATERIAL PERMANENTE;90;APLICACOES DIRETAS;6;EQUIPAMENTOS DE COMUNICACAO E TELEFONIA;98;TRANSFERENCIAS ESPECIAIS DE RECURSOS DA UNIAO;8450,0;0,0;8450,0;8450,0;0,0;0,0;0;0,0;0,0;8348,6
9480820;1250072 000044/2025;208;2025-12-18;EMPORIUM COMERCIO DE VEICULOS E EQUIPAMENTOS E SERVICOS LTDA;05.163.253/0001-08;4;DESPESAS DE CAPITAL;4;INVESTIMENTOS;52;EQUIPAMENTOS E MATERIAL PERMANENTE;90;APLICACOES DIRETAS;17;VEICULOS;98;TRANSFERENCIAS ESPECIAIS DE RECURSOS DA UNIAO;549000,0;0,0;549000,0;549000,0;0,0;0,0;0;0,0;0,0;0,0
9480867;1250072 000045/2025;211;2025-12-19;STELLANTIS AUTOMOVEIS BRASIL LTDA.;16.701.716/0001-56;4;DESPESAS DE CAPITAL;4;INVESTIMENTOS;52;EQUIPAMENTOS E MATERIAL PERMANENTE;90;APLICACOES DIRETAS;17;VEICULOS;98;TRANSFERENCIAS ESPECIAIS DE RECURSOS DA UNIAO;726504,0;0,0;726504,0;726504,0;0,0;0,0;0;0,0;0,0;717786,0
9480869;1250071 000204/2025;447;2025-12-22;TAIT COMUNICACOES BRASIL LTDA;67.116.715/0001-85;4;DESPESAS DE CAPITAL;4;INVESTIMENTOS;52;EQUIPAMENTOS E MATERIAL PERMANENTE;90;APLICACOES DIRETAS;6;EQUIPAMENTOS DE COMUNICACAO E TELEFONIA;98;TRANSFERENCIAS ESPECIAIS DE RECURSOS DA UNIAO;8450,0;0,0;8450,0;8450,0;0,0;0,0;0;0,0;0,0;8348,6
9480869;1250072 000044/2025;210;2025-12-18;EMPORIUM COMERCIO DE VEICULOS E EQUIPAMENTOS E SERVICOS LTDA;05.163.253/0001-08;4;DESPESAS DE CAPITAL;4;INVESTIMENTOS;52;EQUIPAMENTOS E MATERIAL PERMANENTE;90;APLICACOES DIRETAS;17;VEICULOS;98;TRANSFERENCIAS ESPECIAIS DE RECURSOS DA UNIAO;183000,0;0,0;183000,0;183000,0;0,0;0,0;0;0,0;0,0;0,0
9480943;1511189 000314/2025;82;2025-12-23;GENERAL MOTORS DO BRASIL LTDA;59.275.792/0001-50;4;DESPESAS DE CAPITAL;4;INVESTIMENTOS;52;EQUIPAMENTOS E MATERIAL PERMANENTE;90;APLICACOES DIRETAS;17;VEICULOS;98;TRANSFERENCIAS ESPECIAIS DE RECURSOS DA UNIAO;706000,0;0,0;706000,0;706000,0;0,0;0,0;0;0,0;0,0;697528,0
9480956;1511189 000126/2024;31;2025-12-30;TAURUS ARMAS S.A.;92.781.335/0001-02;4;DESPESAS DE CAPITAL;4;INVESTIMENTOS;52;EQUIPAMENTOS E MATERIAL PERMANENTE;90;APLICACOES DIRETAS;3;ARMAMENTO E EQUIPAMENTO DE USO POLICIAL;98;TRANSFERENCIAS ESPECIAIS DE RECURSOS DA UNIAO;7844,45;0,0;7844,45;7844,45;0,0;0,0;0;0,0;0,0;7750,32
9480956;1511189 000128/2025;32;2025-12-30;GLOCK AMERICA S.A.;99.999.990/1090-00;4;DESPESAS DE CAPITAL;4;INVESTIMENTOS;52;EQUIPAMENTOS E MATERIAL PERMANENTE;90;APLICACOES DIRETAS;3;ARMAMENTO E EQUIPAMENTO DE USO POLICIAL;98;TRANSFERENCIAS ESPECIAIS DE RECURSOS DA UNIAO;188397,04;0,0;188397,04;188397,04;0,0;0,0;0;0,0;0,0;188397,04
9480958;1401104 000093/2025;138;2025-12-18;NW DRONES COMERCIO E MANUTENCAO DE DRONES LTDA;32.907.435/0004-53;4;DESPESAS DE CAPITAL;4;INVESTIMENTOS;52;EQUIPAMENTOS E MATERIAL PERMANENTE;90;APLICACOES DIRETAS;1;AERONAVES E COMPONENTES ESTRUTURAIS;98;TRANSFERENCIAS ESPECIAIS DE RECURSOS DA UNIAO;37300,0;0,0;37300,0;37300,0;0,0;0,0;0;0,0;0,0;36852,4
9480958;1401104 000094/2025;137;2025-12-18;AGRO COMERCIAL GES LTDA;22.011.004/0001-08;4;DESPESAS DE CAPITAL;4;INVESTIMENTOS;52;EQUIPAMENTOS E MATERIAL PERMANENTE;90;APLICACOES DIRETAS;10;FERRAMENTAS, EQUIP. E INSTRUMENTOS P/ OFICINA, MEDICAO E INSPECAO;98;TRANSFERENCIAS ESPECIAIS DE RECURSOS DA UNIAO;0,0;0,0;27352,0;0,0;0,0;0,0;0;0,0;0,0;0,0
9480958;1401104 000095/2025;142;2025-12-22;RESGATECNICA COMERCIO DE EQUIPAMENTOS DE RESGATE LTDA;15.453.449/0001-82;4;DESPESAS DE CAPITAL;4;INVESTIMENTOS;52;EQUIPAMENTOS E MATERIAL PERMANENTE;90;APLICACOES DIRETAS;26;EQUIPAMENTOS DE PROTECAO, SEGURANCA E SOCORRO;98;TRANSFERENCIAS ESPECIAIS DE RECURSOS DA UNIAO;0,0;0,0;78000,0;0,0;0,0;0,0;0;0,0;0,0;0,0
9480958;1401104 000095/2025;144;2025-12-22;ITURRI COIMPAR INDUSTRIA E COMERCIO DE EPI S LTDA;61.451.654/0009-83;4;DESPESAS DE CAPITAL;4;INVESTIMENTOS;52;EQUIPAMENTOS E MATERIAL PERMANENTE;90;APLICACOES DIRETAS;26;EQUIPAMENTOS DE PROTECAO, SEGURANCA E SOCORRO;98;TRANSFERENCIAS ESPECIAIS DE RECURSOS DA UNIAO;147432,0;0,0;147432,0;147432,0;0,0;0,0;0;0,0;0,0;145662,82
9480958;1401104 000095/2025;147;2025-12-22;ITURRI COIMPAR INDUSTRIA E COMERCIO DE EPI S LTDA;61.451.654/0009-83;4;DESPESAS DE CAPITAL;4;INVESTIMENTOS;52;EQUIPAMENTOS E MATERIAL PERMANENTE;90;APLICACOES DIRETAS;3;ARMAMENTO E EQUIPAMENTO DE USO POLICIAL;98;TRANSFERENCIAS ESPECIAIS DE RECURSOS DA UNIAO;46013,0;0,0;46013,0;46013,0;0,0;0,0;0;0,0;0,0;45460,84
9480987;1511189 000329/2025;190;2025-12-17;CANON DO BRASIL INDUSTRIA E COMERCIO LTDA.;46.266.771/0001-26;4;DESPESAS DE CAPITAL;4;INVESTIMENTOS;52;EQUIPAMENTOS E MATERIAL PERMANENTE;90;APLICACOES DIRETAS;7;EQUIPAMENTOS DE INFORMATICA;98;TRANSFERENCIAS ESPECIAIS DE RECURSOS DA UNIAO;18352,6;0,0;18352,6;18352,6;0,0;0,0;0;0,0;0,0;18132,37
9481025;1511189 000314/2025;83;2025-12-23;GENERAL MOTORS DO BRASIL LTDA;59.275.792/0001-50;4;DESPESAS DE CAPITAL;4;INVESTIMENTOS;52;EQUIPAMENTOS E MATERIAL PERMANENTE;90;APLICACOES DIRETAS;17;VEICULOS;98;TRANSFERENCIAS ESPECIAIS DE RECURSOS DA UNIAO;353000,0;0,0;353000,0;353000,0;0,0;0,0;0;0,0;0,0;348764,0
9481074;1250072 000047/2025;216;2025-12-19;EMPORIUM COMERCIO DE VEICULOS E EQUIPAMENTOS E SERVICOS LTDA;05.163.253/0001-08;4;DESPESAS DE CAPITAL;4;INVESTIMENTOS;52;EQUIPAMENTOS E MATERIAL PERMANENTE;90;APLICACOES DIRETAS;17;VEICULOS;98;TRANSFERENCIAS ESPECIAIS DE RECURSOS DA UNIAO;549000,0;0,0;549000,0;549000,0;0,0;0,0;0;0,0;0,0;0,0
9481074;1250072 000048/2025;214;2025-12-19;HPE AUTOMOTORES DO BRASIL LTDA;54.305.743/0011-70;4;DESPESAS DE CAPITAL;4;INVESTIMENTOS;52;EQUIPAMENTOS E MATERIAL PERMANENTE;90;APLICACOES DIRETAS;17;VEICULOS;98;TRANSFERENCIAS ESPECIAIS DE RECURSOS DA UNIAO;544000,0;0,0;544000,0;544000,0;0,0;0,0;0;0,0;0,0;0,0
9481074;1250072 000049/2025;213;2025-12-19;STELLANTIS AUTOMOVEIS BRASIL LTDA.;16.701.716/0001-56;4;DESPESAS DE CAPITAL;4;INVESTIMENTOS;52;EQUIPAMENTOS E MATERIAL PERMANENTE;90;APLICACOES DIRETAS;17;VEICULOS;98;TRANSFERENCIAS ESPECIAIS DE RECURSOS DA UNIAO;121084,0;0,0;121084,0;121084,0;0,0;0,0;0;0,0;0,0;119630,99
9481081;1511189 000295/2025;24;2025-12-15;TECHBIZ FORENSE DIGITAL LTDA;05.757.597/0002-18;4;DESPESAS DE CAPITAL;4;INVESTIMENTOS;40;SERVICOS DE TECNOLOGIA DA INFORMACAO E COMUNICACAO -  PESSOA JURIDICA;90;APLICACOES DIRETAS;6;AQUISIÇÃO DE SOFTWARE;98;TRANSFERENCIAS ESPECIAIS DE RECURSOS DA UNIAO;396000,0;0,0;396000,0;396000,0;0,0;0,0;0;0,0;0,0;367092,0
9481106;1250084 000142/2025;365;2025-12-30;ISRAEL WEAPON INDUSTRIES (I.W.I) LTD;99.999.990/1104-40;4;DESPESAS DE CAPITAL;4;INVESTIMENTOS;52;EQUIPAMENTOS E MATERIAL PERMANENTE;90;APLICACOES DIRETAS;3;ARMAMENTO E EQUIPAMENTO DE USO POLICIAL;98;TRANSFERENCIAS ESPECIAIS DE RECURSOS DA UNIAO;157920,0;0,0;157920,0;157920,0;0,0;0,0;0;0,0;0,0;147147,6
9481155;1401152 000036/2025;87;2025-12-18;LIDER NOTEBOOKS COMERCIO E SERVICOS LTDA;12.477.490/0002-81;4;DESPESAS DE CAPITAL;4;INVESTIMENTOS;52;EQUIPAMENTOS E MATERIAL PERMANENTE;90;APLICACOES DIRETAS;7;EQUIPAMENTOS DE INFORMATICA;98;TRANSFERENCIAS ESPECIAIS DE RECURSOS DA UNIAO;137795,0;0,0;137795,0;137795,0;0,0;0,0;0;0,0;0,0;136141,46
9481155;1401152 000038/2025;100;2025-12-30;LIDER NOTEBOOKS COMERCIO E SERVICOS LTDA;12.477.490/0002-81;4;DESPESAS DE CAPITAL;4;INVESTIMENTOS;52;EQUIPAMENTOS E MATERIAL PERMANENTE;90;APLICACOES DIRETAS;7;EQUIPAMENTOS DE INFORMATICA;98;TRANSFERENCIAS ESPECIAIS DE RECURSOS DA UNIAO;263779,0;0,0;263779,0;263779,0;0,0;0,0;0;0,0;0,0;260613,66
9481157;1259975 000056/2025;3351;2025-12-30;VIAOFFICE MOVEIS CORPORATIVOS LTDA;51.574.076/0001-61;4;DESPESAS DE CAPITAL;4;INVESTIMENTOS;52;EQUIPAMENTOS E MATERIAL PERMANENTE;90;APLICACOES DIRETAS;14;MOBILIARIO;98;TRANSFERENCIAS ESPECIAIS DE RECURSOS DA UNIAO;42000,0;0,0;42000,0;42000,0;0,0;0,0;0;0,0;0,0;42000,0
9481203;1255302 000665/2025;2043;2025-12-23;SABINO EMPREENDIMENTOS LTDA;52.042.924/0001-54;4;DESPESAS DE CAPITAL;4;INVESTIMENTOS;52;EQUIPAMENTOS E MATERIAL PERMANENTE;90;APLICACOES DIRETAS;8;EQUIPAMENTOS DE SOM, VIDEO, FOTOGRAFICO E CINEMATOGRAFICO;98;TRANSFERENCIAS ESPECIAIS DE RECURSOS DA UNIAO;250,56;0,0;250,56;250,56;0,0;0,0;0;0,0;0,0;250,56
9481212;1451044 000442/2025;1040;2025-12-29;GLOCK AMERICA S.A.;99.999.990/1090-00;4;DESPESAS DE CAPITAL;4;INVESTIMENTOS;52;EQUIPAMENTOS E MATERIAL PERMANENTE;90;APLICACOES DIRETAS;3;ARMAMENTO E EQUIPAMENTO DE USO POLICIAL;98;TRANSFERENCIAS ESPECIAIS DE RECURSOS DA UNIAO;493635,45;0,0;493635,45;493635,45;0,0;0,0;0;0,0;0,0;0,0
9481254;1401104 000103/2025;159;2025-12-23;STELLANTIS AUTOMOVEIS BRASIL LTDA.;16.701.716/0036-86;4;DESPESAS DE CAPITAL;4;INVESTIMENTOS;52;EQUIPAMENTOS E MATERIAL PERMANENTE;90;APLICACOES DIRETAS;17;VEICULOS;98;TRANSFERENCIAS ESPECIAIS DE RECURSOS DA UNIAO;115240,0;0,0;115240,0;115240,0;0,0;0,0;0;0,0;0,0;115240,0
9481254;1401104 000103/2025;162;2025-12-23;MANUPA COMERCIO EXPORTACAO IMPORTACAO DE EQUIPAMENTOS E VEICULOS ADAPT;03.093.776/0011-63;4;DESPESAS DE CAPITAL;4;INVESTIMENTOS;52;EQUIPAMENTOS E MATERIAL PERMANENTE;90;APLICACOES DIRETAS;17;VEICULOS;98;TRANSFERENCIAS ESPECIAIS DE RECURSOS DA UNIAO;0,0;0,0;279949,0;0,0;0,0;0,0;0;0,0;0,0;0,0
9481255;1401104 000103/2025;165;2025-12-26;MINASMAQUINAS S/A;17.161.241/0001-15;4;DESPESAS DE CAPITAL;4;INVESTIMENTOS;52;EQUIPAMENTOS E MATERIAL PERMANENTE;90;APLICACOES DIRETAS;17;VEICULOS;98;TRANSFERENCIAS ESPECIAIS DE RECURSOS DA UNIAO;405500,0;0,0;405500,0;405500,0;0,0;0,0;0;0,0;0,0;399970,45
9481256;1401104 000094/2025;136;2025-12-18;AGRO COMERCIAL GES LTDA;22.011.004/0001-08;4;DESPESAS DE CAPITAL;4;INVESTIMENTOS;52;EQUIPAMENTOS E MATERIAL PERMANENTE;90;APLICACOES DIRETAS;10;FERRAMENTAS, EQUIP. E INSTRUMENTOS P/ OFICINA, MEDICAO E INSPECAO;98;TRANSFERENCIAS ESPECIAIS DE RECURSOS DA UNIAO;0,0;0,0;13676,0;0,0;0,0;0,0;0;0,0;0,0;0,0
9481256;1401104 000095/2025;141;2025-12-22;RESGATECNICA COMERCIO DE EQUIPAMENTOS DE RESGATE LTDA;15.453.449/0001-82;4;DESPESAS DE CAPITAL;4;INVESTIMENTOS;52;EQUIPAMENTOS E MATERIAL PERMANENTE;90;APLICACOES DIRETAS;26;EQUIPAMENTOS DE PROTECAO, SEGURANCA E SOCORRO;98;TRANSFERENCIAS ESPECIAIS DE RECURSOS DA UNIAO;0,0;0,0;78000,0;0,0;0,0;0,0;0;0,0;0,0;0,0
9481256;1401104 000100/2025;132;2025-12-16;RESGATECNICA COMERCIO DE EQUIPAMENTOS DE RESGATE LTDA;15.453.449/0001-82;4;DESPESAS DE CAPITAL;4;INVESTIMENTOS;52;EQUIPAMENTOS E MATERIAL PERMANENTE;90;APLICACOES DIRETAS;26;EQUIPAMENTOS DE PROTECAO, SEGURANCA E SOCORRO;98;TRANSFERENCIAS ESPECIAIS DE RECURSOS DA UNIAO;98798,0;0,0;98798,0;98798,0;0,0;0,0;0;0,0;0,0;97612,42
9481296;0000000 000000/0000;1981;2025-11-27;CX. ESC DEPUTADO OLAVO COSTA;19.027.242/0001-05;4;DESPESAS DE CAPITAL;4;INVESTIMENTOS;42;AUXILIOS;50;TRANSFERENCIAS A INSTITUICOES PRIVADAS SEM FINS LUCRATIVOS;1;AUXILIOS;98;TRANSFERENCIAS ESPECIAIS DE RECURSOS DA UNIAO;0,0;763376,13;0,0;0,0;0,0;0,0;0;0,0;763376,13;0,0
9481452;1401104 000102/2025;143;2025-12-22;K R MARCONDES DISTRIBUIDORA;44.728.295/0001-92;4;DESPESAS DE CAPITAL;4;INVESTIMENTOS;52;EQUIPAMENTOS E MATERIAL PERMANENTE;90;APLICACOES DIRETAS;14;MOBILIARIO;98;TRANSFERENCIAS ESPECIAIS DE RECURSOS DA UNIAO;182269,0;0,0;182269,0;182269,0;0,0;0,0;0;0,0;0,0;182269,0
9481452;1401104 000102/2025;148;2025-12-22;MULTISTAMP COMERCIO DE MOVEIS E SERVICOS LTDA;52.306.841/0001-25;4;DESPESAS DE CAPITAL;4;INVESTIMENTOS;52;EQUIPAMENTOS E MATERIAL PERMANENTE;90;APLICACOES DIRETAS;14;MOBILIARIO;98;TRANSFERENCIAS ESPECIAIS DE RECURSOS DA UNIAO;1173334,0;0,0;1173334,0;1173334,0;0,0;0,0;0;0,0;0,0;1173334,0
9490736;1451044 000442/2025;1049;2025-12-30;GLOCK AMERICA S.A.;99.999.990/1090-00;4;DESPESAS DE CAPITAL;4;INVESTIMENTOS;52;EQUIPAMENTOS E MATERIAL PERMANENTE;90;APLICACOES DIRETAS;3;ARMAMENTO E EQUIPAMENTO DE USO POLICIAL;98;TRANSFERENCIAS ESPECIAIS DE RECURSOS DA UNIAO;196599,4;0,0;196599,4;196599,4;0,0;0,0;0;0,0;0,0;0,0
